Nc,scenario,rep,method,theta_hat,ci_low,ci_high,theta_true
50,sc1,0,PSPower,0.14073824176953212,-0.06076035655429915,0.3422368400933634,0.0
50,sc1,0,IW,0.13889265345936003,-0.11954278750501546,0.3973280944237355,0.0
50,sc1,0,Commensurate,0.12457140979200923,-0.07378090678192863,0.32094547279712915,0.0
50,sc1,0,NPE,0.3065952658653259,-0.2559519964424607,0.8540219992328608,0.0
50,sc1,1,PSPower,-0.21503951084762324,-0.4351787641298459,0.005099742434599458,0.0
50,sc1,1,IW,-0.11249286852079955,-0.41816119048384076,0.19317545344224168,0.0
50,sc1,1,Commensurate,-0.18793259335619547,-0.3999264889789471,0.01749136015214634,0.0
50,sc1,1,NPE,0.34887200593948364,-0.21788162875496533,0.9121932750670072,0.0
50,sc1,2,PSPower,-0.03705523062757611,-0.27629389366233464,0.20218343240718245,0.0
50,sc1,2,IW,0.025833469251654025,-0.2829819724313851,0.3346489109346932,0.0
50,sc1,2,Commensurate,-0.0021010331877577984,-0.21445630040541414,0.2129992691429578,0.0
50,sc1,2,NPE,0.5482417345046997,-0.07210932260875286,1.160402804972901,0.0
50,sc1,3,PSPower,0.13013133121288686,-0.06463600536097905,0.3248986677867528,0.0
50,sc1,3,IW,0.16874962509337302,-0.0924075211502012,0.4299067713369472,0.0
50,sc1,3,Commensurate,0.1214634559447037,-0.08983155672536193,0.32898045793732605,0.0
50,sc1,3,NPE,0.17559626698493958,-0.33629018310125414,0.6897112074665169,0.0
50,sc1,4,PSPower,0.21879326451690936,-0.005226178853171087,0.4428127078869898,0.0
50,sc1,4,IW,0.16015249951095129,-0.13419281736159233,0.4544978163834949,0.0
50,sc1,4,Commensurate,0.23316234716584774,0.019178937002228835,0.4461111448552028,0.0
50,sc1,4,NPE,0.22922702133655548,-0.23828487149596575,0.7211937520639534,0.0
50,sc1,5,PSPower,0.056278641350414015,-0.16705345377837322,0.27961073647920126,0.0
50,sc1,5,IW,0.1195241347467179,-0.1778473262894964,0.4168955957829322,0.0
50,sc1,5,Commensurate,0.07128016204353609,-0.1474321448231795,0.30006821573762976,0.0
50,sc1,5,NPE,0.5007944703102112,0.029207159174145614,0.9933393952645205,0.0
50,sc1,6,PSPower,0.03391603905847606,-0.12673127146161753,0.19456334957856966,0.0
50,sc1,6,IW,-0.03059298187870904,-0.2541120046652344,0.19292604090781637,0.0
50,sc1,6,Commensurate,0.02504657701635214,-0.16443265373017188,0.21148442174786847,0.0
50,sc1,6,NPE,0.21470776200294495,-0.2924234438800839,0.7310674860640011,0.0
50,sc1,7,PSPower,0.12530639841465227,-0.12884329304712247,0.379456089876427,0.0
50,sc1,7,IW,0.13863093395970708,-0.20856893645797533,0.48583080437738946,0.0
50,sc1,7,Commensurate,0.08639504619011446,-0.1447768903073872,0.29837704608503984,0.0
50,sc1,7,NPE,0.5671428442001343,-0.019635847614144004,1.1240492181644821,0.0
50,sc1,8,PSPower,0.07976625385632302,-0.16714839534043066,0.32668090305307673,0.0
50,sc1,8,IW,0.02958618555501234,-0.28541669475541254,0.34458906586543725,0.0
50,sc1,8,Commensurate,0.08256300174183516,-0.13017313268030137,0.2927594570374192,0.0
50,sc1,8,NPE,0.2709154784679413,-0.3111759834083577,0.8444749472504529,0.0
50,sc1,9,PSPower,0.08256922547344894,-0.13511686985711366,0.3002553208040115,0.0
50,sc1,9,IW,0.05355111650546459,-0.25434638458740405,0.3614486175983332,0.0
50,sc1,9,Commensurate,0.05636398581700762,-0.15883107820576187,0.2617003175136487,0.0
50,sc1,9,NPE,0.414584219455719,-0.1147933397217829,0.9416062520122247,0.0
50,sc1,10,PSPower,-0.1294197424071024,-0.3837487816960637,0.12490929688185887,0.0
50,sc1,10,IW,-0.15443881796610323,-0.462460788558682,0.15358315262647557,0.0
50,sc1,10,Commensurate,-0.08896145325120795,-0.3044924539466483,0.1321037235950256,0.0
50,sc1,10,NPE,0.04711245000362396,-0.5265494228577623,0.6057446057895675,0.0
50,sc1,11,PSPower,0.12213411925144604,-0.06290405625256781,0.30717229475545993,0.0
50,sc1,11,IW,0.07697159780121343,-0.17059102908019935,0.3245342246826262,0.0
50,sc1,11,Commensurate,0.11876141322362946,-0.06981171516282039,0.31260853300146874,0.0
50,sc1,11,NPE,0.16323891282081604,-0.41097224696025814,0.7243070394870464,0.0
50,sc1,12,PSPower,0.14538881278863522,-0.06411753291677347,0.3548951584940439,0.0
50,sc1,12,IW,0.14208735768011582,-0.13839378869307672,0.42256850405330837,0.0
50,sc1,12,Commensurate,0.12436648114679347,-0.08422968327152022,0.3292225887605952,0.0
50,sc1,12,NPE,0.5235891938209534,0.0346689400803327,1.0069398183013958,0.0
50,sc1,13,PSPower,0.06842511221519429,-0.14429066987224953,0.2811408943026381,0.0
50,sc1,13,IW,0.11115055108462185,-0.17328803222796257,0.3955891343972063,0.0
50,sc1,13,Commensurate,0.0400504713244343,-0.15239953037355222,0.23911019821683024,0.0
50,sc1,13,NPE,0.39580750465393066,-0.25703418751696394,1.0476243270593424,0.0
50,sc1,14,PSPower,0.032417407549062485,-0.19311395449655722,0.25794876959468216,0.0
50,sc1,14,IW,0.017021900886020687,-0.2928356649577888,0.32687946672983015,0.0
50,sc1,14,Commensurate,0.030718516512923302,-0.18485887724643324,0.24737252205735646,0.0
50,sc1,14,NPE,0.17913149297237396,-0.35047482963056203,0.6867610886716184,0.0
50,sc1,15,PSPower,0.09327394700766886,-0.1176617912117506,0.30420968522708836,0.0
50,sc1,15,IW,0.08158820950890107,-0.17851419605311325,0.34169061507091536,0.0
50,sc1,15,Commensurate,0.1159364679453658,-0.0701864879551624,0.29812437492442834,0.0
50,sc1,15,NPE,-0.01498652994632721,-0.5873308150458832,0.5545545829426712,0.0
50,sc1,16,PSPower,-0.004248401232225266,-0.17149244697354732,0.16299564450909682,0.0
50,sc1,16,IW,-0.1592361639104084,-0.39023563991313115,0.07176331209231432,0.0
50,sc1,16,Commensurate,-0.025231556208463072,-0.1995903115210869,0.15352640148300062,0.0
50,sc1,16,NPE,0.013392940163612366,-0.6038009944524002,0.6081016368465366,0.0
50,sc1,17,PSPower,0.22746851322445208,0.05919435344332907,0.3957426730055751,0.0
50,sc1,17,IW,0.278302592117049,0.05500197351548483,0.5016032107186131,0.0
50,sc1,17,Commensurate,0.21757429807237358,0.032345189485662194,0.40396091856572475,0.0
50,sc1,17,NPE,0.7727888226509094,0.2628528427035048,1.272441298381867,0.0
50,sc1,18,PSPower,0.12311206750502389,-0.0754066411136695,0.32163077612371727,0.0
50,sc1,18,IW,0.16646266401055465,-0.106457261376803,0.4393825893979123,0.0
50,sc1,18,Commensurate,0.11084992150656198,-0.09884917143031682,0.3136343386050225,0.0
50,sc1,18,NPE,0.460696280002594,-0.12841308126897608,1.0573522264330062,0.0
50,sc1,19,PSPower,-0.14103746349514426,-0.3411426926513465,0.05906776566105798,0.0
50,sc1,19,IW,-0.14453901940483196,-0.42475105433820004,0.13567301552853608,0.0
50,sc1,19,Commensurate,-0.16678126741476262,-0.3674684149760504,0.038676285485753914,0.0
50,sc1,19,NPE,0.536719799041748,-0.09728496178119664,1.173536292980645,0.0
50,sc1,20,PSPower,-0.14693916984970812,-0.36083579982581027,0.06695746012639406,0.0
50,sc1,20,IW,-0.1589211255015695,-0.44217660340906817,0.12433435240592916,0.0
50,sc1,20,Commensurate,-0.17345240511981702,-0.3807934088136956,0.019708474385482868,0.0
50,sc1,20,NPE,0.02906911075115204,-0.5245112461566502,0.5981803744460114,0.0
50,sc1,21,PSPower,0.09351058194035805,-0.12015500186129899,0.3071761657420151,0.0
50,sc1,21,IW,0.12150890202023087,-0.15903572205897845,0.40205352609944023,0.0
50,sc1,21,Commensurate,0.073009495404753,-0.13972380220177522,0.2733392899457641,0.0
50,sc1,21,NPE,0.4360421299934387,-0.08973032404869334,0.95906028325294,0.0
50,sc1,22,PSPower,-0.018324758407602164,-0.2206922547968918,0.18404273798168747,0.0
50,sc1,22,IW,-0.08182226133912003,-0.3476279181528955,0.18398339547465548,0.0
50,sc1,22,Commensurate,-0.06272645382023566,-0.27355381804725565,0.14422849935150175,0.0
50,sc1,22,NPE,-0.0009695738554000854,-0.5318498792717966,0.5393388508822066,0.0
50,sc1,23,PSPower,0.021006343825642215,-0.16861758676906885,0.21063027442035326,0.0
50,sc1,23,IW,0.107257822500922,-0.14034850831454274,0.35486415331638677,0.0
50,sc1,23,Commensurate,0.045411533933350075,-0.13684184773938973,0.2249901113221461,0.0
50,sc1,23,NPE,0.5785210132598877,-0.02517925665391906,1.1952578437951422,0.0
50,sc1,24,PSPower,0.04149229351660451,-0.14341964776331195,0.226404234796521,0.0
50,sc1,24,IW,-0.02703667356392795,-0.26721988381892664,0.21314653669107075,0.0
50,sc1,24,Commensurate,0.028525345226101635,-0.1822946352563989,0.24599943974483685,0.0
50,sc1,24,NPE,0.6271525025367737,-0.021031580226884367,1.2806030166860904,0.0
50,sc1,25,PSPower,-0.005447791110833051,-0.23903118683988167,0.22813560461821558,0.0
50,sc1,25,IW,-0.0675924008383635,-0.3567688500059832,0.2215840483292562,0.0
50,sc1,25,Commensurate,-0.015376117682187948,-0.22634571958503216,0.19679437468503316,0.0
50,sc1,25,NPE,0.2229575216770172,-0.39967496260872915,0.8261805297807417,0.0
50,sc1,26,PSPower,-0.008265687090935413,-0.2154983781432385,0.19896700396136766,0.0
50,sc1,26,IW,-0.10116478280830982,-0.3810152214909827,0.17868565587436308,0.0
50,sc1,26,Commensurate,-0.011672274780276302,-0.21619551793859373,0.18979496414397967,0.0
50,sc1,26,NPE,-0.001480787992477417,-0.5463130681937413,0.5535225911127325,0.0
50,sc1,27,PSPower,0.007984518852628244,-0.22925704041921188,0.24522607812446837,0.0
50,sc1,27,IW,-0.014133295369761692,-0.33240622038811524,0.3041396296485918,0.0
50,sc1,27,Commensurate,0.014848913787300888,-0.20742493738710774,0.24260565338766493,0.0
50,sc1,27,NPE,0.44229090213775635,-0.10042158771369272,0.981076684206199,0.0
50,sc1,28,PSPower,-0.009031363425953964,-0.25241184581946696,0.23434911896755903,0.0
50,sc1,28,IW,0.061277164442559824,-0.2776699918132236,0.40022432069834324,0.0
50,sc1,28,Commensurate,0.017599889206860533,-0.2228814917419759,0.24639286273056768,0.0
50,sc1,28,NPE,0.3286387324333191,-0.3011170458833704,0.9591843047051347,0.0
50,sc1,29,PSPower,-0.07871954204861704,-0.28360281117340486,0.12616372707617074,0.0
50,sc1,29,IW,-0.04603194661259941,-0.3390024417789961,0.24693854855379727,0.0
50,sc1,29,Commensurate,-0.06808022952158467,-0.2571934044875408,0.12125663235926586,0.0
50,sc1,29,NPE,0.17542938888072968,-0.37958617962298236,0.729879457113652,0.0
50,sc1,30,PSPower,-0.008068635326008905,-0.17504870982347842,0.1589114391714606,0.0
50,sc1,30,IW,0.06098203233255487,-0.17256783372615792,0.29453189839126764,0.0
50,sc1,30,Commensurate,0.008536322276720675,-0.17599980745459043,0.19589442325003206,0.0
50,sc1,30,NPE,0.37308913469314575,-0.2291736425809055,0.9900789568054853,0.0
50,sc1,31,PSPower,0.1462952227210954,-0.007815796292564403,0.3004062417347552,0.0
50,sc1,31,IW,0.2148230864933593,0.016968349183787812,0.4126778238029308,0.0
50,sc1,31,Commensurate,0.18040780440001394,0.015523126703947487,0.34789965394168404,0.0
50,sc1,31,NPE,0.31317147612571716,-0.18928365106942296,0.8275832489478856,0.0
50,sc1,32,PSPower,-0.14923203319868483,-0.3603045167218586,0.0618404503244889,0.0
50,sc1,32,IW,-0.08700880984352799,-0.36323555790834045,0.18921793822128447,0.0
50,sc1,32,Commensurate,-0.16809967708050522,-0.360679086356245,0.0305689897505983,0.0
50,sc1,32,NPE,0.04589983820915222,-0.5681469967865477,0.6552540592211703,0.0
50,sc1,33,PSPower,-0.050488814549625234,-0.25525185188123173,0.15427422278198127,0.0
50,sc1,33,IW,0.01849768422047764,-0.24892200011738586,0.28591736855834116,0.0
50,sc1,33,Commensurate,-0.05065110380629863,-0.24523192047221432,0.13949189093141753,0.0
50,sc1,33,NPE,0.5000737905502319,-0.12449655760244903,1.130575847775756,0.0
50,sc1,34,PSPower,-0.150343067245131,-0.35579528003012395,0.05510914553986196,0.0
50,sc1,34,IW,-0.06875353997765149,-0.34493718621844544,0.20743010626314246,0.0
50,sc1,34,Commensurate,-0.13839887754560246,-0.3557259642528961,0.07992816721568602,0.0
50,sc1,34,NPE,0.3838404417037964,-0.26992559104950586,1.0392140321402905,0.0
50,sc1,35,PSPower,0.1008955135177812,-0.09334053535680553,0.29513156239236793,0.0
50,sc1,35,IW,0.2231869253845314,-0.04673540176290203,0.4931092525319648,0.0
50,sc1,35,Commensurate,0.11452806397932384,-0.09307633947923274,0.3194071657909862,0.0
50,sc1,35,NPE,0.7144505381584167,0.07249778435941089,1.349414203321641,0.0
50,sc1,36,PSPower,0.025856812091138045,-0.21113341806030803,0.2628470422425841,0.0
50,sc1,36,IW,0.11292312539841724,-0.19262546891741134,0.41847171971424585,0.0
50,sc1,36,Commensurate,0.012290970250892798,-0.2094289293836976,0.22845853832106758,0.0
50,sc1,36,NPE,0.26975324749946594,-0.2811722698703698,0.8210792694551632,0.0
50,sc1,37,PSPower,0.006066843447711462,-0.17734478740274118,0.1894784742981641,0.0
50,sc1,37,IW,0.03345841184601123,-0.22400658874678853,0.290923412438811,0.0
50,sc1,37,Commensurate,-0.0036357870342001854,-0.19128314226798093,0.18166770127328732,0.0
50,sc1,37,NPE,0.23813632130622864,-0.26658635234412803,0.7465909632690143,0.0
50,sc1,38,PSPower,0.10398840610578036,-0.09774399230224529,0.305720804513806,0.0
50,sc1,38,IW,0.06712689324871467,-0.19689669770324186,0.3311504842006712,0.0
50,sc1,38,Commensurate,0.11531565798665286,-0.08866028274733796,0.3089596968049807,0.0
50,sc1,38,NPE,0.5162978768348694,-0.017662366225857033,1.0382769011454414,0.0
50,sc1,39,PSPower,0.14348862082725233,-0.0639817135599346,0.35095895521443926,0.0
50,sc1,39,IW,0.0966953182905106,-0.18579688544009998,0.37918752202112116,0.0
50,sc1,39,Commensurate,0.14235161082647504,-0.06115621911855002,0.33611746742872495,0.0
50,sc1,39,NPE,0.27769893407821655,-0.29684710396528585,0.8516009837125464,0.0
50,sc1,40,PSPower,-0.1076838389427213,-0.2911130785572642,0.07574540067182162,0.0
50,sc1,40,IW,-0.10471766929371049,-0.3479104694400583,0.13847513085263732,0.0
50,sc1,40,Commensurate,-0.10657129898858937,-0.2940436181314607,0.07994758774048924,0.0
50,sc1,40,NPE,0.04964976757764816,-0.37747807416221535,0.4749734659519233,0.0
50,sc1,41,PSPower,0.3903463368674976,0.16737890450465837,0.6133137692303368,0.0
50,sc1,41,IW,0.3661076553358371,0.044361625374713776,0.6878536852969604,0.0
50,sc1,41,Commensurate,0.379782997007357,0.14536606393127416,0.6121179739192655,0.0
50,sc1,41,NPE,0.6010622382164001,-0.039027166785499216,1.217223985950524,0.0
50,sc1,42,PSPower,-0.08278126703322079,-0.3029605133879555,0.13739797932151387,0.0
50,sc1,42,IW,-0.043555389448196036,-0.3293427913353835,0.24223201243899145,0.0
50,sc1,42,Commensurate,-0.09036200032822048,-0.2901155718998236,0.10662452747664355,0.0
50,sc1,42,NPE,0.25716400146484375,-0.3150793476910188,0.8398136116143363,0.0
50,sc1,43,PSPower,-0.02338952054691744,-0.23616893975007475,0.18938989865623984,0.0
50,sc1,43,IW,0.03748281736593898,-0.25680478650911415,0.33177042124099215,0.0
50,sc1,43,Commensurate,-0.033935232236507316,-0.2565475120010583,0.17639237172244474,0.0
50,sc1,43,NPE,0.030997365713119507,-0.5501492793321663,0.6164488185768078,0.0
50,sc1,44,PSPower,-0.1889152719742983,-0.36499623347674603,-0.012834310471850602,0.0
50,sc1,44,IW,-0.20551967929714704,-0.4496387532593903,0.03859939466509618,0.0
50,sc1,44,Commensurate,-0.1677071793115254,-0.3645737909610532,0.04127405800002287,0.0
50,sc1,44,NPE,0.11678949743509293,-0.49713348618428266,0.7693311423695272,0.0
50,sc1,45,PSPower,0.19416404784801325,-0.003980852894153342,0.39230894859017984,0.0
50,sc1,45,IW,0.26884530562388803,-0.0053550135274019195,0.543045624775178,0.0
50,sc1,45,Commensurate,0.19795593103641604,-0.0036375781090818905,0.4140870972636322,0.0
50,sc1,45,NPE,0.2739156186580658,-0.2786402831561347,0.8433097486417839,0.0
50,sc1,46,PSPower,0.0038740214394957138,-0.21603152274340384,0.2237795656223953,0.0
50,sc1,46,IW,0.03607926247082789,-0.2504931066978532,0.32265163163950894,0.0
50,sc1,46,Commensurate,-0.013267823553952514,-0.1998214097667193,0.1721324339438624,0.0
50,sc1,46,NPE,0.3685985505580902,-0.3521522966188725,1.0440813052481923,0.0
50,sc1,47,PSPower,-0.19050560314490436,-0.35921436004597185,-0.021796846243836848,0.0
50,sc1,47,IW,-0.12492688125334735,-0.35294937487112216,0.10309561236442748,0.0
50,sc1,47,Commensurate,-0.19315021783276465,-0.37820575347481256,-0.00611246411829524,0.0
50,sc1,47,NPE,-0.04341469705104828,-0.5451957920052565,0.4664113035629739,0.0
50,sc1,48,PSPower,-0.05031617626699442,-0.23299008784201788,0.13235773530802905,0.0
50,sc1,48,IW,0.11023826055871341,-0.1366411016965486,0.3571176228139754,0.0
50,sc1,48,Commensurate,-0.008036387967563936,-0.20887797844382486,0.19599764110780382,0.0
50,sc1,48,NPE,0.39886248111724854,-0.22132380983736705,1.0083775991394905,0.0
50,sc1,49,PSPower,-0.22661030902769905,-0.4151090041382245,-0.038111613917173576,0.0
50,sc1,49,IW,-0.0486671073365296,-0.29551138498722934,0.19817717031417015,0.0
50,sc1,49,Commensurate,-0.1761115146712616,-0.38723312075085325,0.0370537234926677,0.0
50,sc1,49,NPE,0.6840274930000305,0.04634713224807455,1.328092382959889,0.0
50,sc2,0,PSPower,0.2924339979277977,-0.059368264297902984,0.6442362601534983,0.0
50,sc2,0,IW,0.22873751593164332,-0.14399135271340624,0.6014663845766929,0.0
50,sc2,0,Commensurate,0.18213310748171113,-0.11254139538410261,0.4779424784662232,0.0
50,sc2,0,NPE,0.3159993290901184,-0.2604854360400233,0.8521466371942991,0.0
50,sc2,1,PSPower,-0.18457149830470027,-0.5437786285108686,0.17463563190146808,0.0
50,sc2,1,IW,-0.2795236883544214,-0.6985873176470745,0.1395399409382318,0.0
50,sc2,1,Commensurate,-0.191516438668788,-0.5002740229318721,0.1324180897606599,0.0
50,sc2,1,NPE,0.029078304767608643,-0.5785114464769413,0.6275914074745848,0.0
50,sc2,2,PSPower,-0.04817637293884246,-0.34999093712282725,0.2536381912451423,0.0
50,sc2,2,IW,0.009545093263681366,-0.32255336073738755,0.34164354726475027,0.0
50,sc2,2,Commensurate,-0.014613247517235212,-0.2904442349321504,0.26153198515458465,0.0
50,sc2,2,NPE,0.47737234830856323,-0.07930337011720041,1.03943983462541,0.0
50,sc2,3,PSPower,0.06259399434608999,-0.19612953881774992,0.32131752750992987,0.0
50,sc2,3,IW,0.10441507237758567,-0.19818320685915902,0.4070133516143304,0.0
50,sc2,3,Commensurate,0.10246479430658781,-0.15144979029558603,0.3654131451597014,0.0
50,sc2,3,NPE,0.5038410425186157,-0.0807734262957568,1.0920701056718418,0.0
50,sc2,4,PSPower,-0.04654054068115056,-0.40659203751972145,0.31351095615742036,0.0
50,sc2,4,IW,-0.11031206044992596,-0.5173220351493616,0.2966979142495097,0.0
50,sc2,4,Commensurate,-0.11299783814585916,-0.4365448718723682,0.22010444778970917,0.0
50,sc2,4,NPE,0.545000433921814,-0.1434642226952889,1.2142948824037956,0.0
50,sc2,5,PSPower,0.02476312299607372,-0.25011276876653443,0.2996390147586818,0.0
50,sc2,5,IW,0.045897316822935894,-0.25441958184680863,0.34621421549268044,0.0
50,sc2,5,Commensurate,0.06913303476687495,-0.1940899296001096,0.3401517343785054,0.0
50,sc2,5,NPE,0.24914132058620453,-0.2446934007819309,0.7408532069323823,0.0
50,sc2,6,PSPower,0.14330762796640456,-0.1560753122434781,0.4426905681762872,0.0
50,sc2,6,IW,0.20958441027956248,-0.11256490484138337,0.5317337254005083,0.0
50,sc2,6,Commensurate,0.15340400366451998,-0.11593029848021412,0.4248503815842673,0.0
50,sc2,6,NPE,0.2499951720237732,-0.34704433624661213,0.8259029772567199,0.0
50,sc2,7,PSPower,-0.2829403177461025,-0.49811314785604577,-0.06776748763615925,0.0
50,sc2,7,IW,-0.27682943291846085,-0.5106189805164075,-0.0430398853205142,0.0
50,sc2,7,Commensurate,-0.24016686008844837,-0.4752701736694479,0.003571854064031228,0.0
50,sc2,7,NPE,0.0002579987049102783,-0.5250957994410236,0.5473178368117656,0.0
50,sc2,8,PSPower,-0.11070874986698616,-0.4806276749752678,0.2592101752412955,0.0
50,sc2,8,IW,-0.09064297479261692,-0.49988922358565874,0.31860327400042493,0.0
50,sc2,8,Commensurate,-0.10550121118616089,-0.42972605336361497,0.22107149675156146,0.0
50,sc2,8,NPE,0.23630762100219727,-0.3341497009707969,0.8185121259455098,0.0
50,sc2,9,PSPower,0.2558081360570763,-0.10278281859765204,0.6143990907118047,0.0
50,sc2,9,IW,0.2099968327914682,-0.1847142535578426,0.6047079191407789,0.0
50,sc2,9,Commensurate,0.24057852674326716,-0.09155546672422524,0.5646742089921852,0.0
50,sc2,9,NPE,0.2553286850452423,-0.2885454721949752,0.7932829702599624,0.0
50,sc2,10,PSPower,-0.004781436896548311,-0.26226867560157435,0.25270580180847774,0.0
50,sc2,10,IW,-0.05435638595831499,-0.34197626067341963,0.23326348875678965,0.0
50,sc2,10,Commensurate,-0.0001752194717506006,-0.2577150455391546,0.2568799300418171,0.0
50,sc2,10,NPE,0.2160879671573639,-0.3534458929762557,0.7972008950596511,0.0
50,sc2,11,PSPower,-0.18038217009330196,-0.5171463310300832,0.15638199084347928,0.0
50,sc2,11,IW,-0.223148824738422,-0.5990912030722245,0.1527935535953805,0.0
50,sc2,11,Commensurate,-0.23263994695659387,-0.5442145344996204,0.07487466477906146,0.0
50,sc2,11,NPE,0.07063445448875427,-0.553873002295674,0.6884510750778549,0.0
50,sc2,12,PSPower,-0.12635466245808866,-0.352601917030709,0.09989259211453164,0.0
50,sc2,12,IW,-0.12410820261359162,-0.3815360361480561,0.13331963092087284,0.0
50,sc2,12,Commensurate,-0.17803165384408337,-0.4259682915225287,0.07055274265837823,0.0
50,sc2,12,NPE,0.4661540985107422,-0.1556157486220034,1.097457304004632,0.0
50,sc2,13,PSPower,-0.029546444056143602,-0.3074387729645755,0.2483458848522883,0.0
50,sc2,13,IW,-0.009134417352064826,-0.315565960266093,0.29729712556196336,0.0
50,sc2,13,Commensurate,0.01285397545086863,-0.25870021913290864,0.2801230814333206,0.0
50,sc2,13,NPE,0.32094642519950867,-0.2534443109398407,0.9189296772797523,0.0
50,sc2,14,PSPower,0.03112131682699494,-0.25296377872489173,0.3152064123788816,0.0
50,sc2,14,IW,-0.021229400043617935,-0.3295521988193456,0.2870933987321097,0.0
50,sc2,14,Commensurate,0.04772490826635943,-0.24014371710446947,0.32596311027777447,0.0
50,sc2,14,NPE,0.07694396376609802,-0.4697291237419869,0.6211432098821973,0.0
50,sc2,15,PSPower,-0.10621892452419686,-0.3832349765360281,0.17079712748763443,0.0
50,sc2,15,IW,-0.11864561289459187,-0.4246237141636258,0.1873324883744421,0.0
50,sc2,15,Commensurate,-0.19146055879189108,-0.442072697012952,0.06223834297235251,0.0
50,sc2,15,NPE,0.2864602208137512,-0.24364138050307013,0.8301813778162781,0.0
50,sc2,16,PSPower,0.07600875344329913,-0.20671613284975124,0.35873363973634953,0.0
50,sc2,16,IW,0.0708423611669157,-0.2296907268149083,0.37137544914873966,0.0
50,sc2,16,Commensurate,0.023670000674249174,-0.23875619633230916,0.29894780210105987,0.0
50,sc2,16,NPE,0.34163498878479004,-0.1875211779040153,0.8706162933236152,0.0
50,sc2,17,PSPower,0.042559513441120175,-0.20938221640344173,0.2945012432856821,0.0
50,sc2,17,IW,0.0025900384805539575,-0.275726208759554,0.2809062857206619,0.0
50,sc2,17,Commensurate,-0.036028899392903484,-0.2763335811801124,0.21185694298715674,0.0
50,sc2,17,NPE,0.03718198835849762,-0.557465948996069,0.6225102067447832,0.0
50,sc2,18,PSPower,-0.006880562857253619,-0.33854449315301327,0.324783367438506,0.0
50,sc2,18,IW,-0.027329319819019766,-0.3997292746164755,0.345070634978436,0.0
50,sc2,18,Commensurate,0.030625883170598698,-0.2680743043389098,0.3260988781993858,0.0
50,sc2,18,NPE,0.3119529187679291,-0.23975182375743212,0.8460816334412423,0.0
50,sc2,19,PSPower,-0.1876453044402749,-0.46068569050752817,0.08539508162697831,0.0
50,sc2,19,IW,-0.18429721904783675,-0.48594401095452144,0.11734957285884795,0.0
50,sc2,19,Commensurate,-0.1853139856107779,-0.4434548878006372,0.08596068754173487,0.0
50,sc2,19,NPE,0.27527758479118347,-0.23424533231442385,0.796888366177326,0.0
50,sc2,20,PSPower,-0.1805587088817741,-0.47616054233448923,0.11504312457094101,0.0
50,sc2,20,IW,-0.24380912559034051,-0.5717219060076746,0.08410365482699356,0.0
50,sc2,20,Commensurate,-0.22620118736668565,-0.5057072592573599,0.04291736121939707,0.0
50,sc2,20,NPE,-0.2521361708641052,-0.7904953454079621,0.265229053200163,0.0
50,sc2,21,PSPower,-0.12547854025627703,-0.4264693796565561,0.17551229914400207,0.0
50,sc2,21,IW,-0.09342159807132622,-0.4200982829871717,0.2332550868445193,0.0
50,sc2,21,Commensurate,-0.15935027187619794,-0.4431109747815824,0.12402494855129084,0.0
50,sc2,21,NPE,0.0555344820022583,-0.35511754719358296,0.4443182818614931,0.0
50,sc2,22,PSPower,0.3581041297840533,0.01846243129320846,0.6977458282748982,0.0
50,sc2,22,IW,0.27473526083982824,-0.10865732081077684,0.6581278424904333,0.0
50,sc2,22,Commensurate,0.33800549465997254,0.034893005784900795,0.6601864504690648,0.0
50,sc2,22,NPE,0.6633207201957703,0.1786262898856189,1.1613054421883895,0.0
50,sc2,23,PSPower,0.1718200115703365,-0.10951728932526456,0.45315731246593755,0.0
50,sc2,23,IW,0.12715814257138142,-0.18470885199754877,0.4390251371403116,0.0
50,sc2,23,Commensurate,0.09998021096887894,-0.17257347803667777,0.36400461593249495,0.0
50,sc2,23,NPE,0.7068999409675598,0.06464241600843629,1.348281474932409,0.0
50,sc2,24,PSPower,0.06409503058637593,-0.2614720061677895,0.3896620673405414,0.0
50,sc2,24,IW,0.11649169751473354,-0.2630226970209569,0.49600609205042395,0.0
50,sc2,24,Commensurate,0.05723052362065933,-0.23552635319980927,0.3502520373937172,0.0
50,sc2,24,NPE,0.9621636867523193,0.2867849899535853,1.6415601133390474,0.0
50,sc2,25,PSPower,0.3324128269026969,0.027812067704069965,0.6370135861013239,0.0
50,sc2,25,IW,0.3181163130804834,-0.03984749991755787,0.6760801260785246,0.0
50,sc2,25,Commensurate,0.3273199465575871,0.0609900056342064,0.600488002043462,0.0
50,sc2,25,NPE,0.7880898714065552,0.11934680304228726,1.4542353978925138,0.0
50,sc2,26,PSPower,-0.26360225433244044,-0.5596022581660806,0.03239774950119967,0.0
50,sc2,26,IW,-0.2972120707423944,-0.6376181560063172,0.043194014521528434,0.0
50,sc2,26,Commensurate,-0.2964567479581101,-0.5726581265758126,-0.03516563566440911,0.0
50,sc2,26,NPE,0.20976892113685608,-0.3525618726826125,0.7666928383249655,0.0
50,sc2,27,PSPower,0.15620202017659468,-0.1356777452100737,0.44808178556326306,0.0
50,sc2,27,IW,0.17277785224372091,-0.15812919599367495,0.5036849004811168,0.0
50,sc2,27,Commensurate,0.19173853748139927,-0.08512456439412498,0.46341116514300734,0.0
50,sc2,27,NPE,0.4577275514602661,-0.13530583353056858,1.0603475774992281,0.0
50,sc2,28,PSPower,-0.008448832450681803,-0.2820632234314257,0.26516555853006213,0.0
50,sc2,28,IW,-0.01276062668667537,-0.3029428693159695,0.2774216159426187,0.0
50,sc2,28,Commensurate,0.03198906354308465,-0.2226433040474771,0.2923146948901845,0.0
50,sc2,28,NPE,0.4374082684516907,-0.0346281048462411,0.9310304703730063,0.0
50,sc2,29,PSPower,-0.1343420417258252,-0.40291716241123754,0.13423307895958714,0.0
50,sc2,29,IW,-0.10393706189117681,-0.40360757088099536,0.19573344709864177,0.0
50,sc2,29,Commensurate,-0.12130079292980009,-0.37305216757400717,0.12829225624017337,0.0
50,sc2,29,NPE,0.2262641191482544,-0.4387471149332077,0.8950939167492288,0.0
50,sc2,30,PSPower,-0.08291805767871863,-0.3993979995125117,0.23356188415507445,0.0
50,sc2,30,IW,-0.07772938392174071,-0.4282365649965112,0.27277779715302974,0.0
50,sc2,30,Commensurate,-0.008880856313879366,-0.305421690541293,0.2844126241746351,0.0
50,sc2,30,NPE,0.21628063917160034,-0.348553943261808,0.7482528259844835,0.0
50,sc2,31,PSPower,-0.2072589210474639,-0.5265478369617871,0.11202999486685927,0.0
50,sc2,31,IW,-0.25189576559814864,-0.6066226593685828,0.10283112817228557,0.0
50,sc2,31,Commensurate,-0.16976806248365048,-0.4646862420621643,0.12420277661320563,0.0
50,sc2,31,NPE,0.0876237004995346,-0.549340735520245,0.7553348554793671,0.0
50,sc2,32,PSPower,-0.18102788401970218,-0.5300298512420911,0.16797408320268678,0.0
50,sc2,32,IW,-0.20282237105844936,-0.5882989633007585,0.1826542211838597,0.0
50,sc2,32,Commensurate,-0.17524900387758624,-0.49618568730693935,0.12803797370550196,0.0
50,sc2,32,NPE,0.09668600559234619,-0.5630040254606528,0.7489498895051482,0.0
50,sc2,33,PSPower,0.03483816692532919,-0.3034037408581615,0.37308007470881993,0.0
50,sc2,33,IW,-0.08129868212727552,-0.45156477120791016,0.2889674069533591,0.0
50,sc2,33,Commensurate,0.11443270631764821,-0.1884260861020414,0.42072524677378215,0.0
50,sc2,33,NPE,0.03015214204788208,-0.5191051081094483,0.5737691600995302,0.0
50,sc2,34,PSPower,0.07254814746529141,-0.1991270349890511,0.34422332991963395,0.0
50,sc2,34,IW,-0.00511824752455431,-0.30885307012933616,0.29861657508022754,0.0
50,sc2,34,Commensurate,0.0464752097289195,-0.21374127924242398,0.3056800463189311,0.0
50,sc2,34,NPE,0.2678234279155731,-0.32988351562851587,0.8484230059548346,0.0
50,sc2,35,PSPower,-0.18359521280526983,-0.47018188262461214,0.10299145701407245,0.0
50,sc2,35,IW,-0.15745958137365432,-0.47170870975151125,0.15678954700420258,0.0
50,sc2,35,Commensurate,-0.19922416000143756,-0.48580458410018373,0.07634219419530903,0.0
50,sc2,35,NPE,0.4201463460922241,-0.19128413561568175,1.0284383125130143,0.0
50,sc2,36,PSPower,0.09289510990011982,-0.13753904956349167,0.3233292693637313,0.0
50,sc2,36,IW,0.12025405110164084,-0.1388291211099732,0.37933722331325487,0.0
50,sc2,36,Commensurate,0.13985611096434497,-0.09037613475178907,0.3799300954877412,0.0
50,sc2,36,NPE,0.6668269038200378,0.16411402404637102,1.1611827163843385,0.0
50,sc2,37,PSPower,-0.055572017319459634,-0.3370043360654625,0.2258603014265432,0.0
50,sc2,37,IW,-0.015940985177462605,-0.32226294741334394,0.2903809770584187,0.0
50,sc2,37,Commensurate,-0.0029659756916047644,-0.25133335698509873,0.2496613719194558,0.0
50,sc2,37,NPE,0.37095993757247925,-0.3320233221729815,1.0736672381918722,0.0
50,sc2,38,PSPower,-0.015161862409765943,-0.2876904062555493,0.2573666814360174,0.0
50,sc2,38,IW,-0.006511617504688094,-0.30866539221518513,0.29564215720580894,0.0
50,sc2,38,Commensurate,0.012515791622473727,-0.24390630156426116,0.26701808522034887,0.0
50,sc2,38,NPE,0.19372566044330597,-0.3959899331071013,0.7682243489306684,0.0
50,sc2,39,PSPower,-0.088670949985981,-0.3434034844491473,0.16606158447718528,0.0
50,sc2,39,IW,-0.06497523245364824,-0.3718037698123251,0.24185330490502865,0.0
50,sc2,39,Commensurate,-0.06890997468898452,-0.3370431192325705,0.20649252591715578,0.0
50,sc2,39,NPE,0.37437158823013306,-0.2565703950394587,0.9967799549138908,0.0
50,sc2,40,PSPower,0.11558327081813603,-0.18031730157788728,0.4114838432141593,0.0
50,sc2,40,IW,0.045100473278715185,-0.31689357565219384,0.4070945222096242,0.0
50,sc2,40,Commensurate,0.04521061395043902,-0.25475582066804375,0.35958412560288494,0.0
50,sc2,40,NPE,0.16531144082546234,-0.5167254202973205,0.8500747331082995,0.0
50,sc2,41,PSPower,0.03862967159868923,-0.2216360696432335,0.298895412840612,0.0
50,sc2,41,IW,0.07462476036254954,-0.22034515802670707,0.3695946787518062,0.0
50,sc2,41,Commensurate,0.06148014666114016,-0.18756927384727615,0.3069990875840197,0.0
50,sc2,41,NPE,0.23095718026161194,-0.32471169373481606,0.7734254266444741,0.0
50,sc2,42,PSPower,0.24637582167608174,-0.033951498403002545,0.526703141755166,0.0
50,sc2,42,IW,0.23420572223894617,-0.08721942055862117,0.5556308650365135,0.0
50,sc2,42,Commensurate,0.1410532249291305,-0.13284884647172646,0.4107108289267782,0.0
50,sc2,42,NPE,0.43443620204925537,-0.09645016199543253,0.9674354213792196,0.0
50,sc2,43,PSPower,-0.08985148276162269,-0.4028372326482406,0.22313426712499523,0.0
50,sc2,43,IW,-0.11127837252530051,-0.4590285016454442,0.23647175659484312,0.0
50,sc2,43,Commensurate,-0.16484702083282024,-0.43403143566998725,0.11345288167321928,0.0
50,sc2,43,NPE,0.18898674845695496,-0.38322078802941234,0.7378139424030069,0.0
50,sc2,44,PSPower,-0.014676151910162746,-0.2982668862839429,0.2689145824636174,0.0
50,sc2,44,IW,0.09798674588384418,-0.22458517108478634,0.4205586628524747,0.0
50,sc2,44,Commensurate,0.00035851682584650936,-0.27467215350763885,0.2898566560666846,0.0
50,sc2,44,NPE,0.20500732958316803,-0.4468347212361114,0.829974031162132,0.0
50,sc2,45,PSPower,-0.0881496676925496,-0.3557599830600286,0.17946064767492936,0.0
50,sc2,45,IW,-0.0422433318897518,-0.3720870116257931,0.28760034784628946,0.0
50,sc2,45,Commensurate,-0.06878239320331946,-0.32910582159786195,0.19769067316353997,0.0
50,sc2,45,NPE,0.6187646985054016,-0.04951295665942424,1.288166729529949,0.0
50,sc2,46,PSPower,-0.03384239227829063,-0.3262119006626338,0.25852711610605256,0.0
50,sc2,46,IW,0.026071315452883506,-0.29121336489310645,0.34335599579887344,0.0
50,sc2,46,Commensurate,-0.0059647430073997715,-0.2698663608700139,0.27348078845046714,0.0
50,sc2,46,NPE,0.2219596803188324,-0.26987526260803846,0.7147136806670404,0.0
50,sc2,47,PSPower,-0.05994052046284403,-0.3474420633425517,0.2275610224168636,0.0
50,sc2,47,IW,-0.1280755631962566,-0.44428290570499596,0.1881317793124828,0.0
50,sc2,47,Commensurate,-0.018637385145605024,-0.30372193264633207,0.25108957952701605,0.0
50,sc2,47,NPE,0.1356722116470337,-0.4500095422586332,0.7033532043117751,0.0
50,sc2,48,PSPower,0.055764786985539695,-0.21733817309528422,0.3288677470663636,0.0
50,sc2,48,IW,-0.03420569622127232,-0.33387396293557375,0.26546257049302907,0.0
50,sc2,48,Commensurate,0.04189106724005445,-0.203412319290389,0.2906786379674951,0.0
50,sc2,48,NPE,0.10089811682701111,-0.43607969836147187,0.6397438542855081,0.0
50,sc2,49,PSPower,-0.12694304109256777,-0.3363072149923729,0.0824211328072374,0.0
50,sc2,49,IW,-0.09764498917293692,-0.3437110078613316,0.14842102951545777,0.0
50,sc2,49,Commensurate,-0.09743931098271179,-0.3174005664698575,0.1239177361832936,0.0
50,sc2,49,NPE,0.22055014967918396,-0.28411641676519167,0.7216650283387582,0.0
50,sc3,0,PSPower,1.1247804371257064,0.9214960859829588,1.328064788268454,0.0
50,sc3,0,IW,0.9129431653207372,0.640419611324777,1.1854667193166972,0.0
50,sc3,0,Commensurate,1.0600480080892347,0.8256213809452195,1.2966432555770422,0.0
50,sc3,0,NPE,0.4402778744697571,-0.10725340219438421,0.9818803641919079,0.0
50,sc3,1,PSPower,1.1451873150426544,0.9220837040553378,1.368290926029971,0.0
50,sc3,1,IW,0.8419704355238372,0.5385329209157075,1.145407950131967,0.0
50,sc3,1,Commensurate,1.2095376435777327,1.0028299747437415,1.411084239915557,0.0
50,sc3,1,NPE,0.2566303312778473,-0.35886367986071077,0.8536131783909442,0.0
50,sc3,2,PSPower,1.343733248557978,1.1564938689054731,1.530972628210483,0.0
50,sc3,2,IW,1.0489789590241423,0.7768433285119836,1.321114589536301,0.0
50,sc3,2,Commensurate,1.2362740317019105,1.0028903604097763,1.4655403559909486,0.0
50,sc3,2,NPE,0.4380917549133301,-0.2105213868609667,1.06215549511019,0.0
50,sc3,3,PSPower,1.0842730034240367,0.8746313288261859,1.2939146780218875,0.0
50,sc3,3,IW,0.8662216046781576,0.6002487852461111,1.132194424110204,0.0
50,sc3,3,Commensurate,0.9998809370773838,0.7803763218775552,1.215732270795676,0.0
50,sc3,3,NPE,0.6409006118774414,-0.07705184071348274,1.3462416914403812,0.0
50,sc3,4,PSPower,1.3146191471666664,1.1359522410329237,1.493286053300409,0.0
50,sc3,4,IW,1.132684363579178,0.8874812866727376,1.377887440485618,0.0
50,sc3,4,Commensurate,1.2005468992004917,0.9823373022654645,1.4164760521251867,0.0
50,sc3,4,NPE,0.42885053157806396,-0.055988979831381,0.9107363476568857,0.0
50,sc3,5,PSPower,1.1187729923734349,0.8793748430602113,1.3581711416866584,0.0
50,sc3,5,IW,0.9692767150145251,0.6720661444298546,1.2664872855991955,0.0
50,sc3,5,Commensurate,1.206190469507645,0.9982559920017897,1.4167576522782994,0.0
50,sc3,5,NPE,0.1473626047372818,-0.5300530079422734,0.8093126362227301,0.0
50,sc3,6,PSPower,1.1525785703028255,0.9303652731935721,1.374791867412079,0.0
50,sc3,6,IW,0.9459773996387778,0.6693149567218308,1.2226398425557248,0.0
50,sc3,6,Commensurate,1.045312237150542,0.8168030625796812,1.2741937422259424,0.0
50,sc3,6,NPE,0.39806580543518066,-0.13887839747017036,0.9403634176534602,0.0
50,sc3,7,PSPower,1.3096944867340412,1.0906604655875283,1.5287285078805541,0.0
50,sc3,7,IW,1.0928934881582575,0.8052841938274476,1.3805027824890672,0.0
50,sc3,7,Commensurate,1.3207595494178463,1.1083686813040663,1.534234564982691,0.0
50,sc3,7,NPE,0.1675792634487152,-0.4657359378025342,0.7986360147611036,0.0
50,sc3,8,PSPower,1.1812888208791903,1.0135184604280842,1.3490591813302963,0.0
50,sc3,8,IW,0.903945039152711,0.6713871497508244,1.1365029285545976,0.0
50,sc3,8,Commensurate,1.0695689693743184,0.8507091253909724,1.257063338537179,0.0
50,sc3,8,NPE,0.268677294254303,-0.29520773190462896,0.8155916550572201,0.0
50,sc3,9,PSPower,1.1414523042404003,0.929536411217832,1.3533681972629685,0.0
50,sc3,9,IW,0.9617780256310778,0.6876089155782454,1.2359471356839102,0.0
50,sc3,9,Commensurate,1.184055352719552,0.9649736360463225,1.388916382150195,0.0
50,sc3,9,NPE,-0.10680250823497772,-0.6253624965967665,0.41902935166169797,0.0
50,sc3,10,PSPower,1.1569901235234918,0.9741991231820097,1.339781123864974,0.0
50,sc3,10,IW,0.8671211188190889,0.6257208957998741,1.1085213418383038,0.0
50,sc3,10,Commensurate,0.9756752683319578,0.7376755036797187,1.208645880366815,0.0
50,sc3,10,NPE,0.09759145230054855,-0.4331245709989007,0.6084959161936112,0.0
50,sc3,11,PSPower,1.2137666367130784,1.039413812895057,1.3881194605310998,0.0
50,sc3,11,IW,0.9694852733201224,0.7425478342068812,1.1964227124333635,0.0
50,sc3,11,Commensurate,1.0189680995356387,0.793906993054655,1.2406267006559126,0.0
50,sc3,11,NPE,0.5551873445510864,-0.05780278668136738,1.1811391416603108,0.0
50,sc3,12,PSPower,1.2347401646071645,1.0568318667870507,1.4126484624272784,0.0
50,sc3,12,IW,0.8976742387873569,0.6466461205697104,1.1487023570050034,0.0
50,sc3,12,Commensurate,1.080312048278116,0.8402120298118104,1.3075558537496887,0.0
50,sc3,12,NPE,0.024860724806785583,-0.4405417293878538,0.5203864544206509,0.0
50,sc3,13,PSPower,1.2302545601282069,0.9901792923008301,1.4703298279555836,0.0
50,sc3,13,IW,0.8967590382913082,0.5536146710517202,1.2399034055308962,0.0
50,sc3,13,Commensurate,1.162324185947003,0.8840813035556467,1.440832361175626,0.0
50,sc3,13,NPE,0.4234134554862976,-0.20933349200932058,1.0587604931925498,0.0
50,sc3,14,PSPower,1.1201525086587034,0.9198039902811613,1.3205010270362454,0.0
50,sc3,14,IW,0.7743647603796382,0.5084926269616536,1.0402368937976227,0.0
50,sc3,14,Commensurate,1.0318836163018332,0.7895306340915046,1.2594221816329259,0.0
50,sc3,14,NPE,0.04237502068281174,-0.5724870814875198,0.6296916476777497,0.0
50,sc3,15,PSPower,1.00123525676126,0.7885604986065163,1.2139100149160034,0.0
50,sc3,15,IW,0.7921350794245627,0.510160199265315,1.0741099595838106,0.0
50,sc3,15,Commensurate,0.9893906483534003,0.7634813568973623,1.2104538885073206,0.0
50,sc3,15,NPE,-0.06676806509494781,-0.6745991126982392,0.5512253317783737,0.0
50,sc3,16,PSPower,1.0728694519825683,0.8562394896805727,1.289499414284564,0.0
50,sc3,16,IW,0.9642816254197193,0.6938560268208358,1.2347072240186028,0.0
50,sc3,16,Commensurate,1.108184093526298,0.8971811398611802,1.3144729253569158,0.0
50,sc3,16,NPE,0.5263912081718445,-0.03343176021820667,1.054295217032389,0.0
50,sc3,17,PSPower,1.099688178874149,0.8825545738493881,1.31682178389891,0.0
50,sc3,17,IW,0.8502153492126099,0.539517922742575,1.1609127756826447,0.0
50,sc3,17,Commensurate,1.0967522171810056,0.863075017809795,1.316926042438307,0.0
50,sc3,17,NPE,0.2449895143508911,-0.3407932050165181,0.8630334566124482,0.0
50,sc3,18,PSPower,1.1369349053258946,0.9693480015184448,1.3045218091333444,0.0
50,sc3,18,IW,0.888504899480812,0.6646150066606626,1.1123947923009614,0.0
50,sc3,18,Commensurate,1.0372272374843712,0.8335063927703646,1.2175908689187624,0.0
50,sc3,18,NPE,0.3174624443054199,-0.2098804893062179,0.8430595124041761,0.0
50,sc3,19,PSPower,1.2093763345116189,1.0091987208117503,1.4095539482114874,0.0
50,sc3,19,IW,0.9455280998350962,0.6852397432813686,1.2058164563888238,0.0
50,sc3,19,Commensurate,1.1322571414519544,0.9043170335981502,1.3621743044010308,0.0
50,sc3,19,NPE,0.35183894634246826,-0.26988118325505056,0.9862281704336846,0.0
50,sc3,20,PSPower,1.2939716616393688,1.1031660809724626,1.484777242306275,0.0
50,sc3,20,IW,0.9058244928160649,0.6440972891862435,1.1675516964458863,0.0
50,sc3,20,Commensurate,1.1944897685510887,0.9456518323002435,1.413932613338207,0.0
50,sc3,20,NPE,0.2881864011287689,-0.30976399407248467,0.882371959716075,0.0
50,sc3,21,PSPower,1.0803027419500717,0.8959876631496821,1.2646178207504613,0.0
50,sc3,21,IW,0.8785518670991638,0.647580040420854,1.1095236937774735,0.0
50,sc3,21,Commensurate,1.0465665617217317,0.840041881307944,1.2452415349643233,0.0
50,sc3,21,NPE,0.6181308627128601,-0.025584535531904217,1.243055737586378,0.0
50,sc3,22,PSPower,1.2009644018783683,0.9838982021625206,1.4180306015942161,0.0
50,sc3,22,IW,0.9846161483029192,0.6968271225283238,1.2724051740775146,0.0
50,sc3,22,Commensurate,1.1842541119280858,0.9407498893022275,1.4157195556262963,0.0
50,sc3,22,NPE,0.4653877019882202,-0.09326283361539524,1.067500716833621,0.0
50,sc3,23,PSPower,1.1448535467380474,0.9356921633584493,1.3540149301176454,0.0
50,sc3,23,IW,0.909932280664908,0.6152919741480382,1.204572587181778,0.0
50,sc3,23,Commensurate,1.1147570839199545,0.8772166238318184,1.3359294730090556,0.0
50,sc3,23,NPE,0.038351282477378845,-0.5886367125711011,0.6734634882942948,0.0
50,sc3,24,PSPower,1.0475942519750379,0.808888880701758,1.2862996232483177,0.0
50,sc3,24,IW,0.8907800016697736,0.5885511342708459,1.1930088690687013,0.0
50,sc3,24,Commensurate,1.1674029783590303,0.9262974183133639,1.387588454077146,0.0
50,sc3,24,NPE,0.34665608406066895,-0.31254081477047513,0.9858923825078105,0.0
50,sc3,25,PSPower,1.3564698539000806,1.1600871762349567,1.5528525315652044,0.0
50,sc3,25,IW,1.0391198006974771,0.7788631997956579,1.2993764015992963,0.0
50,sc3,25,Commensurate,1.358169099284631,1.1417759395011955,1.5540947494691173,0.0
50,sc3,25,NPE,0.39859068393707275,-0.18596398826280924,0.9978124433135522,0.0
50,sc3,26,PSPower,1.2005502525778629,1.0304020183943254,1.3706984867614003,0.0
50,sc3,26,IW,0.8947570745679161,0.6730506566195277,1.1164634925163044,0.0
50,sc3,26,Commensurate,0.9254732231243129,0.6828723145054573,1.1561164207496033,0.0
50,sc3,26,NPE,0.11939261853694916,-0.46787494535921476,0.7150497367422379,0.0
50,sc3,27,PSPower,1.0224943149810555,0.8245707942839625,1.2204178356781483,0.0
50,sc3,27,IW,0.7260306109301798,0.4688418366085466,0.9832193852518131,0.0
50,sc3,27,Commensurate,0.8946838052496054,0.6566418795046342,1.1266558594179026,0.0
50,sc3,27,NPE,0.06890818476676941,-0.5944306347809845,0.7054674888077069,0.0
50,sc3,28,PSPower,1.321696812319269,1.1138021244542862,1.5295915001842517,0.0
50,sc3,28,IW,1.2607185286128981,1.0194444674214762,1.50199258980432,0.0
50,sc3,28,Commensurate,1.3108256338998259,1.1049728594235848,1.5170485790217525,0.0
50,sc3,28,NPE,0.658825159072876,0.05560297113626801,1.2477982215797734,0.0
50,sc3,29,PSPower,1.08924357908902,0.9307361130339978,1.2477510451440423,0.0
50,sc3,29,IW,0.8063899155211451,0.5895711993329675,1.0232086317093227,0.0
50,sc3,29,Commensurate,0.8432671272002343,0.6265047339508254,1.0459956823043401,0.0
50,sc3,29,NPE,0.48574864864349365,-0.04896711452989872,1.0254905346419478,0.0
50,sc3,30,PSPower,1.170255944042092,0.9574646396771113,1.3830472484070728,0.0
50,sc3,30,IW,0.9590264979742505,0.6767090225965173,1.2413439733519838,0.0
50,sc3,30,Commensurate,1.1652391611984385,0.9442569936229367,1.3704451065433425,0.0
50,sc3,30,NPE,0.1436670571565628,-0.45676684929013645,0.7738722411845547,0.0
50,sc3,31,PSPower,1.169392275823393,0.9627705652561358,1.3760139863906502,0.0
50,sc3,31,IW,0.9907733662395968,0.7130562831124989,1.2684904493666946,0.0
50,sc3,31,Commensurate,1.1033314249256119,0.860354154408569,1.3354877508084892,0.0
50,sc3,31,NPE,0.5249698162078857,0.030044985602105518,1.0187050139030542,0.0
50,sc3,32,PSPower,1.0219222195246151,0.8211878053550142,1.222656633694216,0.0
50,sc3,32,IW,0.7449754584405176,0.46430807898196497,1.0256428378990703,0.0
50,sc3,32,Commensurate,1.0158766228990563,0.8003707539701068,1.217306672188361,0.0
50,sc3,32,NPE,0.449796199798584,-0.2375688152354312,1.118953265469721,0.0
50,sc3,33,PSPower,1.3003858378193198,1.0565762610113538,1.5441954146272858,0.0
50,sc3,33,IW,1.066100303512557,0.7421849109053302,1.3900156961197836,0.0
50,sc3,33,Commensurate,1.342339656448139,1.1017149929000245,1.5720973605092008,0.0
50,sc3,33,NPE,0.4363906979560852,-0.10928764447702814,0.9642431984202783,0.0
50,sc3,34,PSPower,1.1046029858361721,0.8889929141391614,1.320213057533183,0.0
50,sc3,34,IW,0.9708020821693647,0.6777730642256456,1.2638311001130837,0.0
50,sc3,34,Commensurate,1.1466039805582278,0.945262506928831,1.3527399752749119,0.0
50,sc3,34,NPE,0.27770814299583435,-0.322059409085383,0.8583074639451755,0.0
50,sc3,35,PSPower,1.1841048991949765,0.9769878373156364,1.3912219610743166,0.0
50,sc3,35,IW,0.8576756622167623,0.574180550916537,1.1411707735169876,0.0
50,sc3,35,Commensurate,1.061899698331415,0.8101721048080462,1.302387014597395,0.0
50,sc3,35,NPE,0.08154398947954178,-0.4619014818421861,0.627686039911367,0.0
50,sc3,36,PSPower,1.2072850971277629,1.0546823642516685,1.3598878300038573,0.0
50,sc3,36,IW,0.9108999583917671,0.7107778510637333,1.1110220657198009,0.0
50,sc3,36,Commensurate,0.8544060540572452,0.6124721957474709,1.0743891363703368,0.0
50,sc3,36,NPE,-0.054286375641822815,-0.5426258572176801,0.4407684440800578,0.0
50,sc3,37,PSPower,1.2627885956506972,1.0624410524928907,1.4631361388085038,0.0
50,sc3,37,IW,1.0788916960380692,0.8124721513979855,1.345311240678153,0.0
50,sc3,37,Commensurate,1.143809430259311,0.9119726880259353,1.3692504539120733,0.0
50,sc3,37,NPE,0.6182881593704224,-0.01139134024431107,1.2482200073686915,0.0
50,sc3,38,PSPower,1.1997214044113549,0.9585210971287931,1.4409217116939166,0.0
50,sc3,38,IW,0.941479556038209,0.6244096568631547,1.2585494552132632,0.0
50,sc3,38,Commensurate,1.2717870568326088,1.0449145576515249,1.4869372880909995,0.0
50,sc3,38,NPE,0.30696654319763184,-0.36558787268130477,0.9873307388746024,0.0
50,sc3,39,PSPower,1.2380016379837984,1.0682307921729732,1.4077724837946235,0.0
50,sc3,39,IW,0.9993078541013855,0.7693383275954131,1.2292773806073578,0.0
50,sc3,39,Commensurate,1.1001826165698592,0.8827665224490107,1.3128126191310228,0.0
50,sc3,39,NPE,0.5179259181022644,-0.10402164595998033,1.1569010830655944,0.0
50,sc3,40,PSPower,1.2510292694390768,1.0222210594874375,1.479837479390716,0.0
50,sc3,40,IW,1.083228687948738,0.7872638889599505,1.3791934869375257,0.0
50,sc3,40,Commensurate,1.2180875566465306,0.9795352874283524,1.4583962788867868,0.0
50,sc3,40,NPE,0.9236797094345093,0.3307418140295767,1.5224231209253307,0.0
50,sc3,41,PSPower,1.0228215534590115,0.840594920397911,1.205048186520112,0.0
50,sc3,41,IW,0.8390140659431072,0.5773889309070092,1.1006392009792054,0.0
50,sc3,41,Commensurate,0.9328123043027636,0.7042937543186896,1.1562085337183776,0.0
50,sc3,41,NPE,0.24559476971626282,-0.3660334864650753,0.8324051403084299,0.0
50,sc3,42,PSPower,1.215439365551855,1.0171415342988728,1.4137371968048371,0.0
50,sc3,42,IW,0.9983399017382214,0.7301587532863081,1.2665210501901347,0.0
50,sc3,42,Commensurate,1.150662577997952,0.9323865270076519,1.369284364312358,0.0
50,sc3,42,NPE,0.486768901348114,-0.15300012484898468,1.1072826999770709,0.0
50,sc3,43,PSPower,1.0598220827730072,0.8550087520237284,1.264635413522286,0.0
50,sc3,43,IW,0.8785020970457865,0.6078623752964375,1.1491418187951354,0.0
50,sc3,43,Commensurate,1.0052405835163898,0.7752021634411016,1.2293288789567216,0.0
50,sc3,43,NPE,0.36267226934432983,-0.1937323620604707,0.9059945235696114,0.0
50,sc3,44,PSPower,1.0184116295540149,0.7802965672770881,1.2565266918309417,0.0
50,sc3,44,IW,0.704962276920153,0.40355010950465775,1.0063744443356484,0.0
50,sc3,44,Commensurate,1.023297075062987,0.793988390911796,1.2486618055423726,0.0
50,sc3,44,NPE,-0.18408288061618805,-0.7398949495102379,0.3726040628210347,0.0
50,sc3,45,PSPower,1.0615370534297188,0.8959775685220079,1.2270965383374297,0.0
50,sc3,45,IW,0.7839744480876671,0.5569354304798998,1.0110134656954344,0.0
50,sc3,45,Commensurate,0.87970273747334,0.6555818799520712,1.101716022895995,0.0
50,sc3,45,NPE,0.47345203161239624,-0.16098181165181955,1.1168729068090535,0.0
50,sc3,46,PSPower,1.229350788045314,1.0078069570312367,1.4508946190593914,0.0
50,sc3,46,IW,0.969319814287817,0.6658972469766171,1.2727423815990169,0.0
50,sc3,46,Commensurate,1.2914050024473498,1.0801691226050398,1.5082794816027036,0.0
50,sc3,46,NPE,0.3457929491996765,-0.26306537575456423,0.9593561255916755,0.0
50,sc3,47,PSPower,1.1795579942451564,0.9810760051567121,1.3780399833336008,0.0
50,sc3,47,IW,1.0724969627895278,0.8223956745171763,1.3225982510618792,0.0
50,sc3,47,Commensurate,1.1428770340741212,0.931228519024614,1.3480143849870632,0.0
50,sc3,47,NPE,0.7929105162620544,0.2035468256497066,1.3965024019817627,0.0
50,sc3,48,PSPower,0.997188313593757,0.8255696961090019,1.168806931078512,0.0
50,sc3,48,IW,0.8670445572235547,0.6379395930184582,1.0961495214286512,0.0
50,sc3,48,Commensurate,0.8586093729793646,0.628906220618152,1.0671108969905292,0.0
50,sc3,48,NPE,0.2712675631046295,-0.3773004368873921,0.9424811581749409,0.0
50,sc3,49,PSPower,1.2530585810845598,1.0462292876016932,1.4598878745674264,0.0
50,sc3,49,IW,1.0338916247899395,0.7484181661591229,1.319365083420756,0.0
50,sc3,49,Commensurate,1.1949885034004029,0.9706044515703617,1.4097886794244163,0.0
50,sc3,49,NPE,0.5577096939086914,-0.017962237487430015,1.1375532531159374,0.0
50,sc4,0,PSPower,0.11230829442946232,-0.1628840371207111,0.38750062597963575,0.0
50,sc4,0,IW,0.12238806509760587,-0.18050457877629694,0.42528070897150866,0.0
50,sc4,0,Commensurate,0.04244874568081187,-0.20622838474415559,0.3008904135454997,0.0
50,sc4,0,NPE,0.550937294960022,0.08175304062538326,1.0208876697809088,0.0
50,sc4,1,PSPower,0.0061807650371710175,-0.3091580326966388,0.3215195627709808,0.0
50,sc4,1,IW,-0.0036446382971216354,-0.33606541533474876,0.3287761387405055,0.0
50,sc4,1,Commensurate,-0.009660992003128581,-0.30612668630380785,0.3005014453133753,0.0
50,sc4,1,NPE,-0.05716294050216675,-0.6327831466706348,0.49667954301978656,0.0
50,sc4,2,PSPower,-0.15815139843042736,-0.43893164789895117,0.12262885103809645,0.0
50,sc4,2,IW,-0.23950198513521223,-0.5542559501147891,0.07525197984436463,0.0
50,sc4,2,Commensurate,-0.24258871779191485,-0.5098253452026996,0.02420896344426736,0.0
50,sc4,2,NPE,0.17659345269203186,-0.33585401605378284,0.7163409788224547,0.0
50,sc4,3,PSPower,0.13450995373496752,-0.16479190043240652,0.43381180790234153,0.0
50,sc4,3,IW,0.07452493730475772,-0.26472356174855766,0.4137734363580731,0.0
50,sc4,3,Commensurate,0.1231611725913579,-0.1530068858604795,0.3885520482278866,0.0
50,sc4,3,NPE,0.17889189720153809,-0.4409041114868017,0.7864171914130212,0.0
50,sc4,4,PSPower,-0.09020965142977444,-0.3987876302437414,0.21836832738419254,0.0
50,sc4,4,IW,0.0030733768406636607,-0.3345268549620918,0.3406736086434191,0.0
50,sc4,4,Commensurate,-0.18273792388021817,-0.4560883680542891,0.10718797076861941,0.0
50,sc4,4,NPE,0.16109547019004822,-0.47098561375882575,0.775774740962322,0.0
50,sc4,5,PSPower,0.08141093924308593,-0.22632153650840406,0.38914341499457594,0.0
50,sc4,5,IW,0.020824365540863973,-0.3212365064881673,0.36288523756989527,0.0
50,sc4,5,Commensurate,0.1110099414198539,-0.15371798732940717,0.39443697990648113,0.0
50,sc4,5,NPE,0.039462387561798096,-0.46756706720581204,0.5559705089030632,0.0
50,sc4,6,PSPower,0.08026241106390604,-0.2407151465320238,0.40123996865983586,0.0
50,sc4,6,IW,0.12949461992610223,-0.22976186947073335,0.4887511093229378,0.0
50,sc4,6,Commensurate,0.0938215407344778,-0.20053865943578283,0.3821792317652983,0.0
50,sc4,6,NPE,0.2797088027000427,-0.3047828259503024,0.8453069660918183,0.0
50,sc4,7,PSPower,0.08601392165480477,-0.17341448189999087,0.3454423252096004,0.0
50,sc4,7,IW,0.1442860436332547,-0.15090712939410283,0.43947921666061224,0.0
50,sc4,7,Commensurate,0.06217652054283201,-0.18897890533092584,0.32047621524251174,0.0
50,sc4,7,NPE,0.4942370057106018,-0.010250698001397577,1.0093398830585503,0.0
50,sc4,8,PSPower,0.08918949004773635,-0.23053731247703674,0.40891629257250944,0.0
50,sc4,8,IW,-0.033765768291972614,-0.41522057788206945,0.34768904129812417,0.0
50,sc4,8,Commensurate,0.034784800766204244,-0.24243126319797043,0.3259551694508562,0.0
50,sc4,8,NPE,0.3873259425163269,-0.21011156703652212,1.0073580991871849,0.0
50,sc4,9,PSPower,0.2710012914192814,-0.02287258161903616,0.564875164457599,0.0
50,sc4,9,IW,0.29459095866366364,-0.03406686156089528,0.6232487788882226,0.0
50,sc4,9,Commensurate,0.2048987223693204,-0.0572015151923899,0.47853686772388915,0.0
50,sc4,9,NPE,0.7128060460090637,0.0655313924501031,1.3440149404213177,0.0
50,sc4,10,PSPower,0.22525536555085265,-0.07219737897305581,0.5227081100747611,0.0
50,sc4,10,IW,0.29291041648655924,-0.037241476918350114,0.6230623098914686,0.0
50,sc4,10,Commensurate,0.2660649369145805,-0.010730109309871918,0.547154709460749,0.0
50,sc4,10,NPE,0.40326377749443054,-0.16542101630913564,0.9588599192974694,0.0
50,sc4,11,PSPower,-0.12723214859388926,-0.45662402137246166,0.20215972418468314,0.0
50,sc4,11,IW,-0.1685877351760776,-0.5425830643942976,0.20540759404214237,0.0
50,sc4,11,Commensurate,-0.10705525579501057,-0.41262337436618035,0.2044895478848131,0.0
50,sc4,11,NPE,0.3351404070854187,-0.24800852187734002,0.912045264701703,0.0
50,sc4,12,PSPower,0.19200650304851985,-0.05063479721256403,0.43464780330960373,0.0
50,sc4,12,IW,0.07207229389488783,-0.2097196537931929,0.3538642415829686,0.0
50,sc4,12,Commensurate,0.13722967608147593,-0.12363799113496261,0.40183775159324847,0.0
50,sc4,12,NPE,0.49573206901550293,-0.10452677494776506,1.1330078938294554,0.0
50,sc4,13,PSPower,-0.37134553817647903,-0.6616288899779874,-0.08106218637497065,0.0
50,sc4,13,IW,-0.36134666429894974,-0.6914004302103947,-0.031292898387504875,0.0
50,sc4,13,Commensurate,-0.4425598354547383,-0.7256047231245724,-0.16990590336191472,0.0
50,sc4,13,NPE,-0.13632510602474213,-0.6692732938768661,0.4066338905694804,0.0
50,sc4,14,PSPower,0.19188576257665738,-0.035759391320489914,0.4195309164738047,0.0
50,sc4,14,IW,0.21221465244578652,-0.0385239425275643,0.46295324741913735,0.0
50,sc4,14,Commensurate,0.17347064060229508,-0.07097047408184089,0.4024023522228547,0.0
50,sc4,14,NPE,0.732934296131134,0.1323430893691908,1.3243216894907877,0.0
50,sc4,15,PSPower,-0.15149842258760876,-0.4325201509741331,0.12952330579891558,0.0
50,sc4,15,IW,-0.1323635236707807,-0.44481089373075033,0.18008384638918895,0.0
50,sc4,15,Commensurate,-0.13468958152022192,-0.40033382866732276,0.12980495356557767,0.0
50,sc4,15,NPE,0.46775513887405396,-0.07847493903679743,1.0356468933611924,0.0
50,sc4,16,PSPower,0.15578890037775775,-0.16864360204218168,0.4802214027976972,0.0
50,sc4,16,IW,0.17260510230040363,-0.199767639500844,0.5449778441016513,0.0
50,sc4,16,Commensurate,0.19602942686168162,-0.1084091024728266,0.49153365960042533,0.0
50,sc4,16,NPE,0.4613874554634094,-0.07531500764711985,1.0037885300524994,0.0
50,sc4,17,PSPower,0.321869950038498,0.044802033353008086,0.598937866723988,0.0
50,sc4,17,IW,0.303302437533028,-0.00819865402461234,0.6148035290906684,0.0
50,sc4,17,Commensurate,0.33629902770035325,0.04605716368089192,0.6021338940132296,0.0
50,sc4,17,NPE,0.36320456862449646,-0.1419416866015738,0.8727842865408676,0.0
50,sc4,18,PSPower,-0.03169109739739095,-0.3053177676116221,0.2419355728168402,0.0
50,sc4,18,IW,-0.03679345153742226,-0.33972357122964136,0.26613666815479686,0.0
50,sc4,18,Commensurate,-0.038892825477517406,-0.31676270990806416,0.21869668897348116,0.0
50,sc4,18,NPE,0.4711496829986572,-0.11550706051509717,1.0606980906773171,0.0
50,sc4,19,PSPower,-0.19104697831724127,-0.5062234839344114,0.12412952729992888,0.0
50,sc4,19,IW,-0.29162086445452773,-0.6644108368445023,0.08116910793544685,0.0
50,sc4,19,Commensurate,-0.19085027582178463,-0.4866708592630401,0.07915991923773412,0.0
50,sc4,19,NPE,-0.09974004328250885,-0.7044746699979008,0.5187163973977104,0.0
50,sc4,20,PSPower,0.06760319238230919,-0.24916558463944202,0.3843719694040604,0.0
50,sc4,20,IW,0.1319301528805535,-0.2385427244272743,0.5024030301883813,0.0
50,sc4,20,Commensurate,0.09109383578590177,-0.19922878529205776,0.38479859280018874,0.0
50,sc4,20,NPE,0.4852939248085022,-0.13524388433396964,1.099803282994927,0.0
50,sc4,21,PSPower,0.2144125256656693,-0.16633633589043698,0.5951613872217756,0.0
50,sc4,21,IW,0.22766028376796135,-0.2061100212233173,0.66143058875924,0.0
50,sc4,21,Commensurate,0.15067949285809817,-0.1799384299733435,0.4959070995762274,0.0
50,sc4,21,NPE,0.3496881127357483,-0.333045569331627,1.0138010284461696,0.0
50,sc4,22,PSPower,-0.015920794682171804,-0.3238677485410091,0.2920261591766655,0.0
50,sc4,22,IW,-0.038588433745628405,-0.38191246322643857,0.3047355957351817,0.0
50,sc4,22,Commensurate,-0.02852136197555815,-0.2937141574330136,0.24518596860382172,0.0
50,sc4,22,NPE,0.37585875391960144,-0.18797728346079912,0.9502879439337351,0.0
50,sc4,23,PSPower,0.06925024437005343,-0.31391858040498094,0.45241906914508784,0.0
50,sc4,23,IW,0.09977132506991455,-0.313148205264433,0.5126908554042621,0.0
50,sc4,23,Commensurate,0.05703434910491788,-0.29455000318694846,0.42451082477972324,0.0
50,sc4,23,NPE,0.3571692109107971,-0.1855226304893257,0.9010234409799875,0.0
50,sc4,24,PSPower,0.25594627616194704,-0.08834759388970115,0.6002401462135952,0.0
50,sc4,24,IW,0.27405325108053236,-0.1272632228832128,0.6753697250442775,0.0
50,sc4,24,Commensurate,0.1723388715589345,-0.14101081058881967,0.47521772284999264,0.0
50,sc4,24,NPE,0.4434138536453247,-0.09092189742516657,1.008576024545004,0.0
50,sc4,25,PSPower,0.0493460066547614,-0.2738448565326385,0.37253686984216133,0.0
50,sc4,25,IW,0.0306792223078001,-0.3238288371458845,0.38518728176148476,0.0
50,sc4,25,Commensurate,0.006245438488191182,-0.2959206445660086,0.3044429641967605,0.0
50,sc4,25,NPE,0.5640906691551208,0.013936824380940247,1.1140676870390005,0.0
50,sc4,26,PSPower,-0.205574637083091,-0.5253045621931364,0.11415528802695432,0.0
50,sc4,26,IW,-0.2117068055538082,-0.5678944880705192,0.14448087696290288,0.0
50,sc4,26,Commensurate,-0.19462014885055298,-0.4762860988500453,0.08262406257536463,0.0
50,sc4,26,NPE,0.032100334763526917,-0.4529289818169343,0.5041645228979631,0.0
50,sc4,27,PSPower,0.20543474993198785,-0.08027674620833902,0.4911462460723147,0.0
50,sc4,27,IW,0.24745316605944703,-0.07567016175569927,0.5705764938745933,0.0
50,sc4,27,Commensurate,0.17391264219918434,-0.09188973789958414,0.43857116546475644,0.0
50,sc4,27,NPE,0.5669748783111572,0.01754602877949305,1.1083568764429708,0.0
50,sc4,28,PSPower,-0.27580507322016085,-0.5516767082384142,6.656179809255702e-05,0.0
50,sc4,28,IW,-0.29618866958368845,-0.6223890968106861,0.03001175764330921,0.0
50,sc4,28,Commensurate,-0.22927256026311507,-0.4976565438314968,0.04177772414089332,0.0
50,sc4,28,NPE,-0.09901972115039825,-0.8393174842487037,0.640704115837193,0.0
50,sc4,29,PSPower,-0.05834364279689165,-0.37925178791145403,0.26256450231767076,0.0
50,sc4,29,IW,-0.046513682473396746,-0.3955815762998206,0.30255421135302707,0.0
50,sc4,29,Commensurate,-0.029892914108757617,-0.327062095465494,0.24935801588834372,0.0
50,sc4,29,NPE,0.27418452501296997,-0.31883320523813174,0.8762074463547127,0.0
50,sc4,30,PSPower,-0.02451467833120915,-0.2765071825246421,0.22747782586222384,0.0
50,sc4,30,IW,0.029193016512214558,-0.2505333964433819,0.30891942946781104,0.0
50,sc4,30,Commensurate,-0.02399721005224001,-0.25864365381666593,0.22726605180504705,0.0
50,sc4,30,NPE,0.3376203775405884,-0.22470932212847983,0.8834137418803298,0.0
50,sc4,31,PSPower,-0.03850786275484836,-0.3809278129311359,0.3039120874214392,0.0
50,sc4,31,IW,-0.010117395715668569,-0.3920118064615679,0.3717770150302308,0.0
50,sc4,31,Commensurate,-0.05795936936962723,-0.373807517960532,0.24709212927643343,0.0
50,sc4,31,NPE,0.031225547194480896,-0.5270664482095155,0.6014776023409082,0.0
50,sc4,32,PSPower,0.08912003380074544,-0.18123865710370735,0.35947872470519826,0.0
50,sc4,32,IW,0.06768026034327311,-0.23434342888234788,0.36970394956889413,0.0
50,sc4,32,Commensurate,0.08818218940267221,-0.14995013661345197,0.34071191223309877,0.0
50,sc4,32,NPE,0.44151002168655396,-0.048245331589533716,0.9251194064854907,0.0
50,sc4,33,PSPower,-0.07478435310964651,-0.3857178273806048,0.23614912116131173,0.0
50,sc4,33,IW,-0.021688311831561013,-0.37236636920341143,0.3289897455402894,0.0
50,sc4,33,Commensurate,-0.07905881813304963,-0.3557549791711515,0.19730540738825827,0.0
50,sc4,33,NPE,0.5076373815536499,-0.0041645632946544385,1.023783607868653,0.0
50,sc4,34,PSPower,0.1303723050092123,-0.19431333535627685,0.45505794537470146,0.0
50,sc4,34,IW,0.1261816832990828,-0.23245311128685947,0.4848164778850251,0.0
50,sc4,34,Commensurate,0.1702542082986124,-0.14405327131300807,0.47816392648279293,0.0
50,sc4,34,NPE,0.3319399356842041,-0.347529226828407,1.000319503380107,0.0
50,sc4,35,PSPower,0.08159854466238026,-0.2554775446881349,0.4186746340128954,0.0
50,sc4,35,IW,0.07861721796641963,-0.2911059305570487,0.44834036648988795,0.0
50,sc4,35,Commensurate,0.08551803360236412,-0.1990511574724544,0.3557146342019206,0.0
50,sc4,35,NPE,0.48280829191207886,-0.11488312013875633,1.0793426614201722,0.0
50,sc4,36,PSPower,0.2088544199605331,-0.04455978517590192,0.46226862509696814,0.0
50,sc4,36,IW,0.14326179962414445,-0.13613428418388926,0.42265788343217814,0.0
50,sc4,36,Commensurate,0.17076131856656168,-0.07505424904474688,0.41359266446570203,0.0
50,sc4,36,NPE,0.4957394599914551,-0.0005448445070097962,0.9858352907016724,0.0
50,sc4,37,PSPower,-0.06528585381944042,-0.3278003576266809,0.1972286499878001,0.0
50,sc4,37,IW,-0.12307358729269634,-0.4161256146066675,0.16997844002127482,0.0
50,sc4,37,Commensurate,-0.12852703598705456,-0.3966706093712545,0.12256810315814617,0.0
50,sc4,37,NPE,0.18497677147388458,-0.3611985481977261,0.7232934796709367,0.0
50,sc4,38,PSPower,0.12279201805325334,-0.17001603547327793,0.4156000715797846,0.0
50,sc4,38,IW,0.06058573416802574,-0.26141298546001995,0.3825844537960715,0.0
50,sc4,38,Commensurate,0.11385232596496671,-0.16425200556942313,0.3821509368928163,0.0
50,sc4,38,NPE,0.266591340303421,-0.24953544576124256,0.7809632644581878,0.0
50,sc4,39,PSPower,-0.040364548437999304,-0.4590138316480759,0.3782847347720773,0.0
50,sc4,39,IW,-0.0008580873078283227,-0.4440914938794722,0.44237531926381557,0.0
50,sc4,39,Commensurate,-0.044809756964616324,-0.4082087375562724,0.30802568072809133,0.0
50,sc4,39,NPE,0.4865749478340149,-0.15089323092334658,1.1390078982246914,0.0
50,sc4,40,PSPower,0.29358543456419606,-0.04423118560148487,0.631402054729877,0.0
50,sc4,40,IW,0.3235586512552581,-0.03696663857777854,0.6840839410882948,0.0
50,sc4,40,Commensurate,0.36661804604964554,0.06731656430244706,0.6576540536270735,0.0
50,sc4,40,NPE,0.6983627080917358,0.1567663657774769,1.243776962161432,0.0
50,sc4,41,PSPower,0.18266745853184554,-0.1358475947954552,0.5011825118591463,0.0
50,sc4,41,IW,0.12540907898495654,-0.22491849636838288,0.47573665433829593,0.0
50,sc4,41,Commensurate,0.21052957926603127,-0.08102797828021086,0.4908432185981186,0.0
50,sc4,41,NPE,0.4652201533317566,-0.08813560363273656,1.030534459180364,0.0
50,sc4,42,PSPower,0.14575925672722684,-0.1624980285439137,0.4540165419983674,0.0
50,sc4,42,IW,0.20565475384653306,-0.1496117164886939,0.56092122418176,0.0
50,sc4,42,Commensurate,0.15672540504450871,-0.1365600092154956,0.45126485795713306,0.0
50,sc4,42,NPE,0.3010057210922241,-0.36531237327655475,0.963518771163983,0.0
50,sc4,43,PSPower,0.034665446012088326,-0.2052092695784513,0.27454016160262795,0.0
50,sc4,43,IW,0.024422693053870983,-0.25568477079768726,0.3045301569054292,0.0
50,sc4,43,Commensurate,0.040907763638319126,-0.19664647692702963,0.2637360966752449,0.0
50,sc4,43,NPE,0.46470779180526733,-0.15822517938814162,1.0759037547070454,0.0
50,sc4,44,PSPower,0.10719506615917258,-0.1374767307455389,0.35186686306388404,0.0
50,sc4,44,IW,0.04490756815104946,-0.21225940043965075,0.30207453674174967,0.0
50,sc4,44,Commensurate,0.08176041518090645,-0.1517382638744852,0.31831567165680497,0.0
50,sc4,44,NPE,0.38656020164489746,-0.08580618390194845,0.8516752076631195,0.0
50,sc4,45,PSPower,0.00978964187309726,-0.3203364737385517,0.33991575748474623,0.0
50,sc4,45,IW,-0.004359054167026287,-0.38900054236574555,0.38028243403169293,0.0
50,sc4,45,Commensurate,-0.024822483674148122,-0.3238376526800969,0.27911846395395873,0.0
50,sc4,45,NPE,0.48638927936553955,-0.1336484363705699,1.1080067051649816,0.0
50,sc4,46,PSPower,-0.05194416786036038,-0.3593139880764099,0.25542565235568915,0.0
50,sc4,46,IW,-0.07322333393551159,-0.4208286690834482,0.27438200121242495,0.0
50,sc4,46,Commensurate,-0.0024666025980072293,-0.2858554223049711,0.275156527872045,0.0
50,sc4,46,NPE,0.11025756597518921,-0.5311282680078354,0.7525814160887195,0.0
50,sc4,47,PSPower,0.18085353399536383,-0.08369372985080961,0.4454007978415373,0.0
50,sc4,47,IW,0.25643083399787575,-0.027885416784601824,0.5407470847803533,0.0
50,sc4,47,Commensurate,0.2458196379210943,-0.0114062859234261,0.513388885710573,0.0
50,sc4,47,NPE,0.5528544187545776,0.11828844994246755,0.9751672244117946,0.0
50,sc4,48,PSPower,-0.025054836604212465,-0.30209093488825134,0.2519812616798264,0.0
50,sc4,48,IW,0.036378781353868024,-0.2867700393432521,0.35952760205098816,0.0
50,sc4,48,Commensurate,0.016059722535864764,-0.25343675972687923,0.30229335322001494,0.0
50,sc4,48,NPE,0.552602231502533,-0.25759359107738905,1.3399763190033704,0.0
50,sc4,49,PSPower,-0.19311517814533424,-0.4423068494775052,0.056076493186836746,0.0
50,sc4,49,IW,-0.25139069165704553,-0.5307743773848426,0.027992994070751454,0.0
50,sc4,49,Commensurate,-0.21165983025035498,-0.45982894167524296,0.022932068709104955,0.0
50,sc4,49,NPE,0.12081512063741684,-0.5132745195553423,0.7418877071309505,0.0
50,sc5,0,PSPower,1.286359302187061,1.085116314328438,1.487602290045684,0.0
50,sc5,0,IW,1.1149771422748145,0.852562198799965,1.377392085749664,0.0
50,sc5,0,Commensurate,1.2660270227768955,1.0605660899903044,1.4792013862250593,0.0
50,sc5,0,NPE,0.634566068649292,-0.062125787826376073,1.352946110468641,0.0
50,sc5,1,PSPower,1.0100735490468498,0.7941207735874379,1.2260263245062615,0.0
50,sc5,1,IW,0.7690937938049103,0.47556418836120384,1.0626233992486167,0.0
50,sc5,1,Commensurate,0.981293912482317,0.7367117658300362,1.213939157821742,0.0
50,sc5,1,NPE,0.44429826736450195,-0.2616359128283536,1.1572051290756469,0.0
50,sc5,2,PSPower,1.181435522939619,1.0017367485190702,1.3611342973601677,0.0
50,sc5,2,IW,0.9030708960762965,0.668217843910194,1.137923948242399,0.0
50,sc5,2,Commensurate,0.9887830798219446,0.7624260004711259,1.2164040175034128,0.0
50,sc5,2,NPE,-0.09177811443805695,-0.4886151143642337,0.31088640997641126,0.0
50,sc5,3,PSPower,1.11155993537798,0.9698663077574169,1.253253562998543,0.0
50,sc5,3,IW,0.7561610219482429,0.5662068555711226,0.9461151883253631,0.0
50,sc5,3,Commensurate,0.7802298595238676,0.5761263605342748,0.9797444245346106,0.0
50,sc5,3,NPE,0.21664710342884064,-0.31245049445887507,0.7726803930685019,0.0
50,sc5,4,PSPower,1.2339251952751276,1.0479836370845672,1.419866753465688,0.0
50,sc5,4,IW,1.0482516632078747,0.7895150341759923,1.3069882922397569,0.0
50,sc5,4,Commensurate,1.211683162603974,1.0089840169420479,1.4174365328411325,0.0
50,sc5,4,NPE,0.4775926470756531,-0.04829778529538443,0.9973442877938286,0.0
50,sc5,5,PSPower,1.156297244518391,0.9200713003039025,1.3925231887328795,0.0
50,sc5,5,IW,0.9552857784317347,0.621407423256412,1.2891641336070574,0.0
50,sc5,5,Commensurate,1.1879009477510143,0.9756281130067901,1.394748306726779,0.0
50,sc5,5,NPE,0.36476433277130127,-0.19580754735719957,0.9313914422899453,0.0
50,sc5,6,PSPower,1.3932092308502497,1.2263222995545175,1.560096162145982,0.0
50,sc5,6,IW,1.2181026517444975,0.9855014002542907,1.4507039032347044,0.0
50,sc5,6,Commensurate,1.252697530846738,1.0379846299838453,1.4550983660526797,0.0
50,sc5,6,NPE,0.5588085055351257,-0.05006935639683275,1.1388769131076977,0.0
50,sc5,7,PSPower,1.1949980728688399,0.9732986897581586,1.4166974559795211,0.0
50,sc5,7,IW,0.9625822382684324,0.6616444468060569,1.2635200297308078,0.0
50,sc5,7,Commensurate,1.2287675489892123,1.0211491300301614,1.4343151333276793,0.0
50,sc5,7,NPE,0.5766024589538574,-0.03704597644347523,1.1763990202313725,0.0
50,sc5,8,PSPower,1.1781279038972752,0.9182663051508948,1.4379895026436555,0.0
50,sc5,8,IW,1.1060050630433813,0.7738998964637283,1.4381102296230344,0.0
50,sc5,8,Commensurate,1.2442978688522515,1.0127620832734205,1.4714618442797012,0.0
50,sc5,8,NPE,0.6257429122924805,-0.0821614356870787,1.3254522034533889,0.0
50,sc5,9,PSPower,1.097355544233001,0.9143049036851263,1.2804061847808756,0.0
50,sc5,9,IW,0.9293069187544072,0.6764463392820571,1.1821674982267574,0.0
50,sc5,9,Commensurate,0.970938288818566,0.7252294262438841,1.2070771395502158,0.0
50,sc5,9,NPE,0.16744734346866608,-0.48961859522619283,0.8076961266852659,0.0
50,sc5,10,PSPower,1.3419443756930307,1.1818029709820768,1.5020857804039847,0.0
50,sc5,10,IW,1.0841700765069453,0.840962399590589,1.3273777534233016,0.0
50,sc5,10,Commensurate,0.9931082916417608,0.7199019707434526,1.2340160956693655,0.0
50,sc5,10,NPE,0.4479072093963623,-0.040718055402266744,0.9244460478971643,0.0
50,sc5,11,PSPower,1.25024763752748,1.0694139223425618,1.4310813527123982,0.0
50,sc5,11,IW,0.9107894920147701,0.6572673694580882,1.164311614571452,0.0
50,sc5,11,Commensurate,1.0126712987230242,0.7547425827527533,1.2605649922436244,0.0
50,sc5,11,NPE,0.09780735522508621,-0.5409077197615874,0.7601511706605645,0.0
50,sc5,12,PSPower,1.1351650542822407,0.9607540857191329,1.3095760228453486,0.0
50,sc5,12,IW,0.771292257520353,0.5371255817031304,1.0054589333375756,0.0
50,sc5,12,Commensurate,0.8639107972739576,0.6191720746184658,1.0903525443587472,0.0
50,sc5,12,NPE,0.15740874409675598,-0.3730383251271552,0.681921065814787,0.0
50,sc5,13,PSPower,0.8831601990784999,0.6712304366105006,1.095089961546499,0.0
50,sc5,13,IW,0.6265498712079036,0.3561156752931075,0.8969840671226997,0.0
50,sc5,13,Commensurate,0.9439092101147554,0.7297406222282148,1.148850430520382,0.0
50,sc5,13,NPE,0.03762337565422058,-0.5376440021456383,0.5973362560048826,0.0
50,sc5,14,PSPower,1.3748867001728842,1.1649386513518807,1.5848347489938877,0.0
50,sc5,14,IW,1.1267730322109066,0.838394856561423,1.4151512078603903,0.0
50,sc5,14,Commensurate,1.3123473456343662,1.0752856182678008,1.5289097434567447,0.0
50,sc5,14,NPE,0.3498380482196808,-0.17595776195593144,0.8671067822014624,0.0
50,sc5,15,PSPower,1.1623468223270887,0.9662443713049658,1.3584492733492117,0.0
50,sc5,15,IW,0.9078792418433231,0.6332215468439839,1.1825369368426624,0.0
50,sc5,15,Commensurate,1.102762797505395,0.8770200026879855,1.3091890968793456,0.0
50,sc5,15,NPE,0.27599209547042847,-0.32861110791695386,0.8728787544386682,0.0
50,sc5,16,PSPower,1.1110577207130714,0.8770829873135478,1.345032454112595,0.0
50,sc5,16,IW,1.0015262922428834,0.6943267796402494,1.3087258048455173,0.0
50,sc5,16,Commensurate,1.1698704389993526,0.951219889362543,1.3842390198714563,0.0
50,sc5,16,NPE,0.4562058448791504,-0.13852861138051736,1.0694347264365505,0.0
50,sc5,17,PSPower,0.8832518546708917,0.6634635998460077,1.1030401094957758,0.0
50,sc5,17,IW,0.7245650552363537,0.4249392978151099,1.0241908126575976,0.0
50,sc5,17,Commensurate,0.8762197958860055,0.6479793825691658,1.0915038516946904,0.0
50,sc5,17,NPE,0.01903979480266571,-0.5918855620259054,0.6140751362339409,0.0
50,sc5,18,PSPower,1.0963647330408401,0.8916823974184213,1.3010470686632591,0.0
50,sc5,18,IW,0.8093338706434242,0.5328300785499913,1.0858376627368571,0.0
50,sc5,18,Commensurate,0.9996921967419841,0.7703328908658691,1.2291732218670923,0.0
50,sc5,18,NPE,0.1428503841161728,-0.5273873817557311,0.820593879294479,0.0
50,sc5,19,PSPower,1.2031161569473765,1.021142962063631,1.385089351831122,0.0
50,sc5,19,IW,0.888215077580548,0.6345609555553904,1.1418691996057055,0.0
50,sc5,19,Commensurate,1.0963751228157923,0.8672357235573485,1.3068445185585205,0.0
50,sc5,19,NPE,0.5428388714790344,-0.06327258169204746,1.1442298474113948,0.0
50,sc5,20,PSPower,1.3312750115179632,1.1534891987916653,1.5090608242442611,0.0
50,sc5,20,IW,1.1378649843093822,0.8981894099265257,1.3775405586922387,0.0
50,sc5,20,Commensurate,1.2186140859399779,1.0040791489400813,1.4379707049142854,0.0
50,sc5,20,NPE,0.4696628451347351,-0.07114406645106058,1.0230343653879599,0.0
50,sc5,21,PSPower,1.1325124991941213,0.9206027923906565,1.3444222059975863,0.0
50,sc5,21,IW,0.9181552863671185,0.6535272015212115,1.1827833712130256,0.0
50,sc5,21,Commensurate,1.1052183378176095,0.8666742152331776,1.3289454857883471,0.0
50,sc5,21,NPE,-0.07468202710151672,-0.5461347827509564,0.37794616791329255,0.0
50,sc5,22,PSPower,1.3236034096212126,1.0848928230315995,1.5623139962108257,0.0
50,sc5,22,IW,1.2262473582519313,0.9243477225644284,1.5281469939394343,0.0
50,sc5,22,Commensurate,1.374931387203843,1.1620074715681934,1.5735056326806647,0.0
50,sc5,22,NPE,0.13282930850982666,-0.41129330713647866,0.6846573089564812,0.0
50,sc5,23,PSPower,1.0331951802030663,0.8320382533691392,1.2343521070369934,0.0
50,sc5,23,IW,0.778458414526188,0.5099669779676087,1.0469498510847672,0.0
50,sc5,23,Commensurate,0.9858101369231508,0.7577606343833964,1.2011988805969442,0.0
50,sc5,23,NPE,0.23515701293945312,-0.333162727864618,0.7845042736559088,0.0
50,sc5,24,PSPower,1.345656783945076,1.1440630019223734,1.5472505659677784,0.0
50,sc5,24,IW,1.2671990328148164,1.013132967251745,1.5212650983778877,0.0
50,sc5,24,Commensurate,1.351392587721075,1.1284577540259544,1.5500098139945109,0.0
50,sc5,24,NPE,0.708595871925354,0.062060136463063215,1.3381131991689197,0.0
50,sc5,25,PSPower,1.2515280691988335,1.0552818049833852,1.4477743334142819,0.0
50,sc5,25,IW,0.9789501380884372,0.7215166058934621,1.2363836702834123,0.0
50,sc5,25,Commensurate,1.2056717486137392,0.9945763133553435,1.4143597623500483,0.0
50,sc5,25,NPE,0.2860700190067291,-0.2716637146456182,0.8354721758707669,0.0
50,sc5,26,PSPower,1.197365134325743,0.9819827622560533,1.4127475063954327,0.0
50,sc5,26,IW,1.0733456402257098,0.8070471762667991,1.3396441041846203,0.0
50,sc5,26,Commensurate,1.2040149952304307,0.977217046010733,1.4188243148860562,0.0
50,sc5,26,NPE,0.7522121667861938,0.09167728196085209,1.3892403559403226,0.0
50,sc5,27,PSPower,1.025001049245091,0.8099090309774393,1.2400930675127426,0.0
50,sc5,27,IW,0.8540207053627958,0.5900100975553995,1.1180313131701922,0.0
50,sc5,27,Commensurate,1.0694462163526055,0.859727415422438,1.2743712476828837,0.0
50,sc5,27,NPE,0.3509140610694885,-0.2775093804195897,0.9756828587887552,0.0
50,sc5,28,PSPower,1.1969561522251078,0.9966044263585391,1.3973078780916763,0.0
50,sc5,28,IW,1.0148203463494194,0.7610196101999972,1.2686210824988415,0.0
50,sc5,28,Commensurate,1.0611185019964386,0.8268594618759598,1.2981805962842696,0.0
50,sc5,28,NPE,0.3561023771762848,-0.2869217318407538,1.021595890586933,0.0
50,sc5,29,PSPower,1.2338781926609117,1.0367029360970919,1.4310534492247315,0.0
50,sc5,29,IW,1.0540949768290158,0.7882935634093187,1.3198963902487129,0.0
50,sc5,29,Commensurate,1.2151937600608202,1.0025170959632816,1.4314582044719542,0.0
50,sc5,29,NPE,0.4397110342979431,-0.28344556450407565,1.128707040754774,0.0
50,sc5,30,PSPower,1.3242952870521039,1.1317388595035127,1.516851714600695,0.0
50,sc5,30,IW,1.0374807494530185,0.7708894232062411,1.3040720756997959,0.0
50,sc5,30,Commensurate,1.32167220219615,1.130575858887043,1.5082896738357348,0.0
50,sc5,30,NPE,0.29271554946899414,-0.22800854580630422,0.8143363470975029,0.0
50,sc5,31,PSPower,1.1119646596670132,0.9438858344640183,1.2800434848700082,0.0
50,sc5,31,IW,0.8865751043948746,0.6696414261361947,1.1035087826535546,0.0
50,sc5,31,Commensurate,0.9715279848986939,0.7525712203988358,1.1837371469802918,0.0
50,sc5,31,NPE,0.3848316967487335,-0.1574115354500969,0.9205853238316366,0.0
50,sc5,32,PSPower,1.2409195229905257,1.0569390280486175,1.4249000179324338,0.0
50,sc5,32,IW,1.0390571246257998,0.7781493916097924,1.2999648576418072,0.0
50,sc5,32,Commensurate,1.1285089902820826,0.9040496316407997,1.3534005403382745,0.0
50,sc5,32,NPE,0.6807283163070679,0.07549054450610242,1.2748075170852975,0.0
50,sc5,33,PSPower,1.3264093019274865,1.1388988049567772,1.5139197988981958,0.0
50,sc5,33,IW,1.0034124647344218,0.7379450819938244,1.2688798474750191,0.0
50,sc5,33,Commensurate,1.1697081189849483,0.9213886973933508,1.400166628452031,0.0
50,sc5,33,NPE,0.6569060683250427,0.19194843737759112,1.122954935284703,0.0
50,sc5,34,PSPower,1.375256840118606,1.1256137879857218,1.6248998922514903,0.0
50,sc5,34,IW,1.2663670349309888,0.9602372275015447,1.5724968423604329,0.0
50,sc5,34,Commensurate,1.441892817129601,1.2258454639147114,1.6563918114624823,0.0
50,sc5,34,NPE,0.6911366581916809,0.03841742977586809,1.3265242504106465,0.0
50,sc5,35,PSPower,1.3551571570652203,1.1511136061169962,1.5592007080134445,0.0
50,sc5,35,IW,1.1309489353525546,0.8659560093735713,1.3959418613315377,0.0
50,sc5,35,Commensurate,1.2896861713540175,1.0535686454021778,1.5152488803938986,0.0
50,sc5,35,NPE,0.546698272228241,-0.06946421964583586,1.15656073802132,0.0
50,sc5,36,PSPower,1.0767368305518608,0.8729906778872668,1.2804829832164546,0.0
50,sc5,36,IW,0.9112187000203206,0.650593525340332,1.171843874700309,0.0
50,sc5,36,Commensurate,0.9548172296821422,0.7173057128094862,1.1720504339472666,0.0
50,sc5,36,NPE,0.4286537766456604,-0.1792121621827678,1.0475810904242415,0.0
50,sc5,37,PSPower,1.252763299324939,1.0426073016161699,1.462919297033708,0.0
50,sc5,37,IW,1.0100478386296012,0.7143644819273354,1.305731195331867,0.0
50,sc5,37,Commensurate,1.281360119350072,1.0647883415804575,1.4850670403723099,0.0
50,sc5,37,NPE,0.7440623044967651,0.1995980100265538,1.281178244232468,0.0
50,sc5,38,PSPower,1.0463944702352195,0.8334157685917336,1.2593731718787053,0.0
50,sc5,38,IW,0.8458952881281129,0.5591378171059735,1.1326527591502522,0.0
50,sc5,38,Commensurate,1.0758675554224544,0.8892706331479598,1.2691674601478395,0.0
50,sc5,38,NPE,0.4724513292312622,-0.13772344116384352,1.0521137218308747,0.0
50,sc5,39,PSPower,1.2372805683204098,1.0473156614702908,1.4272454751705288,0.0
50,sc5,39,IW,1.122866885565239,0.8672502173363619,1.3784835537941162,0.0
50,sc5,39,Commensurate,1.2035914415115259,0.9826719584913125,1.4244607078231004,0.0
50,sc5,39,NPE,0.3381944000720978,-0.2663621251833504,0.944126279298001,0.0
50,sc5,40,PSPower,1.2324957744129135,1.0254582057967663,1.4395333430290607,0.0
50,sc5,40,IW,1.1558890214217,0.8653096076254378,1.446468435217962,0.0
50,sc5,40,Commensurate,1.2530694360654064,1.0292831865510186,1.4726459287591638,0.0
50,sc5,40,NPE,0.8557542562484741,0.33147985204506764,1.3953073886507183,0.0
50,sc5,41,PSPower,1.1857330141689204,0.9668942826138922,1.4045717457239486,0.0
50,sc5,41,IW,0.8971357019165622,0.6096646661011534,1.1846067377319711,0.0
50,sc5,41,Commensurate,1.2038498838559741,0.9926308762810799,1.4270687226313286,0.0
50,sc5,41,NPE,0.2282763421535492,-0.4123002470455347,0.8555306289343422,0.0
50,sc5,42,PSPower,1.197231348561863,1.0198637795715588,1.3745989175521673,0.0
50,sc5,42,IW,0.8984813920780897,0.6567252030338175,1.140237581122362,0.0
50,sc5,42,Commensurate,1.046927435357987,0.8060080260430202,1.263126192299006,0.0
50,sc5,42,NPE,0.1728522777557373,-0.44052964995396376,0.8115681723170357,0.0
50,sc5,43,PSPower,1.290281279660322,1.097842932037778,1.482719627282866,0.0
50,sc5,43,IW,1.044389482087407,0.7894728687399764,1.2993060954348374,0.0
50,sc5,43,Commensurate,1.1926153118906992,0.9683319484916248,1.4169763209240958,0.0
50,sc5,43,NPE,0.7202343940734863,0.1556731098550181,1.2585691959249161,0.0
50,sc5,44,PSPower,1.144076986370674,0.9408628828387019,1.3472910899026458,0.0
50,sc5,44,IW,0.9223117071565152,0.6424272257367725,1.202196188576258,0.0
50,sc5,44,Commensurate,1.1764060818711726,0.9813852974991786,1.3773454519699952,0.0
50,sc5,44,NPE,0.1385819911956787,-0.4116370600888565,0.7002122445173291,0.0
50,sc5,45,PSPower,1.2031552400130345,0.9973336073685336,1.4089768726575356,0.0
50,sc5,45,IW,0.9485368625252534,0.6678021947718378,1.229271530278669,0.0
50,sc5,45,Commensurate,1.2036470996251003,0.9992983828931298,1.4000120224059034,0.0
50,sc5,45,NPE,0.6788038015365601,-0.06973558598175866,1.4366017410682244,0.0
50,sc5,46,PSPower,1.1616002305756026,0.9715925783073124,1.3516078828438927,0.0
50,sc5,46,IW,1.0447465191905978,0.8055377496935214,1.2839552886876742,0.0
50,sc5,46,Commensurate,1.1399811124549544,0.9310078130259677,1.3490108570322956,0.0
50,sc5,46,NPE,0.5580952167510986,-0.1331694415694848,1.2710230154223854,0.0
50,sc5,47,PSPower,1.1407996588276827,0.9121005114161445,1.369498806239221,0.0
50,sc5,47,IW,0.8620764293933005,0.5551911439399682,1.168961714846633,0.0
50,sc5,47,Commensurate,1.1553196908806311,0.9389932326582217,1.3655427891041088,0.0
50,sc5,47,NPE,0.5409817695617676,-0.04677945864396361,1.1294624676006135,0.0
50,sc5,48,PSPower,1.3101858116693548,1.0841443496142278,1.5362272737244818,0.0
50,sc5,48,IW,1.1925068059754798,0.8962239512481502,1.4887896607028093,0.0
50,sc5,48,Commensurate,1.3636213936658015,1.1342021697703328,1.586961757597244,0.0
50,sc5,48,NPE,0.5255484580993652,-0.026195610830807188,1.070079242082832,0.0
50,sc5,49,PSPower,1.13477975695803,0.931007201587098,1.338552312328962,0.0
50,sc5,49,IW,0.9502743866039627,0.6961721231728184,1.204376650035107,0.0
50,sc5,49,Commensurate,1.17333955110987,0.9571667809766615,1.3746464605588953,0.0
50,sc5,49,NPE,0.4471213221549988,-0.16879313414147948,1.0801755119053238,0.0
50,sc6,0,PSPower,0.7053751976108312,0.452993487425017,0.9577569077966455,0.0
50,sc6,0,IW,0.25006319541187944,-0.036824161300622604,0.5369505521243815,0.0
50,sc6,0,Commensurate,0.3006030268017944,-0.005289822862590527,0.5911061371538686,0.0
50,sc6,0,NPE,0.2646322548389435,-0.37171447561804205,0.9182535651291469,0.0
50,sc6,1,PSPower,0.38402476347821507,0.03219543117881646,0.7358540957776136,0.0
50,sc6,1,IW,0.058835100545290724,-0.3265661289965785,0.44423633008715996,0.0
50,sc6,1,Commensurate,0.48522551988959206,0.16636444105816073,0.795852555404758,0.0
50,sc6,1,NPE,0.24344313144683838,-0.3079087249763732,0.8041179022731165,0.0
50,sc6,2,PSPower,0.4241115734273314,0.1182709343166532,0.7299522125380096,0.0
50,sc6,2,IW,0.09406121653542467,-0.2602534028923282,0.4483758359631775,0.0
50,sc6,2,Commensurate,0.41502530428430956,0.10598155847692264,0.7268666519298792,0.0
50,sc6,2,NPE,0.20525476336479187,-0.46532028854161656,0.8880878328036779,0.0
50,sc6,3,PSPower,0.5918858510636366,0.26948105140652023,0.9142906507207529,0.0
50,sc6,3,IW,0.320610278067869,-0.037526142902090165,0.6787466990378281,0.0
50,sc6,3,Commensurate,0.6641058345487593,0.3467263100486034,0.9764061529676467,0.0
50,sc6,3,NPE,0.420457661151886,-0.10268876887755878,0.9504215293115044,0.0
50,sc6,4,PSPower,0.9973473243367149,0.6875366724936023,1.3071579761798275,0.0
50,sc6,4,IW,0.6758260319708752,0.31685865483995423,1.034793409101796,0.0
50,sc6,4,Commensurate,0.8128146198628562,0.4853646890772322,1.1262828128352507,0.0
50,sc6,4,NPE,0.6581798195838928,0.07676274878962047,1.2344971163324834,0.0
50,sc6,5,PSPower,0.6184166597308043,0.32389466414378154,0.912938655317827,0.0
50,sc6,5,IW,0.28146333349617575,-0.06474091222556139,0.6276675792179129,0.0
50,sc6,5,Commensurate,0.6035450108378905,0.2921499610940029,0.9048128142480599,0.0
50,sc6,5,NPE,0.20192542672157288,-0.4257049208569636,0.7919483244217295,0.0
50,sc6,6,PSPower,0.8016134843928681,0.4508639531175631,1.152363015668173,0.0
50,sc6,6,IW,0.5699180977318902,0.1776875876027303,0.96214860786105,0.0
50,sc6,6,Commensurate,0.8276460214240589,0.5044668566334842,1.1665723104848869,0.0
50,sc6,6,NPE,0.10116682946681976,-0.422363205045417,0.6362922195356364,0.0
50,sc6,7,PSPower,0.7740936899708497,0.49780612161864696,1.0503812583230525,0.0
50,sc6,7,IW,0.38462093052903873,0.07026123890269448,0.6989806221553829,0.0
50,sc6,7,Commensurate,0.5334635113193809,0.24630679327797578,0.8284076762392781,0.0
50,sc6,7,NPE,0.2986004948616028,-0.2763147548823118,0.893866206931123,0.0
50,sc6,8,PSPower,0.5250195800712286,0.25879833835650085,0.7912408217859563,0.0
50,sc6,8,IW,0.2157973652446342,-0.08078281147446795,0.5123775419637363,0.0
50,sc6,8,Commensurate,0.3009982624403649,-0.004066782346520551,0.5881485956564996,0.0
50,sc6,8,NPE,0.3603989779949188,-0.18719658801778766,0.9104838801039424,0.0
50,sc6,9,PSPower,0.5996303270365589,0.29289477714605433,0.9063658769270635,0.0
50,sc6,9,IW,0.23825617760063839,-0.10392817526403725,0.580440530465314,0.0
50,sc6,9,Commensurate,0.5745177475249793,0.26634254783997563,0.8749988755309489,0.0
50,sc6,9,NPE,0.1095736175775528,-0.4378987450268816,0.6785376633114947,0.0
50,sc6,10,PSPower,0.5306867173082093,0.26512799792441377,0.7962454366920048,0.0
50,sc6,10,IW,0.3420328607931636,0.06434986538623189,0.6197158562000953,0.0
50,sc6,10,Commensurate,0.416973075739112,0.13116213612722624,0.6931384032103525,0.0
50,sc6,10,NPE,0.4066428244113922,-0.18234237174295514,0.9819381880749674,0.0
50,sc6,11,PSPower,0.7950229205078396,0.45642248247921546,1.1336233585364637,0.0
50,sc6,11,IW,0.45905104637866484,0.0700178617642555,0.8480842309930742,0.0
50,sc6,11,Commensurate,0.7686336210579039,0.45843001962276836,1.0678312362674354,0.0
50,sc6,11,NPE,0.47945672273635864,-0.1986367884984145,1.139225909798029,0.0
50,sc6,12,PSPower,0.7692288587412606,0.4877487219269234,1.0507089955555977,0.0
50,sc6,12,IW,0.4076274121951633,0.08423996792080773,0.7310148564695189,0.0
50,sc6,12,Commensurate,0.5175045139357165,0.1901979810141374,0.8517664295357126,0.0
50,sc6,12,NPE,0.4891226291656494,-0.16825545980468326,1.1473583527819164,0.0
50,sc6,13,PSPower,0.34775939409105106,0.0037755777321714645,0.6917432104499306,0.0
50,sc6,13,IW,-0.08205584563450274,-0.4819511282131772,0.3178394369441717,0.0
50,sc6,13,Commensurate,0.3839428228963994,0.08260726653841675,0.6897043952939398,0.0
50,sc6,13,NPE,0.25190839171409607,-0.2710528379079972,0.7776101825940293,0.0
50,sc6,14,PSPower,0.527464869030608,0.17852864600738094,0.876401092053835,0.0
50,sc6,14,IW,0.2997645918179496,-0.09474227622639136,0.6942714598622906,0.0
50,sc6,14,Commensurate,0.5270758604097149,0.21013025134459967,0.8307655641339314,0.0
50,sc6,14,NPE,0.454878032207489,-0.13244225942900195,1.0666821118658896,0.0
50,sc6,15,PSPower,0.6718397830362052,0.4151155204837342,0.9285640455886761,0.0
50,sc6,15,IW,0.28634188035354835,-0.006589100687497074,0.5792728613945938,0.0
50,sc6,15,Commensurate,0.30611667625051225,0.018720753065319142,0.5891145279270318,0.0
50,sc6,15,NPE,0.11801744252443314,-0.4878917018881676,0.6925902472636734,0.0
50,sc6,16,PSPower,0.2911695204366369,-0.025543013331555064,0.6078820542048289,0.0
50,sc6,16,IW,-0.09871578434393065,-0.4614380191841059,0.2640064504962446,0.0
50,sc6,16,Commensurate,0.1997253648891355,-0.14610261390226956,0.5132465957281545,0.0
50,sc6,16,NPE,0.1984429657459259,-0.37791906352877747,0.7830666372273986,0.0
50,sc6,17,PSPower,0.7809854035955218,0.5004232770711085,1.061547530119935,0.0
50,sc6,17,IW,0.5317629854207019,0.2134638599963128,0.850062110845091,0.0
50,sc6,17,Commensurate,0.601632103904584,0.3020591129065128,0.9003156758897664,0.0
50,sc6,17,NPE,0.5134077668190002,-0.024026449197870673,1.0325284091529752,0.0
50,sc6,18,PSPower,0.5016606358904006,0.14616076203559475,0.8571605097452064,0.0
50,sc6,18,IW,0.2696003580110882,-0.12378457359734868,0.6629852896195252,0.0
50,sc6,18,Commensurate,0.5848386257654029,0.25027561903675,0.909301806235675,0.0
50,sc6,18,NPE,0.43873536586761475,-0.13932716289455022,1.0251995740506419,0.0
50,sc6,19,PSPower,0.5778768169279911,0.2712039666251167,0.8845496672308655,0.0
50,sc6,19,IW,0.22785282475535484,-0.11938270150770769,0.5750883510184174,0.0
50,sc6,19,Commensurate,0.5103356156121253,0.18930011403909952,0.8259665411355259,0.0
50,sc6,19,NPE,0.5658904314041138,-0.07055526825370922,1.2117546002428212,0.0
50,sc6,20,PSPower,0.9503023127127908,0.6508399805447476,1.249764644880834,0.0
50,sc6,20,IW,0.631645687431458,0.2924590926311512,0.9708322822317648,0.0
50,sc6,20,Commensurate,0.7521740779144283,0.45066114588584855,1.0591662919649276,0.0
50,sc6,20,NPE,0.7290683388710022,0.06549790114413113,1.4019865972122414,0.0
50,sc6,21,PSPower,0.3983446383968957,0.07650347060648588,0.7201858061873055,0.0
50,sc6,21,IW,0.07981139574379216,-0.2792826185909825,0.4389054100785668,0.0
50,sc6,21,Commensurate,0.455051694847936,0.13286060419618984,0.7643605297888136,0.0
50,sc6,21,NPE,-0.0951310247182846,-0.6706422296119472,0.489437128037338,0.0
50,sc6,22,PSPower,0.8231824662493598,0.5264878310672212,1.1198771014314983,0.0
50,sc6,22,IW,0.43576731779279104,0.07556327316730277,0.7959713624182794,0.0
50,sc6,22,Commensurate,0.6028812358800613,0.27952013304303175,0.9095248575867962,0.0
50,sc6,22,NPE,0.2870095372200012,-0.38557083068593806,0.959750507355963,0.0
50,sc6,23,PSPower,0.7871112408751479,0.5068869842783639,1.067335497471932,0.0
50,sc6,23,IW,0.4148664253277196,0.10315571968394688,0.7265771309714923,0.0
50,sc6,23,Commensurate,0.5120518317582918,0.22546820055570602,0.7903595783709387,0.0
50,sc6,23,NPE,0.2550394833087921,-0.323600273397398,0.8101040100823754,0.0
50,sc6,24,PSPower,0.573779343830082,0.3080785063177861,0.8394801813423779,0.0
50,sc6,24,IW,0.2888377260752429,-0.004549072229026341,0.5822245243795121,0.0
50,sc6,24,Commensurate,0.40811907807942105,0.14294072864853677,0.6819181568667777,0.0
50,sc6,24,NPE,0.1267589032649994,-0.4087278039136676,0.6666009712756183,0.0
50,sc6,25,PSPower,0.44243856761199396,0.13203080327744338,0.7528463319465446,0.0
50,sc6,25,IW,0.14243253127627128,-0.20692217356329426,0.49178723611583686,0.0
50,sc6,25,Commensurate,0.46450689135048207,0.16449384998757752,0.761411392365073,0.0
50,sc6,25,NPE,0.202913299202919,-0.304175837741531,0.7239323167965201,0.0
50,sc6,26,PSPower,0.6519422239098466,0.357714657206169,0.9461697906135241,0.0
50,sc6,26,IW,0.3953896493717982,0.07681431818803114,0.7139649805555652,0.0
50,sc6,26,Commensurate,0.5192484367541872,0.23160189119122854,0.8150543330565491,0.0
50,sc6,26,NPE,0.38428446650505066,-0.12367682857376919,0.8725731753208108,0.0
50,sc6,27,PSPower,0.5281168879191495,0.22187504761644977,0.8343587282218492,0.0
50,sc6,27,IW,0.25375775161148917,-0.09123441962340345,0.5987499228463817,0.0
50,sc6,27,Commensurate,0.4738070778940112,0.15868196603327683,0.7886972958315664,0.0
50,sc6,27,NPE,0.40130680799484253,-0.18351553299257256,0.9925997689166827,0.0
50,sc6,28,PSPower,0.45507499159322756,0.1283905863830278,0.7817593968034273,0.0
50,sc6,28,IW,0.27348396706983175,-0.07898138863933069,0.6259493227789942,0.0
50,sc6,28,Commensurate,0.4961018405721238,0.16402400072349915,0.8263668088333068,0.0
50,sc6,28,NPE,0.3670293688774109,-0.18693798524179506,0.9067367181547217,0.0
50,sc6,29,PSPower,0.5073395324033273,0.23366024755503972,0.7810188172516148,0.0
50,sc6,29,IW,0.20551198476481988,-0.09652573709566967,0.5075497066253094,0.0
50,sc6,29,Commensurate,0.4905215074438522,0.20049417540438771,0.7718563860650538,0.0
50,sc6,29,NPE,0.017488136887550354,-0.4698503704214866,0.4791823741126612,0.0
50,sc6,30,PSPower,0.39051841184127106,0.09376873026702798,0.6872680934155142,0.0
50,sc6,30,IW,0.09812555179087748,-0.24267139225512693,0.4389224958368819,0.0
50,sc6,30,Commensurate,0.33107707846286355,0.020398833420662652,0.6342937363133102,0.0
50,sc6,30,NPE,0.273165225982666,-0.3651102020305778,0.9106989165543052,0.0
50,sc6,31,PSPower,0.6377090709976987,0.3581377697176524,0.917280372277745,0.0
50,sc6,31,IW,0.2040175541910612,-0.11141181123633631,0.5194469196184588,0.0
50,sc6,31,Commensurate,0.42431987044777975,0.11108074476206631,0.7446557016130313,0.0
50,sc6,31,NPE,0.31907427310943604,-0.13125170640177466,0.7859102654729317,0.0
50,sc6,32,PSPower,0.23125094811425592,-0.03480254778838729,0.4973044440168991,0.0
50,sc6,32,IW,0.1309073861656937,-0.14452742555381592,0.4063421978852033,0.0
50,sc6,32,Commensurate,0.21753964378946816,-0.033253246248025836,0.4648170842814722,0.0
50,sc6,32,NPE,0.01740536093711853,-0.46996011204350546,0.5080216857361337,0.0
50,sc6,33,PSPower,0.3967544494524236,0.0993316612082279,0.6941772376966193,0.0
50,sc6,33,IW,0.1152696666018571,-0.22063347724030985,0.4511728104440241,0.0
50,sc6,33,Commensurate,0.44048634252288066,0.1328477541711629,0.7319251430889369,0.0
50,sc6,33,NPE,0.09038624912500381,-0.46089137757225535,0.677598467296035,0.0
50,sc6,34,PSPower,0.2695732012078472,-0.04770345656719638,0.5868498589828908,0.0
50,sc6,34,IW,-6.573214808799254e-05,-0.3509139114423391,0.35078244714616313,0.0
50,sc6,34,Commensurate,0.22906922277388686,-0.09016999792293362,0.5413621933776803,0.0
50,sc6,34,NPE,0.10774752497673035,-0.442220496867047,0.6797109562120506,0.0
50,sc6,35,PSPower,0.4177783688258254,0.10923178099484582,0.7263249566568051,0.0
50,sc6,35,IW,0.0006843477014562009,-0.3460688175596973,0.3474375129626097,0.0
50,sc6,35,Commensurate,0.2857726605811187,-0.04262838119829001,0.6000870849251534,0.0
50,sc6,35,NPE,-0.1284065693616867,-0.698649179743852,0.45316634551911084,0.0
50,sc6,36,PSPower,0.4516796566612448,0.17231613208908575,0.731043181233404,0.0
50,sc6,36,IW,0.1497470770697773,-0.16311867045802336,0.46261282459757797,0.0
50,sc6,36,Commensurate,0.43989472938972973,0.13921157398495035,0.7160940461218359,0.0
50,sc6,36,NPE,0.04610290378332138,-0.6146345458930568,0.7060865721319856,0.0
50,sc6,37,PSPower,0.7097442053130486,0.37255022632672413,1.046938184299373,0.0
50,sc6,37,IW,0.4898475656735132,0.11014541899223101,0.8695497123547953,0.0
50,sc6,37,Commensurate,0.7073226688767884,0.40702615408430365,1.0250704407531135,0.0
50,sc6,37,NPE,0.7455079555511475,0.1344416451643552,1.3542330546214736,0.0
50,sc6,38,PSPower,0.5985414345088415,0.26829828857468935,0.9287845804429935,0.0
50,sc6,38,IW,0.22955260491653462,-0.1600087423727885,0.6191139522058577,0.0
50,sc6,38,Commensurate,0.5724979834592989,0.23416448447450633,0.8984619440518612,0.0
50,sc6,38,NPE,0.25275731086730957,-0.3500596025552652,0.844012234385604,0.0
50,sc6,39,PSPower,0.4722294943336843,0.1525400078237969,0.7919189808435716,0.0
50,sc6,39,IW,0.1795390392703385,-0.17419165663249067,0.5332697351731677,0.0
50,sc6,39,Commensurate,0.4171671965133472,0.08983928145084447,0.7203165713653158,0.0
50,sc6,39,NPE,0.4856381416320801,-0.09834325761851169,1.0745698027563573,0.0
50,sc6,40,PSPower,0.46954881688132455,0.22111893563135343,0.7179786981312957,0.0
50,sc6,40,IW,0.1969450177942044,-0.08274862455131535,0.4766386601397241,0.0
50,sc6,40,Commensurate,0.23675585175381514,-0.04168667560546789,0.49809821130252757,0.0
50,sc6,40,NPE,0.7046611309051514,0.04362775858103919,1.3736512000180483,0.0
50,sc6,41,PSPower,0.7060677491153561,0.36525031684974923,1.046885181380963,0.0
50,sc6,41,IW,0.4783692954506281,0.11039103911025727,0.846347551790999,0.0
50,sc6,41,Commensurate,0.7511312617583606,0.4480100376118688,1.0587160234062012,0.0
50,sc6,41,NPE,0.28684189915657043,-0.2618393604034587,0.8238046648843307,0.0
50,sc6,42,PSPower,0.36700621329116456,0.09569855240283143,0.6383138741794977,0.0
50,sc6,42,IW,0.0682179298849018,-0.24795679418473485,0.3843926539545385,0.0
50,sc6,42,Commensurate,0.15683640340032565,-0.14509444605297603,0.43901927751631487,0.0
50,sc6,42,NPE,0.23757189512252808,-0.3618443192380654,0.8589717678514205,0.0
50,sc6,43,PSPower,0.723276359518319,0.4624692178979531,0.984083501138685,0.0
50,sc6,43,IW,0.34645563482556246,0.05531211673592573,0.6375991529151992,0.0
50,sc6,43,Commensurate,0.4539592331196045,0.14852175805528123,0.7489014307291986,0.0
50,sc6,43,NPE,0.16438956558704376,-0.4473576579254282,0.7798704344624248,0.0
50,sc6,44,PSPower,0.7472816383127073,0.47004149100868564,1.024521785616729,0.0
50,sc6,44,IW,0.5292376753080745,0.22931968102074668,0.8291556695954023,0.0
50,sc6,44,Commensurate,0.7495066342648595,0.4476846094231669,1.0378348567431168,0.0
50,sc6,44,NPE,0.4381526708602905,-0.04341606695318236,0.9074359352537508,0.0
50,sc6,45,PSPower,0.3889589407938503,0.11558919287370073,0.6623286887139999,0.0
50,sc6,45,IW,0.13869795847833075,-0.1659698893868272,0.44336580634348866,0.0
50,sc6,45,Commensurate,0.2982853764420648,0.010372337656072544,0.5893108732923935,0.0
50,sc6,45,NPE,0.04942488670349121,-0.4688808895596387,0.6005470341688379,0.0
50,sc6,46,PSPower,0.4524516161082601,0.14857686978957163,0.7563263624269486,0.0
50,sc6,46,IW,0.11136460464971042,-0.2382450000868614,0.46097420938628225,0.0
50,sc6,46,Commensurate,0.38184212062468825,0.06420463631435104,0.6649189303447101,0.0
50,sc6,46,NPE,0.23247800767421722,-0.3061262957924464,0.7452360570643363,0.0
50,sc6,47,PSPower,0.4276674489669032,0.07185868180655491,0.7834762161272515,0.0
50,sc6,47,IW,0.05428450619925054,-0.34566680418695506,0.4542358165854562,0.0
50,sc6,47,Commensurate,0.366668646777292,0.031126975183031425,0.6726749375182378,0.0
50,sc6,47,NPE,0.36695343255996704,-0.1814548086322394,0.896758277213408,0.0
50,sc6,48,PSPower,0.03816602931718622,-0.30574627532310633,0.38207833395747876,0.0
50,sc6,48,IW,-0.22904822945454634,-0.610576018882335,0.15247955997324242,0.0
50,sc6,48,Commensurate,0.028405926813475837,-0.29004902630527657,0.349756006030303,0.0
50,sc6,48,NPE,0.0024774372577667236,-0.62037186616891,0.6010684909717594,0.0
50,sc6,49,PSPower,0.9026024002918035,0.6044175825887581,1.2007872179948489,0.0
50,sc6,49,IW,0.5172647554570814,0.17918332376862073,0.8553461871455421,0.0
50,sc6,49,Commensurate,0.8736712403740985,0.592136312926197,1.1540460346696526,0.0
50,sc6,49,NPE,0.22038796544075012,-0.3603821013417783,0.7956856229279745,0.0
100,sc1,0,PSPower,-0.09485049015313159,-0.28764446851947445,0.09794348821321126,0.0
100,sc1,0,IW,-0.14053345331705824,-0.3841428316694301,0.1030759250353136,0.0
100,sc1,0,Commensurate,-0.09168831662143054,-0.273193934098401,0.09653559478862418,0.0
100,sc1,0,NPE,0.16900449991226196,-0.35582544990030196,0.6871113822341102,0.0
100,sc1,1,PSPower,0.01896997308583506,-0.16492686469532236,0.2028668108669925,0.0
100,sc1,1,IW,0.04968698947525487,-0.19115272480898732,0.2905267037594971,0.0
100,sc1,1,Commensurate,-0.007275023938983688,-0.1880389247599554,0.17036177538911043,0.0
100,sc1,1,NPE,0.27604296803474426,-0.2712618520175971,0.8305445525453325,0.0
100,sc1,2,PSPower,0.02977923454906267,-0.1554245177737492,0.21498298687187453,0.0
100,sc1,2,IW,-0.03407176130041547,-0.2747327119644446,0.20658918936361367,0.0
100,sc1,2,Commensurate,0.03917838885172007,-0.1482025297803708,0.21622618238686192,0.0
100,sc1,2,NPE,0.10549317300319672,-0.46858262301676773,0.6731029472206658,0.0
100,sc1,3,PSPower,0.0918826929266455,-0.09868204608354583,0.28244743193683686,0.0
100,sc1,3,IW,0.14352494592611825,-0.09517135673561969,0.3822212485878562,0.0
100,sc1,3,Commensurate,0.09812448978837808,-0.09316023230010043,0.2754531463615743,0.0
100,sc1,3,NPE,0.43421339988708496,-0.1571348940348606,1.0194842210776782,0.0
100,sc1,4,PSPower,0.09625840696171888,-0.07064394245156726,0.263160756375005,0.0
100,sc1,4,IW,0.09169340851864084,-0.11992692803788223,0.3033137450751639,0.0
100,sc1,4,Commensurate,0.09034282531810976,-0.08741520323670808,0.2577866533361098,0.0
100,sc1,4,NPE,0.18158459663391113,-0.3986120104132266,0.7469533995576026,0.0
100,sc1,5,PSPower,-0.02958726975057642,-0.20086580917266106,0.1416912696715082,0.0
100,sc1,5,IW,-0.03398183461643889,-0.2540293520246091,0.18606568279173133,0.0
100,sc1,5,Commensurate,-0.034646720144177634,-0.21832366223711175,0.13848909594201056,0.0
100,sc1,5,NPE,0.17727605998516083,-0.39137987986991196,0.7661225609479245,0.0
100,sc1,6,PSPower,0.22469343935179056,0.022112415307759592,0.42727446339582154,0.0
100,sc1,6,IW,0.25634916587988676,-0.007227752939764909,0.5199260846995384,0.0
100,sc1,6,Commensurate,0.21206101261728713,0.012062308938520063,0.4099206323195914,0.0
100,sc1,6,NPE,0.4471414089202881,-0.09378425542127733,0.9776748368430008,0.0
100,sc1,7,PSPower,-0.006495512044428236,-0.19907397279728342,0.18608294870842693,0.0
100,sc1,7,IW,0.031919969781109746,-0.21986630009530092,0.2837062396575204,0.0
100,sc1,7,Commensurate,-0.007440268349358966,-0.18862417667945686,0.17429041810625479,0.0
100,sc1,7,NPE,0.21391382813453674,-0.3863568222924841,0.8160959393236707,0.0
100,sc1,8,PSPower,0.2191107229628837,0.05489315702424841,0.383328288901519,0.0
100,sc1,8,IW,0.1704160347027152,-0.04268665348480835,0.3835187228902388,0.0
100,sc1,8,Commensurate,0.2056259437676844,0.03901377937943877,0.37309534999259836,0.0
100,sc1,8,NPE,0.18272550404071808,-0.31704406153581777,0.6834648975333921,0.0
100,sc1,9,PSPower,-0.04519986458929916,-0.2444966638650689,0.15409693468647057,0.0
100,sc1,9,IW,-0.09268663471536188,-0.3393332185448617,0.1539599491141379,0.0
100,sc1,9,Commensurate,-0.05102830080997559,-0.2439095961490813,0.14318759745673665,0.0
100,sc1,9,NPE,0.3823903203010559,-0.13610792895341198,0.8935594265006053,0.0
100,sc1,10,PSPower,0.03883459959061673,-0.13748148032591476,0.2151506795071482,0.0
100,sc1,10,IW,0.04840374149832966,-0.18026370914013065,0.27707119213679,0.0
100,sc1,10,Commensurate,0.057374414711006606,-0.11866579872555984,0.24215941809792743,0.0
100,sc1,10,NPE,0.2891521751880646,-0.23471737078166152,0.8228395077178916,0.0
100,sc1,11,PSPower,-0.0850702104928124,-0.29483517441652995,0.12469475343090518,0.0
100,sc1,11,IW,-0.17549434384588225,-0.42970262999785586,0.07871394230609136,0.0
100,sc1,11,Commensurate,-0.09320515926524789,-0.2761334828786187,0.09436983737080408,0.0
100,sc1,11,NPE,0.07842017710208893,-0.4797142486661431,0.6156869527183969,0.0
100,sc1,12,PSPower,-0.17015314902221473,-0.3757354557285129,0.035429157684083445,0.0
100,sc1,12,IW,-0.1476260776839986,-0.4165969902311878,0.12134483486319059,0.0
100,sc1,12,Commensurate,-0.16887734628717063,-0.3672485720972327,0.03645964296808524,0.0
100,sc1,12,NPE,-0.07479886710643768,-0.7119503447421365,0.5790859204110018,0.0
100,sc1,13,PSPower,-0.09145614849107526,-0.29179759558248713,0.10888529860033662,0.0
100,sc1,13,IW,-0.1309947768392934,-0.39230663083312295,0.13031707715453617,0.0
100,sc1,13,Commensurate,-0.08752253915882477,-0.28494390580064455,0.10621194365336163,0.0
100,sc1,13,NPE,0.1605134904384613,-0.4530145825371915,0.7842289325228532,0.0
100,sc1,14,PSPower,0.02628871185768865,-0.18357281404678993,0.23615023776216726,0.0
100,sc1,14,IW,-0.018022117335970905,-0.28377668567649555,0.24773245100455374,0.0
100,sc1,14,Commensurate,0.036768818987361646,-0.16716494882948796,0.2337826377101778,0.0
100,sc1,14,NPE,0.22461296617984772,-0.3496962180361594,0.8068421619594327,0.0
100,sc1,15,PSPower,0.11921983254573637,-0.0980564541658129,0.3364961192572856,0.0
100,sc1,15,IW,0.13827866919668383,-0.13166079293069663,0.40821813132406426,0.0
100,sc1,15,Commensurate,0.12623469101703258,-0.06473820309205809,0.3249511349878658,0.0
100,sc1,15,NPE,0.6253600716590881,0.08227842743924478,1.1775084765545865,0.0
100,sc1,16,PSPower,0.03692202663335844,-0.1540899824533731,0.22793403572009,0.0
100,sc1,16,IW,0.06379884332621134,-0.18035823030852388,0.30795591696094654,0.0
100,sc1,16,Commensurate,0.06361662943478151,-0.11775684947906277,0.2437336059864832,0.0
100,sc1,16,NPE,0.31972795724868774,-0.2655246394531257,0.9065905174882567,0.0
100,sc1,17,PSPower,0.0024396756770527096,-0.17528310834742572,0.18016245970153116,0.0
100,sc1,17,IW,0.10464858773923455,-0.12264537663742484,0.33194255211589396,0.0
100,sc1,17,Commensurate,-0.02480815030556611,-0.198171155611135,0.14823294820130006,0.0
100,sc1,17,NPE,0.0869297981262207,-0.4465229912467669,0.6252261112875017,0.0
100,sc1,18,PSPower,0.1427133664302013,-0.04526646015975255,0.33069319302015515,0.0
100,sc1,18,IW,0.1326769910878286,-0.1099626806667868,0.375316662842444,0.0
100,sc1,18,Commensurate,0.13497067181035016,-0.05220556989111264,0.3097050216592994,0.0
100,sc1,18,NPE,0.48990386724472046,-0.1346745547827341,1.0871347617737939,0.0
100,sc1,19,PSPower,0.09553027659735652,-0.09453314018809764,0.2855936933828107,0.0
100,sc1,19,IW,0.1299296937868865,-0.11752547514246664,0.37738486271623967,0.0
100,sc1,19,Commensurate,0.09565425440835282,-0.08892064564512384,0.27676178272132307,0.0
100,sc1,19,NPE,0.19221433997154236,-0.3085966248646152,0.7022511586293079,0.0
100,sc1,20,PSPower,0.1442456193252693,-0.05158970716564548,0.3400809458161841,0.0
100,sc1,20,IW,0.05541795498045355,-0.19671762877133864,0.3075535387322457,0.0
100,sc1,20,Commensurate,0.12107472288092497,-0.06796727861949257,0.3097968260813864,0.0
100,sc1,20,NPE,0.2860426902770996,-0.2883846888190583,0.8732640657265154,0.0
100,sc1,21,PSPower,-0.04861382547559527,-0.24637449872591793,0.14914684777472736,0.0
100,sc1,21,IW,-0.11807552146079792,-0.36891981687406217,0.13276877395246633,0.0
100,sc1,21,Commensurate,-0.03391244056916838,-0.22183788093582524,0.1591626184360397,0.0
100,sc1,21,NPE,0.04656215012073517,-0.5689504980033389,0.633686599256028,0.0
100,sc1,22,PSPower,0.03112567920357481,-0.16081153555254368,0.2230628939596933,0.0
100,sc1,22,IW,0.042907366632730835,-0.19393844697848805,0.27975318024394974,0.0
100,sc1,22,Commensurate,0.03099681819295453,-0.16442191342933815,0.21903911419915068,0.0
100,sc1,22,NPE,0.3497059643268585,-0.17082031726123978,0.8696298744956613,0.0
100,sc1,23,PSPower,-0.09097609330438365,-0.28294405409798806,0.10099186748922077,0.0
100,sc1,23,IW,-0.10561351551978032,-0.35359317324832085,0.1423661422087602,0.0
100,sc1,23,Commensurate,-0.08396939781356778,-0.28079840558829844,0.10345376238963162,0.0
100,sc1,23,NPE,0.18907099962234497,-0.42229195098549216,0.8139332315353743,0.0
100,sc1,24,PSPower,0.022191977696054133,-0.13124971845591812,0.1756336738480264,0.0
100,sc1,24,IW,-0.0075374799232078085,-0.2074265233603868,0.1923515635139712,0.0
100,sc1,24,Commensurate,8.881763655688313e-05,-0.16237215026584947,0.15615382500085326,0.0
100,sc1,24,NPE,0.1379336267709732,-0.32685757800914345,0.6300701612057665,0.0
100,sc1,25,PSPower,0.006255319299292489,-0.17076077475506854,0.18327141335365352,0.0
100,sc1,25,IW,0.008003961140228288,-0.21273089999558994,0.2287388222760465,0.0
100,sc1,25,Commensurate,0.031622457114121004,-0.14205880165528711,0.20309388764109645,0.0
100,sc1,25,NPE,0.12075535953044891,-0.4379738553317002,0.7013561832606963,0.0
100,sc1,26,PSPower,0.10401739655718191,-0.10951993127853625,0.31755472439290006,0.0
100,sc1,26,IW,0.11285626916543882,-0.15254983394799693,0.3782623722788746,0.0
100,sc1,26,Commensurate,0.12789468372969745,-0.08278391726693957,0.34089907908128914,0.0
100,sc1,26,NPE,0.39362025260925293,-0.13792335899103964,0.9145106970466411,0.0
100,sc1,27,PSPower,-0.06896897670024371,-0.29122048287755,0.15328252947706258,0.0
100,sc1,27,IW,-0.03686138169478281,-0.3225825337845132,0.24885977039494755,0.0
100,sc1,27,Commensurate,-0.07540274914648684,-0.2813290559493965,0.1331128391959928,0.0
100,sc1,27,NPE,0.2491932213306427,-0.35475637223222073,0.8372942545905581,0.0
100,sc1,28,PSPower,0.12448245786906488,-0.09271223300992133,0.3416771487480511,0.0
100,sc1,28,IW,0.13625036917668024,-0.13574946823133807,0.40825020658469857,0.0
100,sc1,28,Commensurate,0.0942456213397161,-0.10888657162792797,0.2866274655786699,0.0
100,sc1,28,NPE,0.3657684922218323,-0.27246023922136076,0.9841303528335833,0.0
100,sc1,29,PSPower,-0.141868926058825,-0.36678515548819435,0.08304730337054436,0.0
100,sc1,29,IW,-0.10159799729540349,-0.38822557259277946,0.1850295780019725,0.0
100,sc1,29,Commensurate,-0.12420304265550201,-0.3312815550357429,0.07807133247121373,0.0
100,sc1,29,NPE,0.15337824821472168,-0.49695676106217607,0.8219176973170051,0.0
100,sc1,30,PSPower,-0.03606377563356778,-0.2633043629374834,0.1911768116703478,0.0
100,sc1,30,IW,-0.04567441801841025,-0.32793448241074635,0.23658564637392585,0.0
100,sc1,30,Commensurate,-0.04137779507635612,-0.25710948461767097,0.19213098534185707,0.0
100,sc1,30,NPE,0.23186179995536804,-0.3264110394421926,0.8173410899663293,0.0
100,sc1,31,PSPower,0.010267693010667114,-0.18267585134629344,0.20321123736762764,0.0
100,sc1,31,IW,0.02030838926316081,-0.22661862258681292,0.26723540111313454,0.0
100,sc1,31,Commensurate,0.010103740018708365,-0.17713278865127674,0.1982119755429467,0.0
100,sc1,31,NPE,0.45459073781967163,-0.16195747283044132,1.0841638453446523,0.0
100,sc1,32,PSPower,0.06578008757981801,-0.13933104551236947,0.2708912206720055,0.0
100,sc1,32,IW,0.12399294582786531,-0.1326943940462041,0.3806802857019347,0.0
100,sc1,32,Commensurate,0.054970901792511795,-0.13319494440171298,0.25026198032192665,0.0
100,sc1,32,NPE,0.3484055995941162,-0.21856440616530395,0.9176492283833207,0.0
100,sc1,33,PSPower,-0.18676983013923584,-0.3756494097715127,0.002109749493040991,0.0
100,sc1,33,IW,-0.12873175814461338,-0.3674122015725011,0.10994868528327431,0.0
100,sc1,33,Commensurate,-0.1644461793335975,-0.3405201205001038,0.007605487590907786,0.0
100,sc1,33,NPE,0.10385330766439438,-0.4201497449451553,0.6604746012845505,0.0
100,sc1,34,PSPower,0.13356102160589262,-0.04862197328256354,0.3157440164943488,0.0
100,sc1,34,IW,0.09799570361474742,-0.1305357406436266,0.3265271478731215,0.0
100,sc1,34,Commensurate,0.13625186457737584,-0.039684366171565524,0.3099945694999609,0.0
100,sc1,34,NPE,0.2910626530647278,-0.23195972058222972,0.8068714541940519,0.0
100,sc1,35,PSPower,0.0843390384362878,-0.10670982868932118,0.2753879055618968,0.0
100,sc1,35,IW,0.07802196971024565,-0.15238625082669982,0.30843019024719115,0.0
100,sc1,35,Commensurate,0.08317537360621705,-0.1052112168374936,0.2686424532401982,0.0
100,sc1,35,NPE,0.5959091782569885,0.08218987483722166,1.0885328336195064,0.0
100,sc1,36,PSPower,0.3178986034009936,0.1310764087659304,0.5047207980360567,0.0
100,sc1,36,IW,0.4618912789689972,0.2229035936516297,0.7008789642863646,0.0
100,sc1,36,Commensurate,0.32251055231484427,0.13901513589967598,0.5076944679611657,0.0
100,sc1,36,NPE,0.4238176941871643,-0.046336714336150636,0.8816099159622539,0.0
100,sc1,37,PSPower,-0.05569591839566982,-0.2611976097494182,0.14980577295807856,0.0
100,sc1,37,IW,0.009207012224103854,-0.23903504103618423,0.25744906548439195,0.0
100,sc1,37,Commensurate,-0.06665815285351118,-0.2541518993178043,0.12309534415288956,0.0
100,sc1,37,NPE,0.01409110426902771,-0.5947936755039686,0.6291795904313137,0.0
100,sc1,38,PSPower,-0.051479954187262277,-0.2610538298452106,0.15809392147068604,0.0
100,sc1,38,IW,-0.009219908789331557,-0.2856776671657487,0.26723784958708563,0.0
100,sc1,38,Commensurate,-0.05133821273205787,-0.2586748676830563,0.15611748329851916,0.0
100,sc1,38,NPE,0.10934074223041534,-0.5046038704642486,0.7053543881348947,0.0
100,sc1,39,PSPower,-0.06109003556885871,-0.26548828862752044,0.143308217489803,0.0
100,sc1,39,IW,-0.023535215105757717,-0.2880179903434721,0.24094756013195665,0.0
100,sc1,39,Commensurate,-0.030805502319278772,-0.23035626522498248,0.1540663506811837,0.0
100,sc1,39,NPE,0.2444792240858078,-0.33159983274116533,0.8546968398460343,0.0
100,sc1,40,PSPower,0.09910434979138459,-0.08780570747655624,0.2860144070593254,0.0
100,sc1,40,IW,0.1135291011808875,-0.13547762666314356,0.36253582902491854,0.0
100,sc1,40,Commensurate,0.12830517228857063,-0.06638988788335175,0.32705061342946234,0.0
100,sc1,40,NPE,0.6411207318305969,0.07164345930473905,1.1877950909788668,0.0
100,sc1,41,PSPower,-0.07080334950878353,-0.23727725604238917,0.0956705570248221,0.0
100,sc1,41,IW,-0.07229130369683234,-0.2827130984516172,0.13813049105795253,0.0
100,sc1,41,Commensurate,-0.06547975252283972,-0.232983096898265,0.10077619148713532,0.0
100,sc1,41,NPE,0.07728772610425949,-0.44166796425654187,0.5793976724898943,0.0
100,sc1,42,PSPower,-0.016432516028811368,-0.21017198780688268,0.17730695574925992,0.0
100,sc1,42,IW,-0.0505010165158335,-0.29804926418829647,0.19704723115662948,0.0
100,sc1,42,Commensurate,-0.006579534351743996,-0.1946993860026184,0.17538815500623794,0.0
100,sc1,42,NPE,0.0792330950498581,-0.45342760043017993,0.625196641171341,0.0
100,sc1,43,PSPower,-0.18399898435231984,-0.3933233976996592,0.025325428995019494,0.0
100,sc1,43,IW,-0.14334026255879534,-0.40624383573526246,0.11956331061767178,0.0
100,sc1,43,Commensurate,-0.20938433320517355,-0.41568310155593385,-0.004334199711829668,0.0
100,sc1,43,NPE,0.208490252494812,-0.3649339027578012,0.798424591651769,0.0
100,sc1,44,PSPower,0.06883408560908126,-0.11077778991302963,0.24844596113119216,0.0
100,sc1,44,IW,-0.016858526941297487,-0.2379830672222099,0.20426601333961492,0.0
100,sc1,44,Commensurate,0.06409352187244811,-0.11724744078830278,0.2553085335898851,0.0
100,sc1,44,NPE,0.10708264261484146,-0.41901942408506515,0.6198763606506696,0.0
100,sc1,45,PSPower,-0.036859439018424874,-0.27004811339417345,0.19632923535732372,0.0
100,sc1,45,IW,-0.06743075644555774,-0.36052298278329215,0.22566146989217667,0.0
100,sc1,45,Commensurate,-0.07285005181254396,-0.2844378457170107,0.1396562786723838,0.0
100,sc1,45,NPE,0.24661844968795776,-0.3988653305699671,0.9078274305733253,0.0
100,sc1,46,PSPower,-0.00993916407152183,-0.1780267113265137,0.15814838318347008,0.0
100,sc1,46,IW,-0.006091735271324764,-0.2150495781056591,0.2028661075630096,0.0
100,sc1,46,Commensurate,-0.0007699204578304159,-0.17189465989139244,0.17582638448797958,0.0
100,sc1,46,NPE,0.1841466724872589,-0.37774951774861465,0.7172132721324992,0.0
100,sc1,47,PSPower,0.12475712565768858,-0.05157006887043279,0.30108432018580994,0.0
100,sc1,47,IW,0.19778724965758682,-0.028337214199629424,0.42391171351480306,0.0
100,sc1,47,Commensurate,0.13047685134733344,-0.044082786705042884,0.2960922012204073,0.0
100,sc1,47,NPE,0.25469398498535156,-0.23963506911906432,0.7743390706509586,0.0
100,sc1,48,PSPower,0.08834271091204925,-0.10332281960607233,0.28000824143017083,0.0
100,sc1,48,IW,0.06341050589910466,-0.1748469976348542,0.3016680094330635,0.0
100,sc1,48,Commensurate,0.09316289489114643,-0.10855594113916799,0.29471491382327997,0.0
100,sc1,48,NPE,0.1991855502128601,-0.3154940948558223,0.7168408152654716,0.0
100,sc1,49,PSPower,-0.07403404594846992,-0.2786582948652115,0.13059020296827162,0.0
100,sc1,49,IW,0.047326119378648675,-0.2113772109303938,0.30602944968769114,0.0
100,sc1,49,Commensurate,-0.06174860286565064,-0.255237374697176,0.13626273520388638,0.0
100,sc1,49,NPE,0.6407172679901123,0.0856260976723455,1.1991360923325611,0.0
100,sc2,0,PSPower,0.009499394193249678,-0.2889327860005292,0.30793157438702856,0.0
100,sc2,0,IW,0.02180437851288058,-0.30435064026073083,0.347959397286492,0.0
100,sc2,0,Commensurate,0.011298038679505943,-0.24982491348575486,0.28849174656683774,0.0
100,sc2,0,NPE,0.35958611965179443,-0.20751740069125865,0.9317425561201247,0.0
100,sc2,1,PSPower,-0.030109988648882893,-0.28861266987364237,0.2283926925758766,0.0
100,sc2,1,IW,-0.06959937842136643,-0.3483800620506702,0.20918130520793732,0.0
100,sc2,1,Commensurate,0.02531244193277586,-0.22102314232175826,0.2638933337785323,0.0
100,sc2,1,NPE,0.2031039595603943,-0.345807050081955,0.7612383271926175,0.0
100,sc2,2,PSPower,0.12976318993505784,-0.0999354660919008,0.35946184596201647,0.0
100,sc2,2,IW,0.12959596170627133,-0.1194488010127766,0.37864072442531926,0.0
100,sc2,2,Commensurate,0.1829547568968225,-0.026397191885062295,0.39951411232819467,0.0
100,sc2,2,NPE,0.6553108096122742,0.02095282361195456,1.294186240192742,0.0
100,sc2,3,PSPower,0.1495914606531404,-0.10681093314938375,0.4059938544556646,0.0
100,sc2,3,IW,0.1681299368423978,-0.09955360289344678,0.4358134765782424,0.0
100,sc2,3,Commensurate,0.0956518785445059,-0.14573596140342113,0.34095469659088445,0.0
100,sc2,3,NPE,0.318073570728302,-0.25246022708381133,0.9074311281701325,0.0
100,sc2,4,PSPower,-0.13798523492192624,-0.40490792939660236,0.1289374595527499,0.0
100,sc2,4,IW,-0.1162956520469234,-0.40523642765226153,0.17264512355841477,0.0
100,sc2,4,Commensurate,-0.14705964535867086,-0.37535538270156865,0.08850585070532098,0.0
100,sc2,4,NPE,0.4120368957519531,-0.11564296579737895,0.960889788549746,0.0
100,sc2,5,PSPower,0.036369509986308425,-0.20310318424117485,0.2758422042137917,0.0
100,sc2,5,IW,0.027327942409333394,-0.2282102349634912,0.282866119782158,0.0
100,sc2,5,Commensurate,0.07219680032713785,-0.15103991396639824,0.2950403933340252,0.0
100,sc2,5,NPE,0.22317451238632202,-0.27474608774634324,0.7324946794245988,0.0
100,sc2,6,PSPower,-0.060734528036262975,-0.31490125045983275,0.19343219438730677,0.0
100,sc2,6,IW,-0.02789666118435582,-0.30148192669823576,0.24568860432952414,0.0
100,sc2,6,Commensurate,-0.05497675745056953,-0.29126592903182674,0.169872061764305,0.0
100,sc2,6,NPE,0.4011755585670471,-0.24395121481046061,1.0378812000057074,0.0
100,sc2,7,PSPower,-0.0977951034476647,-0.357510687477837,0.16192048058250755,0.0
100,sc2,7,IW,-0.14302497523476274,-0.4162812180057226,0.1302312675361971,0.0
100,sc2,7,Commensurate,-0.1133224399515216,-0.3573428533610034,0.12564679296546533,0.0
100,sc2,7,NPE,0.16591326892375946,-0.36239135023214025,0.7029566902290462,0.0
100,sc2,8,PSPower,0.3416459337825974,0.10875931265202213,0.5745325549131727,0.0
100,sc2,8,IW,0.4290700807773031,0.17463766359970623,0.6835024979548999,0.0
100,sc2,8,Commensurate,0.3425431848268624,0.12161065501336091,0.5530635755128985,0.0
100,sc2,8,NPE,0.744192898273468,0.20045022965587167,1.2941409270163744,0.0
100,sc2,9,PSPower,0.289409234437964,0.04941722332773074,0.5294012455481973,0.0
100,sc2,9,IW,0.35493771972615523,0.09638135395960101,0.6134940854927095,0.0
100,sc2,9,Commensurate,0.2629011464566692,0.04438569177852283,0.48490708148826855,0.0
100,sc2,9,NPE,0.5692727565765381,0.02524242123207685,1.1068916941586815,0.0
100,sc2,10,PSPower,0.03965976862670438,-0.214406748156807,0.2937262854102158,0.0
100,sc2,10,IW,0.0005986767849537079,-0.26976137964837865,0.2709587332182861,0.0
100,sc2,10,Commensurate,0.006683935524725402,-0.22090608898901853,0.2500683967220928,0.0
100,sc2,10,NPE,0.01676812767982483,-0.5074205873015826,0.5278738096422781,0.0
100,sc2,11,PSPower,-0.0698815855339216,-0.2985912822399656,0.15882811117212242,0.0
100,sc2,11,IW,-0.11648945560528066,-0.35811112053399435,0.125132209323433,0.0
100,sc2,11,Commensurate,-0.003385184259149423,-0.21754574377475516,0.21210104074475092,0.0
100,sc2,11,NPE,0.16772174835205078,-0.3680170387659979,0.6624538720872041,0.0
100,sc2,12,PSPower,-0.058099209806896354,-0.28278758420343036,0.16658916458963763,0.0
100,sc2,12,IW,-0.06599076574117764,-0.30023249776669186,0.16825096628433656,0.0
100,sc2,12,Commensurate,-0.039246993092534495,-0.2531524036054733,0.165332907355998,0.0
100,sc2,12,NPE,0.17248523235321045,-0.34534912455427413,0.6934826864072281,0.0
100,sc2,13,PSPower,-0.16243808803486745,-0.4122016860015726,0.08732550993183769,0.0
100,sc2,13,IW,-0.15763652440754428,-0.4211687615765703,0.10589571276148174,0.0
100,sc2,13,Commensurate,-0.13011849805742817,-0.363393403855521,0.10243643173692095,0.0
100,sc2,13,NPE,0.24942204356193542,-0.2935768423473977,0.8108382737534335,0.0
100,sc2,14,PSPower,-0.13095640118969135,-0.414331208422002,0.15241840604261933,0.0
100,sc2,14,IW,-0.19353089144819483,-0.5000085823868825,0.11294679949049288,0.0
100,sc2,14,Commensurate,-0.12833343964421948,-0.40156429868204513,0.12111562925655148,0.0
100,sc2,14,NPE,0.25027236342430115,-0.34215019984309225,0.8686442447250242,0.0
100,sc2,15,PSPower,-0.14806800737659012,-0.40161838624862856,0.10548237149544834,0.0
100,sc2,15,IW,-0.06671960815242654,-0.34877912257903076,0.21533990627417765,0.0
100,sc2,15,Commensurate,-0.1107215678168395,-0.35534773815200654,0.11982417056174235,0.0
100,sc2,15,NPE,0.5838500261306763,-0.0005414265517485516,1.1813206489924069,0.0
100,sc2,16,PSPower,0.05526101556982469,-0.21045474101357345,0.32097677215322284,0.0
100,sc2,16,IW,0.030306505340207998,-0.25307154914102,0.313684559821436,0.0
100,sc2,16,Commensurate,0.05612517927183096,-0.19118484863973964,0.3075833808314928,0.0
100,sc2,16,NPE,0.27752602100372314,-0.22946673509878215,0.7887005866824038,0.0
100,sc2,17,PSPower,-0.04974711928165301,-0.340150290471643,0.24065605190833697,0.0
100,sc2,17,IW,0.007169731652994145,-0.3019901654349839,0.31632962874097226,0.0
100,sc2,17,Commensurate,-0.046965415326372655,-0.30382256750361764,0.22959503517175994,0.0
100,sc2,17,NPE,0.44333410263061523,-0.17477743147000036,1.053048543478721,0.0
100,sc2,18,PSPower,-0.31417230068290064,-0.5378054718474589,-0.09053912951834242,0.0
100,sc2,18,IW,-0.33041964294558807,-0.56678768311995,-0.09405160277122615,0.0
100,sc2,18,Commensurate,-0.28035167693257573,-0.4961881995446451,-0.06156802029410007,0.0
100,sc2,18,NPE,0.13780884444713593,-0.43790967510872797,0.7238948385531184,0.0
100,sc2,19,PSPower,-0.18710003139281017,-0.45249506670890793,0.07829500392328759,0.0
100,sc2,19,IW,-0.24424122282211927,-0.5308395431237355,0.04235709747949698,0.0
100,sc2,19,Commensurate,-0.1992579854801419,-0.44085337181189793,0.05688509051207499,0.0
100,sc2,19,NPE,0.3055862784385681,-0.2689798976952727,0.8714723776794979,0.0
100,sc2,20,PSPower,0.01867637204683252,-0.2555481848230335,0.29290092891669856,0.0
100,sc2,20,IW,-0.015970474088304206,-0.3199323984577697,0.2879914502811613,0.0
100,sc2,20,Commensurate,0.007500975854965934,-0.2506925080564275,0.25144868633100986,0.0
100,sc2,20,NPE,0.5106729865074158,-0.08626102804906459,1.1019369635914398,0.0
100,sc2,21,PSPower,0.02682719650381493,-0.2482668441984931,0.30192123720612296,0.0
100,sc2,21,IW,0.010052924795719904,-0.2786919676546822,0.298797817246122,0.0
100,sc2,21,Commensurate,0.030999628948564065,-0.21754962818665138,0.27778799812584876,0.0
100,sc2,21,NPE,0.3450210690498352,-0.26065762508888546,0.9312793445295845,0.0
100,sc2,22,PSPower,-0.0736410464566575,-0.3078639603535524,0.1605818674402374,0.0
100,sc2,22,IW,-0.10133744291334197,-0.3530565190621686,0.1503816332354847,0.0
100,sc2,22,Commensurate,-0.03662455028721644,-0.2615883399396831,0.18803710613850858,0.0
100,sc2,22,NPE,0.27402210235595703,-0.2893971142763272,0.8622975977084134,0.0
100,sc2,23,PSPower,0.10521934616571581,-0.14035155720191345,0.35079024953334503,0.0
100,sc2,23,IW,0.05931708942290838,-0.19774702818503692,0.31638120703085365,0.0
100,sc2,23,Commensurate,0.09823720797408132,-0.1316480646095223,0.33486470325274176,0.0
100,sc2,23,NPE,0.15066765248775482,-0.37692629427093,0.6694867933303561,0.0
100,sc2,24,PSPower,0.011714835634958468,-0.2541141602697719,0.2775438315396888,0.0
100,sc2,24,IW,0.027925997475051558,-0.24769641117955907,0.30354840612966216,0.0
100,sc2,24,Commensurate,0.02457155082563244,-0.21901220588066145,0.25775334515034,0.0
100,sc2,24,NPE,0.04107031226158142,-0.5041623806638804,0.5907238634704752,0.0
100,sc2,25,PSPower,0.025661089190887706,-0.2793029088686707,0.33062508725044615,0.0
100,sc2,25,IW,0.06344973224316201,-0.2555649757440419,0.38246444023036597,0.0
100,sc2,25,Commensurate,0.015282301818631293,-0.2469468547942266,0.28902839999101326,0.0
100,sc2,25,NPE,0.19188988208770752,-0.40234036257746253,0.7720231531581393,0.0
100,sc2,26,PSPower,-0.1896276504674993,-0.439658142747944,0.06040284181294542,0.0
100,sc2,26,IW,-0.18200987424500267,-0.4514207176503682,0.08740096916036286,0.0
100,sc2,26,Commensurate,-0.20207821500400194,-0.4393822226429328,0.027739623210146367,0.0
100,sc2,26,NPE,0.40309441089630127,-0.2553167413715931,1.0828520249756026,0.0
100,sc2,27,PSPower,0.023479547583131248,-0.20389881034953047,0.25085790551579296,0.0
100,sc2,27,IW,0.02468397348787739,-0.22273060690181729,0.27209855387757204,0.0
100,sc2,27,Commensurate,0.015862439897777122,-0.2083618547335547,0.24653863499223894,0.0
100,sc2,27,NPE,0.28345248103141785,-0.27914072825792496,0.8769358409846671,0.0
100,sc2,28,PSPower,0.0699273065043546,-0.17605556177491433,0.31591017478362354,0.0
100,sc2,28,IW,0.060093131995135114,-0.21712962113511697,0.3373158851253872,0.0
100,sc2,28,Commensurate,0.07425696338463653,-0.15406520871287796,0.3135291565398963,0.0
100,sc2,28,NPE,0.6105974316596985,-0.0007374166017631361,1.2222852251661807,0.0
100,sc2,29,PSPower,0.07404422072432776,-0.19560302356150522,0.34369146501016073,0.0
100,sc2,29,IW,0.028616033835955366,-0.25711056060651283,0.3143426282784235,0.0
100,sc2,29,Commensurate,0.06903150018972429,-0.16326573153514243,0.3095639368047122,0.0
100,sc2,29,NPE,0.024545863270759583,-0.5229279725688165,0.5839537678013292,0.0
100,sc2,30,PSPower,0.17550082032691422,-0.013197467224343035,0.36419910787817145,0.0
100,sc2,30,IW,0.19211174152432853,-0.011668937791455919,0.395892420840113,0.0
100,sc2,30,Commensurate,0.16165193610376286,-0.03211772922737684,0.3552603962905511,0.0
100,sc2,30,NPE,0.42932945489883423,-0.15458163079513634,0.997774090951989,0.0
100,sc2,31,PSPower,0.11650520645840173,-0.11971824025791084,0.3527286531747143,0.0
100,sc2,31,IW,0.1399941276438521,-0.11265453557159644,0.39264279085930065,0.0
100,sc2,31,Commensurate,0.08465725705503382,-0.14163938306173174,0.31953562868914775,0.0
100,sc2,31,NPE,0.4246659278869629,-0.04154601543047374,0.8936583433052409,0.0
100,sc2,32,PSPower,-0.09156582285620829,-0.341488863778163,0.1583572180657464,0.0
100,sc2,32,IW,-0.13766556747645706,-0.4009320632902572,0.12560092833734313,0.0
100,sc2,32,Commensurate,-0.10085423428163309,-0.33771398062807606,0.1310394447994181,0.0
100,sc2,32,NPE,-0.1528143733739853,-0.7706171888370624,0.45811363430393726,0.0
100,sc2,33,PSPower,-0.0971039104368669,-0.3675473667768598,0.173339545903126,0.0
100,sc2,33,IW,-0.07319583897806516,-0.36857365545376,0.2221819774976297,0.0
100,sc2,33,Commensurate,-0.10725745951671033,-0.3574582898206377,0.13496404747989926,0.0
100,sc2,33,NPE,0.2379601001739502,-0.321567335172412,0.7727593677565039,0.0
100,sc2,34,PSPower,0.18146695107248328,-0.11147647656019083,0.4744103787051574,0.0
100,sc2,34,IW,0.17579293930510187,-0.13418006218892686,0.4857659407991306,0.0
100,sc2,34,Commensurate,0.18116029801741698,-0.09913356203804505,0.4585261366315428,0.0
100,sc2,34,NPE,0.39243173599243164,-0.2261888950433506,0.9947580706421518,0.0
100,sc2,35,PSPower,0.08019280077061836,-0.15888391272995714,0.3192695142711939,0.0
100,sc2,35,IW,0.12242669614438223,-0.13416237180662083,0.3790157640953853,0.0
100,sc2,35,Commensurate,0.14290693397242984,-0.09222955682884286,0.3645267235594795,0.0
100,sc2,35,NPE,0.194062739610672,-0.34996559493162605,0.7548028835603308,0.0
100,sc2,36,PSPower,0.10786641292923628,-0.1200823700665057,0.33581519592497827,0.0
100,sc2,36,IW,0.14424412667826958,-0.1027641523480369,0.3912524057045761,0.0
100,sc2,36,Commensurate,0.09963554625460813,-0.11785308445316256,0.3227877912081443,0.0
100,sc2,36,NPE,0.7160450220108032,-0.014352261854478724,1.4623597939063413,0.0
100,sc2,37,PSPower,-0.07346780016786394,-0.28671197952768945,0.1397763791919616,0.0
100,sc2,37,IW,-0.034437188014033386,-0.26725700797655216,0.19838263194848538,0.0
100,sc2,37,Commensurate,-0.05622743226592791,-0.2627108156441711,0.15967897889296276,0.0
100,sc2,37,NPE,0.1880260705947876,-0.3785641091260132,0.7374824077542543,0.0
100,sc2,38,PSPower,-0.1218374311630706,-0.3612063192807535,0.1175314569546123,0.0
100,sc2,38,IW,-0.13814482444056106,-0.39865516693039327,0.12236551804927118,0.0
100,sc2,38,Commensurate,-0.09685498225160503,-0.3259309303891132,0.12240551347622328,0.0
100,sc2,38,NPE,0.2332056313753128,-0.3664028757708774,0.8218095518984004,0.0
100,sc2,39,PSPower,-0.13484335509015724,-0.3522498596538771,0.08256314947356266,0.0
100,sc2,39,IW,-0.12498440528832035,-0.3582628197871622,0.10829400921052147,0.0
100,sc2,39,Commensurate,-0.09429422464192407,-0.30352600709782446,0.11912641268666914,0.0
100,sc2,39,NPE,0.44018250703811646,-0.12644566236924196,1.0123096749028357,0.0
100,sc2,40,PSPower,0.1100504346745551,-0.155838929508274,0.3759397988573842,0.0
100,sc2,40,IW,0.0924150617876343,-0.19160228444142408,0.3764324080166927,0.0
100,sc2,40,Commensurate,0.08357249157108103,-0.1581300346796595,0.32634578756431093,0.0
100,sc2,40,NPE,0.2702407240867615,-0.2544029884401586,0.8022764690454636,0.0
100,sc2,41,PSPower,0.13181594842609887,-0.12248098388181863,0.3861128807340164,0.0
100,sc2,41,IW,0.0927770376208743,-0.1751221825487841,0.3606762577905327,0.0
100,sc2,41,Commensurate,0.08938924289666625,-0.14664404225256528,0.3232195831874815,0.0
100,sc2,41,NPE,0.3478403687477112,-0.253450315875182,0.953623702006255,0.0
100,sc2,42,PSPower,-0.11943290078495519,-0.33748972065742644,0.09862391908751603,0.0
100,sc2,42,IW,-0.13681072258600135,-0.36974602235165377,0.09612457717965106,0.0
100,sc2,42,Commensurate,-0.086419756950971,-0.28671925953260324,0.13198867581489784,0.0
100,sc2,42,NPE,0.09385743737220764,-0.43642697139848946,0.6230758541540046,0.0
100,sc2,43,PSPower,0.019757075227292146,-0.24976463847992542,0.2892787889345097,0.0
100,sc2,43,IW,0.009477520327749372,-0.2896477151286295,0.3086027557841282,0.0
100,sc2,43,Commensurate,0.04813516923353819,-0.21036592240705054,0.2993490453728156,0.0
100,sc2,43,NPE,0.14901462197303772,-0.44031489831501464,0.7553510060430801,0.0
100,sc2,44,PSPower,-0.009719224713395008,-0.2583144643587991,0.23887601493200913,0.0
100,sc2,44,IW,-0.02120120703952903,-0.2824490150747124,0.2400466009956543,0.0
100,sc2,44,Commensurate,-0.03268674310593146,-0.25649360965469176,0.20688474792130468,0.0
100,sc2,44,NPE,0.22365924715995789,-0.2845968878832027,0.7245364793087606,0.0
100,sc2,45,PSPower,-0.07675295128301036,-0.3456843416184332,0.1921784390524125,0.0
100,sc2,45,IW,-0.11118967948307612,-0.41057870655686324,0.188199347590711,0.0
100,sc2,45,Commensurate,-0.09659503031888954,-0.3476796123608345,0.14186758430642335,0.0
100,sc2,45,NPE,0.01311829686164856,-0.6323098746574831,0.6584955030324142,0.0
100,sc2,46,PSPower,0.10821588742798043,-0.12938233837592045,0.34581411323188127,0.0
100,sc2,46,IW,0.1858443672777552,-0.07211726787403586,0.44380600242954626,0.0
100,sc2,46,Commensurate,0.11378466204243685,-0.11221501686313975,0.33913363162899457,0.0
100,sc2,46,NPE,0.5729084014892578,-0.025880866705166317,1.150415934506506,0.0
100,sc2,47,PSPower,-0.03703393232342609,-0.304189503116013,0.2301216384691608,0.0
100,sc2,47,IW,0.009984430441815592,-0.2828376443829307,0.30280650526656183,0.0
100,sc2,47,Commensurate,0.026341483429540385,-0.22796206639733377,0.26303253999332227,0.0
100,sc2,47,NPE,0.4522400498390198,-0.11661689821160547,1.0113921165162783,0.0
100,sc2,48,PSPower,0.08990923302428741,-0.1421508009410092,0.32196926698958406,0.0
100,sc2,48,IW,0.09474091037535366,-0.1504927051398126,0.3399745258905199,0.0
100,sc2,48,Commensurate,0.050211203050465385,-0.17964857113052551,0.27106432887226267,0.0
100,sc2,48,NPE,0.25220054388046265,-0.2738960751841961,0.7928079479644792,0.0
100,sc2,49,PSPower,0.13699349554859563,-0.13174120787118954,0.4057281989683808,0.0
100,sc2,49,IW,0.16530712413248788,-0.12143070388494653,0.4520449521499223,0.0
100,sc2,49,Commensurate,0.12332794711027968,-0.11949447089600389,0.370474069615181,0.0
100,sc2,49,NPE,0.688006579875946,0.10680028534676422,1.291532713151281,0.0
100,sc3,0,PSPower,1.1646087834903582,0.9900891612555818,1.3391284057251347,0.0
100,sc3,0,IW,0.8342847518745903,0.6073360683106017,1.0612334354385788,0.0
100,sc3,0,Commensurate,1.0860814802385377,0.8837707501224803,1.275683047175861,0.0
100,sc3,0,NPE,0.36863672733306885,-0.19509594933466518,0.9579608060519957,0.0
100,sc3,1,PSPower,0.875956529841738,0.6952411717241362,1.0566718879593398,0.0
100,sc3,1,IW,0.6792932147644102,0.4536535729989955,0.9049328565298249,0.0
100,sc3,1,Commensurate,0.7964154138758728,0.5839708808840128,1.0043464024803697,0.0
100,sc3,1,NPE,0.41271913051605225,-0.08961817299806031,0.9127550857772873,0.0
100,sc3,2,PSPower,0.8008791930143775,0.6089530648266526,0.9928053212021024,0.0
100,sc3,2,IW,0.5762963700509784,0.330676901494285,0.8219158386076719,0.0
100,sc3,2,Commensurate,0.8240270037127634,0.6143995479578275,1.0186414185895132,0.0
100,sc3,2,NPE,0.3725380301475525,-0.2152532637374983,0.9680592613076051,0.0
100,sc3,3,PSPower,0.8869443461421879,0.6739719938587004,1.0999166984256752,0.0
100,sc3,3,IW,0.5831732895585162,0.31302589550156756,0.8533206836154649,0.0
100,sc3,3,Commensurate,0.9208732604919205,0.7118010506682653,1.1356930099040037,0.0
100,sc3,3,NPE,0.1914086639881134,-0.38626826366375816,0.805107182581338,0.0
100,sc3,4,PSPower,0.8510743260290223,0.6607197031050708,1.0414289489529738,0.0
100,sc3,4,IW,0.6389643490235288,0.40319256150398564,0.874736136543072,0.0
100,sc3,4,Commensurate,0.7431715164317706,0.5112652943945565,0.9700849366974652,0.0
100,sc3,4,NPE,0.37993568181991577,-0.34450204018339176,1.1265872993722061,0.0
100,sc3,5,PSPower,0.864139319281749,0.7023571614419604,1.0259214771215377,0.0
100,sc3,5,IW,0.4825684859284207,0.2695743058308677,0.6955626660259737,0.0
100,sc3,5,Commensurate,0.625762419280923,0.4101173219259154,0.8493935224926885,0.0
100,sc3,5,NPE,0.10150160640478134,-0.48151687581341857,0.6927788393145963,0.0
100,sc3,6,PSPower,0.8918819528719,0.7000477224507501,1.0837161832930498,0.0
100,sc3,6,IW,0.5738486422517374,0.32521932466518017,0.8224779598382945,0.0
100,sc3,6,Commensurate,0.788215840035803,0.5608966048539642,0.9991273908624513,0.0
100,sc3,6,NPE,0.4594848155975342,-0.2150806194870086,1.0841197696721385,0.0
100,sc3,7,PSPower,0.9423130929496684,0.7427871427220225,1.1418390431773142,0.0
100,sc3,7,IW,0.5305690546822344,0.2616363222618888,0.7995017871025799,0.0
100,sc3,7,Commensurate,0.9389389926359762,0.7234495031971877,1.1479962503980414,0.0
100,sc3,7,NPE,0.2539622187614441,-0.36740946774366207,0.8860188100390842,0.0
100,sc3,8,PSPower,0.9714183592222395,0.7876613780177691,1.1551753404267098,0.0
100,sc3,8,IW,0.6982702860786336,0.4697804455549806,0.9267601266022867,0.0
100,sc3,8,Commensurate,0.8660309975814459,0.6516297986962689,1.0688001845419235,0.0
100,sc3,8,NPE,0.348840594291687,-0.18018391848975412,0.8756023954096878,0.0
100,sc3,9,PSPower,1.043580905392243,0.8648741585354949,1.222287652248991,0.0
100,sc3,9,IW,0.7337940685854611,0.5035582145429269,0.9640299226279954,0.0
100,sc3,9,Commensurate,0.8197605768137969,0.5840914752536086,1.043879799667061,0.0
100,sc3,9,NPE,0.6087185740470886,0.046512884754068326,1.1668016657492852,0.0
100,sc3,10,PSPower,0.8310319585162701,0.6622690267000029,0.9997948903325373,0.0
100,sc3,10,IW,0.49680706153680143,0.28441618835782156,0.7091979347157813,0.0
100,sc3,10,Commensurate,0.5932523998487877,0.36611400380311904,0.8117974016325002,0.0
100,sc3,10,NPE,0.283534973859787,-0.3260419088987282,0.897022974299217,0.0
100,sc3,11,PSPower,0.9716945631191517,0.7782773389961646,1.1651117872421388,0.0
100,sc3,11,IW,0.7576091577732085,0.5181108404987522,0.9971074750476647,0.0
100,sc3,11,Commensurate,0.85610456278555,0.6214919535461064,1.0951957818600855,0.0
100,sc3,11,NPE,0.3067464828491211,-0.228509855740163,0.8415056809378502,0.0
100,sc3,12,PSPower,0.8786054540446059,0.664550993674333,1.0926599144148788,0.0
100,sc3,12,IW,0.5618222005170612,0.2841615801265168,0.8394828209076056,0.0
100,sc3,12,Commensurate,0.9052116370485209,0.6914614731417918,1.1241369987085692,0.0
100,sc3,12,NPE,0.5167773962020874,-0.04205295336729813,1.0666018632184822,0.0
100,sc3,13,PSPower,0.903433469570341,0.6834868416547222,1.1233800974859598,0.0
100,sc3,13,IW,0.5971223313939784,0.3098927305540644,0.8843519322338924,0.0
100,sc3,13,Commensurate,0.8861735334785885,0.6582003824471395,1.1186173022413637,0.0
100,sc3,13,NPE,0.46120327711105347,-0.1677878511342402,1.0765290071029658,0.0
100,sc3,14,PSPower,0.9413275415325495,0.7876245290814173,1.0950305539836815,0.0
100,sc3,14,IW,0.6735710613043978,0.47718835064287335,0.8699537719659223,0.0
100,sc3,14,Commensurate,0.6494855125996435,0.42838431650081915,0.8546653543976639,0.0
100,sc3,14,NPE,0.3529921770095825,-0.19394997016788665,0.892954501877616,0.0
100,sc3,15,PSPower,1.1277799759067353,0.9362655665126149,1.3192943853008556,0.0
100,sc3,15,IW,0.8734370102716604,0.6360774736208715,1.1107965469224492,0.0
100,sc3,15,Commensurate,1.0445099521587962,0.8192912347270453,1.2639169089486484,0.0
100,sc3,15,NPE,0.32593685388565063,-0.3530758753650457,0.9958422942649318,0.0
100,sc3,16,PSPower,1.0575694152643342,0.861822726461783,1.2533161040668854,0.0
100,sc3,16,IW,0.7719580563928361,0.527455507352877,1.0164606054327952,0.0
100,sc3,16,Commensurate,0.999355160004388,0.7758278390007739,1.2031442362754228,0.0
100,sc3,16,NPE,0.23171649873256683,-0.3049002958136789,0.7593136121107061,0.0
100,sc3,17,PSPower,0.9298453614871716,0.7183499845750899,1.141340738399253,0.0
100,sc3,17,IW,0.5934438464967828,0.3161943512458807,0.870693341747685,0.0
100,sc3,17,Commensurate,0.9573698009389622,0.7436260279419914,1.162682719164689,0.0
100,sc3,17,NPE,0.2055690586566925,-0.36159405779633796,0.7923417031639104,0.0
100,sc3,18,PSPower,0.9726865338817785,0.7789340654539121,1.166439002309645,0.0
100,sc3,18,IW,0.6798295298006477,0.4352098028400063,0.9244492567612891,0.0
100,sc3,18,Commensurate,0.8676403024384106,0.6386318358339832,1.0866610820695333,0.0
100,sc3,18,NPE,0.22067585587501526,-0.3474832915084816,0.8049941779636126,0.0
100,sc3,19,PSPower,0.9235241597743804,0.7291703137498633,1.1178780057988975,0.0
100,sc3,19,IW,0.6367750465487695,0.3968449541814897,0.8767051389160493,0.0
100,sc3,19,Commensurate,0.7201985868253005,0.45960350848342835,0.9693647805815324,0.0
100,sc3,19,NPE,0.2199096977710724,-0.48151806047925394,0.9511944355982497,0.0
100,sc3,20,PSPower,0.6984693794996168,0.49228610161405123,0.9046526573851825,0.0
100,sc3,20,IW,0.39677650479235516,0.12973318696625552,0.6638198226184548,0.0
100,sc3,20,Commensurate,0.5975797468095391,0.3519279629143066,0.840279300276134,0.0
100,sc3,20,NPE,0.2842387557029724,-0.3448802368213241,0.9254911392271872,0.0
100,sc3,21,PSPower,1.0480666386812167,0.8486833453350506,1.2474499320273829,0.0
100,sc3,21,IW,0.7995453496940589,0.5453905329332427,1.053700166454875,0.0
100,sc3,21,Commensurate,0.9824323705041088,0.7526310714022488,1.2049368183555775,0.0
100,sc3,21,NPE,0.35122716426849365,-0.2556532320406378,0.9914979065965004,0.0
100,sc3,22,PSPower,1.1994523236504695,0.9901488435370556,1.4087558037638834,0.0
100,sc3,22,IW,0.9371950297294727,0.6642224477573623,1.210167611701583,0.0
100,sc3,22,Commensurate,1.1592688480989528,0.925254587642128,1.3814340514865373,0.0
100,sc3,22,NPE,0.4498526453971863,-0.12853768140706326,1.029651385017679,0.0
100,sc3,23,PSPower,1.0063350142205756,0.8240158939296239,1.1886541345115273,0.0
100,sc3,23,IW,0.6630120499328503,0.42492690622504464,0.901097193640656,0.0
100,sc3,23,Commensurate,0.9615088893838524,0.7375486471536581,1.1711452950640961,0.0
100,sc3,23,NPE,0.41739964485168457,-0.1601208264877959,1.0026293498310344,0.0
100,sc3,24,PSPower,0.9571248800368616,0.7600479691795494,1.1542017908941737,0.0
100,sc3,24,IW,0.7114085249631964,0.45563373722223893,0.9671833127041538,0.0
100,sc3,24,Commensurate,0.8439573372774307,0.6016144921411802,1.0639491265879397,0.0
100,sc3,24,NPE,0.5987357497215271,-0.016384633719034137,1.2196594160618746,0.0
100,sc3,25,PSPower,1.211434694832607,0.9997938224510764,1.4230755672141373,0.0
100,sc3,25,IW,0.935578179456699,0.6738044717157807,1.1973518871976172,0.0
100,sc3,25,Commensurate,1.2157947335677757,0.9915443346279323,1.4261930747083391,0.0
100,sc3,25,NPE,0.38313180208206177,-0.25367741161792684,1.0374492956575756,0.0
100,sc3,26,PSPower,1.0201616402754248,0.8173019126790684,1.2230213678717812,0.0
100,sc3,26,IW,0.6420967650269843,0.37986369696024364,0.904329833093725,0.0
100,sc3,26,Commensurate,0.8993193999169103,0.6474115552193026,1.1366698287978372,0.0
100,sc3,26,NPE,0.19525088369846344,-0.42989406149782833,0.8371553087474458,0.0
100,sc3,27,PSPower,1.0117094899768897,0.8197855273311474,1.203633452622632,0.0
100,sc3,27,IW,0.7239531337039881,0.4915407010031678,0.9563655664048083,0.0
100,sc3,27,Commensurate,0.8801344853776716,0.6394586363132201,1.1129777344416254,0.0
100,sc3,27,NPE,0.28232812881469727,-0.29399297734779417,0.8559171723960206,0.0
100,sc3,28,PSPower,0.8444243359371655,0.6744209601774219,1.014427711696909,0.0
100,sc3,28,IW,0.4815342970724814,0.2651970302863348,0.697871563858628,0.0
100,sc3,28,Commensurate,0.5888106306882621,0.3592573933867633,0.8099104379138313,0.0
100,sc3,28,NPE,0.11295462399721146,-0.4819631105835267,0.7085471454755351,0.0
100,sc3,29,PSPower,1.1045016445500533,0.8968485049925414,1.3121547841075651,0.0
100,sc3,29,IW,0.8394170414255394,0.5784207233524692,1.1004133594986096,0.0
100,sc3,29,Commensurate,1.1460570607502931,0.9347076220288184,1.3458547275572903,0.0
100,sc3,29,NPE,0.31152182817459106,-0.26626708534065163,0.8961454095191494,0.0
100,sc3,30,PSPower,0.9782101552753322,0.7872991998628096,1.1691211106878547,0.0
100,sc3,30,IW,0.7357315368561329,0.49115928680632664,0.9803037869059392,0.0
100,sc3,30,Commensurate,0.9123960903424894,0.6968581286134663,1.1353590234993192,0.0
100,sc3,30,NPE,0.5329328775405884,-0.04736487202352593,1.1075557062139298,0.0
100,sc3,31,PSPower,0.9940055646926096,0.7905678338583604,1.1974432955268588,0.0
100,sc3,31,IW,0.6942686826493224,0.4349452512762102,0.9535921140224346,0.0
100,sc3,31,Commensurate,0.9250674332642468,0.6999117710586921,1.1579304554482273,0.0
100,sc3,31,NPE,0.42415517568588257,-0.20987907849244067,1.056612123092278,0.0
100,sc3,32,PSPower,0.9945529521417299,0.8495603175575108,1.139545586725949,0.0
100,sc3,32,IW,0.7415627164208267,0.5613288334236624,0.9217965994179911,0.0
100,sc3,32,Commensurate,0.7276718205360116,0.5369152824815672,0.9144719799612167,0.0
100,sc3,32,NPE,0.40773171186447144,-0.06170408032828159,0.8727912267725585,0.0
100,sc3,33,PSPower,0.7675440671008147,0.5606150733472743,0.974473060854355,0.0
100,sc3,33,IW,0.4741295522821454,0.21511436381924093,0.7331447407450498,0.0
100,sc3,33,Commensurate,0.6052423862000033,0.3442485073085426,0.8602763708110411,0.0
100,sc3,33,NPE,0.6383641958236694,-0.03474126699384884,1.2762097764097216,0.0
100,sc3,34,PSPower,0.9444318190013522,0.7617345593791374,1.127129078623567,0.0
100,sc3,34,IW,0.6381875866580257,0.40552827932110547,0.8708468939949459,0.0
100,sc3,34,Commensurate,0.8726942644161836,0.67102582574439,1.07037444813223,0.0
100,sc3,34,NPE,0.3544570803642273,-0.18900333811535408,0.8792053770438629,0.0
100,sc3,35,PSPower,0.9688635031910966,0.7741331823427129,1.1635938240394803,0.0
100,sc3,35,IW,0.7040231872446316,0.44555132689313437,0.9624950475961289,0.0
100,sc3,35,Commensurate,0.9661498018430121,0.7691462990600438,1.1492865937605745,0.0
100,sc3,35,NPE,0.38888031244277954,-0.20676381361397364,0.9748305130745539,0.0
100,sc3,36,PSPower,0.7652484312545524,0.5978818931285386,0.9326149693805663,0.0
100,sc3,36,IW,0.5391322834474259,0.32990036013827717,0.7483642067565747,0.0
100,sc3,36,Commensurate,0.6020511319947737,0.38777356518103484,0.8164956332256016,0.0
100,sc3,36,NPE,0.3488824665546417,-0.253103504024838,0.9447198897404712,0.0
100,sc3,37,PSPower,0.9486188723019884,0.7657122472220285,1.1315254973819484,0.0
100,sc3,37,IW,0.6221618952153384,0.38573349952520075,0.858590290905476,0.0
100,sc3,37,Commensurate,0.8068247556382299,0.5835004178171622,1.0271042628485656,0.0
100,sc3,37,NPE,0.3309066891670227,-0.2851010555310928,0.9569036863420752,0.0
100,sc3,38,PSPower,0.9642877372351931,0.7650285420004672,1.163546932469919,0.0
100,sc3,38,IW,0.6049129039190674,0.3442635586396406,0.8655622491984942,0.0
100,sc3,38,Commensurate,0.9328584368188376,0.7032640130537898,1.1436957540549464,0.0
100,sc3,38,NPE,0.4515284299850464,-0.20620926661134042,1.0955628384038896,0.0
100,sc3,39,PSPower,1.1273191030548173,0.9496336441322863,1.3050045619773483,0.0
100,sc3,39,IW,0.7291307983143952,0.5018357039897758,0.9564258926390146,0.0
100,sc3,39,Commensurate,0.9169144095697477,0.678396129467479,1.1477468348730837,0.0
100,sc3,39,NPE,0.2786594033241272,-0.24902403945486606,0.8030835826262934,0.0
100,sc3,40,PSPower,1.0324253267500958,0.8530717655827316,1.21177888791746,0.0
100,sc3,40,IW,0.6735396130854918,0.4403721869515874,0.9067070392193962,0.0
100,sc3,40,Commensurate,0.8671340176892857,0.6394163750073204,1.0936272080752985,0.0
100,sc3,40,NPE,0.5135189890861511,-0.04920443127965738,1.0580341325407188,0.0
100,sc3,41,PSPower,0.9911852860449724,0.7462895843137656,1.2360809877761791,0.0
100,sc3,41,IW,0.717013069906331,0.41115628900972817,1.0228698508029337,0.0
100,sc3,41,Commensurate,1.017506896697825,0.7851087145531817,1.2572137913570294,0.0
100,sc3,41,NPE,0.3236893117427826,-0.2894598442897946,0.9672166447524089,0.0
100,sc3,42,PSPower,1.129567805225961,0.9357407706167808,1.3233948398351412,0.0
100,sc3,42,IW,0.8442167984840978,0.6055151131621189,1.0829184838060768,0.0
100,sc3,42,Commensurate,0.984826133082925,0.7397542155728694,1.2152845387712612,0.0
100,sc3,42,NPE,0.4795713424682617,-0.08203804052179765,1.063235961688968,0.0
100,sc3,43,PSPower,0.9048224169302802,0.7314127817851301,1.0782320520754303,0.0
100,sc3,43,IW,0.5561267086977612,0.33370397228728516,0.7785494451082371,0.0
100,sc3,43,Commensurate,0.6757164576809983,0.46843014528038235,0.8910498702823644,0.0
100,sc3,43,NPE,0.4560696482658386,-0.0825086566470983,1.0187804656425585,0.0
100,sc3,44,PSPower,0.8538733642054781,0.6320664353755857,1.0756802930353704,0.0
100,sc3,44,IW,0.6423462887046665,0.3619386289777446,0.9227539484315883,0.0
100,sc3,44,Commensurate,0.8590555530025363,0.6233469030479352,1.0905810271608534,0.0
100,sc3,44,NPE,0.24528440833091736,-0.39442777490012104,0.8646137777666025,0.0
100,sc3,45,PSPower,0.852633239307991,0.6617323763208697,1.0435341022951121,0.0
100,sc3,45,IW,0.5961012716714634,0.3489095296854685,0.8432930136574583,0.0
100,sc3,45,Commensurate,0.7239876884735322,0.4936022364688363,0.9529394410677796,0.0
100,sc3,45,NPE,0.5055591464042664,-0.1631877166389054,1.176611183425032,0.0
100,sc3,46,PSPower,0.8313805120324113,0.630928688597267,1.0318323354675556,0.0
100,sc3,46,IW,0.554633057358721,0.3065041773156573,0.8027619374017847,0.0
100,sc3,46,Commensurate,0.8499605677117885,0.6190372740209495,1.0584115450515281,0.0
100,sc3,46,NPE,0.24918979406356812,-0.3749338036702809,0.8845660764159978,0.0
100,sc3,47,PSPower,1.0553173476165492,0.8506097047753484,1.26002499045775,0.0
100,sc3,47,IW,0.6478952373106797,0.3832742474569069,0.9125162271644525,0.0
100,sc3,47,Commensurate,0.8221477581239667,0.5617362439174546,1.0872206391614634,0.0
100,sc3,47,NPE,0.187120720744133,-0.4245395717693889,0.7789821628248945,0.0
100,sc3,48,PSPower,1.018837244019599,0.812222849275128,1.22545163876407,0.0
100,sc3,48,IW,0.6768836286006612,0.40354668090559825,0.9502205762957241,0.0
100,sc3,48,Commensurate,0.979084783764542,0.740534984229893,1.2160631413365943,0.0
100,sc3,48,NPE,0.43512046337127686,-0.14251883771387533,1.0078950715951227,0.0
100,sc3,49,PSPower,0.8991605453907151,0.677613052429077,1.1207080383523533,0.0
100,sc3,49,IW,0.5210171654128345,0.2388830503702341,0.8031512804554348,0.0
100,sc3,49,Commensurate,0.7542257889776552,0.4713807671247995,1.015368328046546,0.0
100,sc3,49,NPE,0.3104483485221863,-0.3169241351303124,0.917174460881017,0.0
100,sc4,0,PSPower,0.1638343032028074,-0.08426485498693309,0.4119334613925479,0.0
100,sc4,0,IW,0.11590566263106801,-0.14255313415379794,0.37436445941593394,0.0
100,sc4,0,Commensurate,0.20135259555161472,-0.029932021374719734,0.4271554603070443,0.0
100,sc4,0,NPE,0.2681916356086731,-0.2552832458907907,0.7978152525625694,0.0
100,sc4,1,PSPower,0.007970128126402281,-0.2268543103596299,0.24279456661243445,0.0
100,sc4,1,IW,-0.01894496397193716,-0.26804348258663885,0.23015355464276455,0.0
100,sc4,1,Commensurate,-0.002247118543884049,-0.22233538244890996,0.21643496370613122,0.0
100,sc4,1,NPE,0.031789734959602356,-0.49031087174601473,0.5690924980485803,0.0
100,sc4,2,PSPower,-0.08891811268297892,-0.322649257496476,0.14481303213051816,0.0
100,sc4,2,IW,-0.10738429264394303,-0.348045074829063,0.13327648954117696,0.0
100,sc4,2,Commensurate,-0.12417597576356772,-0.3491844526541398,0.09493573485131244,0.0
100,sc4,2,NPE,0.13968650996685028,-0.4059158253035575,0.6994022256232848,0.0
100,sc4,3,PSPower,0.10026386320722439,-0.14539835873665666,0.34592608515110546,0.0
100,sc4,3,IW,0.0734110453774297,-0.19625347951438554,0.34307557026924496,0.0
100,sc4,3,Commensurate,0.1075390793898194,-0.12368490407521301,0.3382261786445843,0.0
100,sc4,3,NPE,0.5720210671424866,-0.0955192392314969,1.2192674868595288,0.0
100,sc4,4,PSPower,-0.17300808998232656,-0.44213364200794114,0.096117462043288,0.0
100,sc4,4,IW,-0.21023973888977612,-0.5007699383747077,0.08029046059515552,0.0
100,sc4,4,Commensurate,-0.1948834304635273,-0.44062502354933175,0.047692093335478705,0.0
100,sc4,4,NPE,0.3052886724472046,-0.3135335974624982,0.932483249314397,0.0
100,sc4,5,PSPower,-0.1003798865252806,-0.36657915269806074,0.16581937964749952,0.0
100,sc4,5,IW,-0.08011185968525246,-0.35983873962017293,0.19961502024966798,0.0
100,sc4,5,Commensurate,-0.1259591422007265,-0.36055629644498816,0.11078605036761298,0.0
100,sc4,5,NPE,0.13559362292289734,-0.42330056305190644,0.6932187213148487,0.0
100,sc4,6,PSPower,0.1524797595917584,-0.09609341189213505,0.4010529310756519,0.0
100,sc4,6,IW,0.1126023651172824,-0.1588459232848357,0.3840506535194005,0.0
100,sc4,6,Commensurate,0.1413972290133462,-0.09729358424417776,0.36654431516333075,0.0
100,sc4,6,NPE,0.3961681127548218,-0.1068265663163709,0.8866936569568752,0.0
100,sc4,7,PSPower,-0.2059734096214022,-0.44725572908952854,0.035308909846724135,0.0
100,sc4,7,IW,-0.18107872792684115,-0.43782349759145245,0.07566604173777014,0.0
100,sc4,7,Commensurate,-0.19845917931015075,-0.42002661084032694,0.031100659262826364,0.0
100,sc4,7,NPE,0.18678544461727142,-0.3327379486824734,0.7209257205394325,0.0
100,sc4,8,PSPower,0.1670407065903145,-0.08073981304151545,0.41482122622214446,0.0
100,sc4,8,IW,0.18832746384156265,-0.0741388387802299,0.4507937664633552,0.0
100,sc4,8,Commensurate,0.09325162922499035,-0.14193981493405833,0.3259034915184862,0.0
100,sc4,8,NPE,0.4721689820289612,-0.1090089789813608,1.0457808465901233,0.0
100,sc4,9,PSPower,-0.021905774730241075,-0.2908195294568033,0.24700797999632113,0.0
100,sc4,9,IW,-0.003948928595117185,-0.2863292142955133,0.2784313571052789,0.0
100,sc4,9,Commensurate,-0.05447594029835707,-0.3005099648305834,0.18868605767725538,0.0
100,sc4,9,NPE,0.18437820672988892,-0.3305599283377342,0.6893381052211838,0.0
100,sc4,10,PSPower,0.07016902799057845,-0.20277334868105562,0.3431114046622125,0.0
100,sc4,10,IW,0.08448935818919465,-0.21186456292482855,0.3808432793032178,0.0
100,sc4,10,Commensurate,0.02606061243285661,-0.22396493233594023,0.2754876184179555,0.0
100,sc4,10,NPE,0.4982590675354004,-0.13768115886731913,1.1438705381192396,0.0
100,sc4,11,PSPower,0.16489923701526102,-0.12401261560947521,0.4538110896399973,0.0
100,sc4,11,IW,0.1228454234135974,-0.18311908184193126,0.42880992866912604,0.0
100,sc4,11,Commensurate,0.19490408819432725,-0.07783226481589611,0.4687955340868544,0.0
100,sc4,11,NPE,0.37418538331985474,-0.19852083045366378,0.9207399842282088,0.0
100,sc4,12,PSPower,-0.13691839174537737,-0.3850633139841128,0.11122653049335807,0.0
100,sc4,12,IW,-0.12096330611079059,-0.3841734185456201,0.1422468063240389,0.0
100,sc4,12,Commensurate,-0.11218502782709547,-0.3428405941814927,0.11881563044197872,0.0
100,sc4,12,NPE,0.23480230569839478,-0.3417224168264258,0.7811570998225194,0.0
100,sc4,13,PSPower,-0.17739126233169664,-0.4151476214440411,0.06036509678064783,0.0
100,sc4,13,IW,-0.20806894542938395,-0.4637698161222348,0.04763192526346691,0.0
100,sc4,13,Commensurate,-0.20291614606958874,-0.43527213792538466,0.033640625932986425,0.0
100,sc4,13,NPE,0.21114329993724823,-0.34972848813002355,0.7588598675235969,0.0
100,sc4,14,PSPower,0.05257183107223081,-0.18138193091339275,0.28652559305785436,0.0
100,sc4,14,IW,0.015574087807161092,-0.24002440600794708,0.27117258162226926,0.0
100,sc4,14,Commensurate,0.03925118600833784,-0.1783523503136258,0.25234621907436044,0.0
100,sc4,14,NPE,0.30646079778671265,-0.23561438365121495,0.8511298148559013,0.0
100,sc4,15,PSPower,0.2520964944585406,0.004701045657210634,0.49949194325987056,0.0
100,sc4,15,IW,0.24426139983190354,-0.02027124635385985,0.508794046017667,0.0
100,sc4,15,Commensurate,0.23135048408517492,-0.004182908245248347,0.47032880617682193,0.0
100,sc4,15,NPE,0.1608334183692932,-0.3821850246508148,0.7039740036161987,0.0
100,sc4,16,PSPower,-0.32090344005534754,-0.576546249779299,-0.06526063033139606,0.0
100,sc4,16,IW,-0.3198700886718423,-0.595166407598178,-0.04457376974550664,0.0
100,sc4,16,Commensurate,-0.2972383412767932,-0.5325294019888797,-0.05672869691544319,0.0
100,sc4,16,NPE,-0.38174182176589966,-1.034704543457381,0.25439851466583946,0.0
100,sc4,17,PSPower,-0.08876429633329919,-0.36747883107661605,0.18995023841001768,0.0
100,sc4,17,IW,-0.13593106403311198,-0.4388304940045873,0.16696836593836337,0.0
100,sc4,17,Commensurate,-0.13932727012730634,-0.4016233969076803,0.11560696876525178,0.0
100,sc4,17,NPE,0.18763063848018646,-0.406556509583369,0.7597632591127532,0.0
100,sc4,18,PSPower,0.32850307673333273,0.0645201273356788,0.5924860261309867,0.0
100,sc4,18,IW,0.31746137111664635,0.03654788979773699,0.5983748524355557,0.0
100,sc4,18,Commensurate,0.30906805102871504,0.07297624932956678,0.5519408422176413,0.0
100,sc4,18,NPE,0.49330079555511475,-0.09810098949195668,1.080036988367726,0.0
100,sc4,19,PSPower,0.0763768445785459,-0.15774350672726,0.3104971958843518,0.0
100,sc4,19,IW,0.04027643295843763,-0.2127578482436711,0.2933107141605464,0.0
100,sc4,19,Commensurate,0.08306916426390754,-0.13175403318651935,0.2981018141404157,0.0
100,sc4,19,NPE,0.049969010055065155,-0.5198575863131417,0.594656761246284,0.0
100,sc4,20,PSPower,0.02296623486903407,-0.22662095098463161,0.2725534207226997,0.0
100,sc4,20,IW,-0.009181778556928023,-0.27442478322265096,0.2560612261087949,0.0
100,sc4,20,Commensurate,0.011842637703874427,-0.2289508116374331,0.24121816410282493,0.0
100,sc4,20,NPE,0.3022506833076477,-0.18931508348393397,0.7937833887556996,0.0
100,sc4,21,PSPower,-0.19230005764994015,-0.4555942040612987,0.07099408876141841,0.0
100,sc4,21,IW,-0.1745317705392662,-0.45207591332718666,0.10301237224865425,0.0
100,sc4,21,Commensurate,-0.1338074413205212,-0.3710158267212297,0.11969590128173523,0.0
100,sc4,21,NPE,0.06231651455163956,-0.5427219474084843,0.6559607515883317,0.0
100,sc4,22,PSPower,-0.07801232252876983,-0.3144461139930279,0.15842146893548822,0.0
100,sc4,22,IW,-0.09221549492487098,-0.3418380169126831,0.15740702706294113,0.0
100,sc4,22,Commensurate,-0.10557379051305421,-0.3270321339183056,0.110646859382121,0.0
100,sc4,22,NPE,0.37713634967803955,-0.1534137111415053,0.947265772900982,0.0
100,sc4,23,PSPower,0.21628396097142608,-0.03686195976368037,0.46942988170653255,0.0
100,sc4,23,IW,0.23844867585112403,-0.028243436499181956,0.50514078820143,0.0
100,sc4,23,Commensurate,0.22848450224643804,0.005971260507749953,0.45464201518983294,0.0
100,sc4,23,NPE,0.2952311038970947,-0.24246120798174267,0.8554080971904475,0.0
100,sc4,24,PSPower,-0.05978932739444056,-0.3392356516226219,0.21965699683374082,0.0
100,sc4,24,IW,-0.12921661765876963,-0.4324344514279997,0.17400121611046043,0.0
100,sc4,24,Commensurate,-0.028736099395586214,-0.2911934354217911,0.2343148197815516,0.0
100,sc4,24,NPE,0.08069994300603867,-0.5656419381402018,0.6982993136164986,0.0
100,sc4,25,PSPower,0.24815013546458212,0.02280357882608869,0.47349669210307554,0.0
100,sc4,25,IW,0.18612583502287794,-0.055782168712736835,0.4280338387584927,0.0
100,sc4,25,Commensurate,0.18725849061352456,-0.03211503747319765,0.40290205472306734,0.0
100,sc4,25,NPE,0.5142935514450073,0.010376904883239169,1.0415487939405748,0.0
100,sc4,26,PSPower,-0.027477416018413192,-0.2857368458824136,0.23078201384558722,0.0
100,sc4,26,IW,-0.03015603480500426,-0.30639553684451115,0.2460834672345026,0.0
100,sc4,26,Commensurate,-0.04075076845122777,-0.28020750552699375,0.19658778588919826,0.0
100,sc4,26,NPE,0.11034294217824936,-0.48464584192666077,0.6828705365088243,0.0
100,sc4,27,PSPower,0.0061185245512987655,-0.25890559357750803,0.2711426426801055,0.0
100,sc4,27,IW,-0.054146062243867255,-0.3366670459644213,0.2283749214766868,0.0
100,sc4,27,Commensurate,-0.028526737187311038,-0.27007369901893086,0.20657291260510877,0.0
100,sc4,27,NPE,0.33473092317581177,-0.2639458968932267,0.9562156524868345,0.0
100,sc4,28,PSPower,-0.12357856436815186,-0.4199396617876404,0.17278253305133673,0.0
100,sc4,28,IW,-0.08715889093590032,-0.40333213565556547,0.22901435378376486,0.0
100,sc4,28,Commensurate,-0.11489297794149561,-0.36874672539893993,0.14808631992391075,0.0
100,sc4,28,NPE,0.11201564967632294,-0.468650918179806,0.6928048650213091,0.0
100,sc4,29,PSPower,-0.21466963740385409,-0.5001565563644927,0.07081728155678452,0.0
100,sc4,29,IW,-0.2236270826286694,-0.5317930261374691,0.08453886088013038,0.0
100,sc4,29,Commensurate,-0.18482525848036138,-0.47222995729047934,0.08198813986886669,0.0
100,sc4,29,NPE,-0.16292108595371246,-0.750813045551389,0.42310424152413756,0.0
100,sc4,30,PSPower,0.20800280706395038,0.018857906223132076,0.3971477079047687,0.0
100,sc4,30,IW,0.20998332450694307,0.007434759448734313,0.41253188956515185,0.0
100,sc4,30,Commensurate,0.1846869769262471,-0.0016340546083858775,0.3735553772109487,0.0
100,sc4,30,NPE,0.4193798303604126,-0.11528400311600363,0.9563639948517105,0.0
100,sc4,31,PSPower,0.08346153997040431,-0.17468423050940665,0.3416073104502153,0.0
100,sc4,31,IW,0.07153412193001853,-0.2091202077043322,0.35218845156436923,0.0
100,sc4,31,Commensurate,0.05920170252923729,-0.1795754217022194,0.28883166084964196,0.0
100,sc4,31,NPE,0.4955751895904541,-0.012031109126816883,0.9964949658655415,0.0
100,sc4,32,PSPower,0.11084019186314494,-0.15005291792293146,0.3717333016492213,0.0
100,sc4,32,IW,0.05682409621351746,-0.22943586928840298,0.3430840617154379,0.0
100,sc4,32,Commensurate,0.15621729924927974,-0.07852693320265916,0.40887462066849944,0.0
100,sc4,32,NPE,0.31189000606536865,-0.2602673627261999,0.889260263245114,0.0
100,sc4,33,PSPower,0.19744074417219623,-0.07242557930332869,0.4673070676477211,0.0
100,sc4,33,IW,0.2589711440756037,-0.02452890627471238,0.5424711944259197,0.0
100,sc4,33,Commensurate,0.17495787651633923,-0.06843601426012198,0.4415373720543865,0.0
100,sc4,33,NPE,0.45824915170669556,-0.15938600731949823,1.0889619916281448,0.0
100,sc4,34,PSPower,-0.026898961001958367,-0.2537141429165162,0.19991622091259947,0.0
100,sc4,34,IW,-0.10295939500850246,-0.35068916756073865,0.14477037754373373,0.0
100,sc4,34,Commensurate,-0.03094057861727614,-0.24972519308899155,0.17505990761619902,0.0
100,sc4,34,NPE,0.077825628221035,-0.4968554616299613,0.6631525380702383,0.0
100,sc4,35,PSPower,-0.3549537681272478,-0.6667116694207125,-0.04319586683378318,0.0
100,sc4,35,IW,-0.33186658462795066,-0.6639162634388482,0.00018309418294698565,0.0
100,sc4,35,Commensurate,-0.3475931844514315,-0.6301780696148088,-0.05869298323467436,0.0
100,sc4,35,NPE,0.32790571451187134,-0.2883970567106391,0.9522533308213535,0.0
100,sc4,36,PSPower,0.01597015134756798,-0.2108804475102742,0.2428207502054102,0.0
100,sc4,36,IW,0.042656023540317216,-0.1975020150062934,0.28281406208692783,0.0
100,sc4,36,Commensurate,0.0022164564311939238,-0.21290223201058722,0.21514515571099507,0.0
100,sc4,36,NPE,0.20628613233566284,-0.324086773706086,0.7442243514392046,0.0
100,sc4,37,PSPower,-0.1526950600116116,-0.39946567765539465,0.09407555763217143,0.0
100,sc4,37,IW,-0.1520778353324276,-0.41978001630352135,0.11562434563866616,0.0
100,sc4,37,Commensurate,-0.08415937053465146,-0.3060991706345635,0.1404234325552132,0.0
100,sc4,37,NPE,0.2421162873506546,-0.3006304763107133,0.8132136088511595,0.0
100,sc4,38,PSPower,-0.2039194564856811,-0.4644566677786166,0.056617754807254395,0.0
100,sc4,38,IW,-0.199969350640824,-0.47439237319346644,0.07445367191181845,0.0
100,sc4,38,Commensurate,-0.17514906227482663,-0.4056195177480001,0.059101432719735766,0.0
100,sc4,38,NPE,0.11573652923107147,-0.43431550828067006,0.6544901499787752,0.0
100,sc4,39,PSPower,0.09917483428664978,-0.1810368935352112,0.37938656210851074,0.0
100,sc4,39,IW,0.039455732868120014,-0.2619007423253916,0.3408122080616317,0.0
100,sc4,39,Commensurate,0.0917397460689216,-0.17205220425260723,0.3412765992934974,0.0
100,sc4,39,NPE,0.18820108473300934,-0.33864031360585123,0.7106849633046415,0.0
100,sc4,40,PSPower,0.03704349273355493,-0.184747959083209,0.25883494455031886,0.0
100,sc4,40,IW,0.016233105543586365,-0.22537201186940262,0.2578382229565753,0.0
100,sc4,40,Commensurate,0.01844834327283214,-0.1994763693110492,0.23653324518861304,0.0
100,sc4,40,NPE,0.3137255311012268,-0.1932924361697737,0.832670004616244,0.0
100,sc4,41,PSPower,-0.1416674342472472,-0.3917724452193223,0.1084375767248279,0.0
100,sc4,41,IW,-0.12720840624054244,-0.3966353402623579,0.142218527781273,0.0
100,sc4,41,Commensurate,-0.10957891309159463,-0.3488566863186939,0.12353218742642268,0.0
100,sc4,41,NPE,0.09941745549440384,-0.4552311068292896,0.6554413369666363,0.0
100,sc4,42,PSPower,0.11676099356560903,-0.1373405087904787,0.3708624959216968,0.0
100,sc4,42,IW,0.07813172163120866,-0.1993052383438275,0.3555686816062448,0.0
100,sc4,42,Commensurate,0.09179367410187435,-0.1450531234612561,0.3215598861852387,0.0
100,sc4,42,NPE,0.4934012293815613,-0.11426897757754122,1.098845185374369,0.0
100,sc4,43,PSPower,0.062442377168172684,-0.21321742862973436,0.33810218296607975,0.0
100,sc4,43,IW,0.06532934882363244,-0.23359032077485115,0.36424901842211604,0.0
100,sc4,43,Commensurate,0.058159618438196885,-0.197787664206286,0.32123992816686325,0.0
100,sc4,43,NPE,0.3643023371696472,-0.22485878091030828,0.95584838163816,0.0
100,sc4,44,PSPower,0.19712381315997884,-0.03804468781717785,0.43229231413713554,0.0
100,sc4,44,IW,0.19176263088094772,-0.05850019188815195,0.4420254536500474,0.0
100,sc4,44,Commensurate,0.17599477397126764,-0.042265787887194047,0.4005901098746318,0.0
100,sc4,44,NPE,0.42094504833221436,-0.15357258639899848,0.9856311429479155,0.0
100,sc4,45,PSPower,0.01442545130392682,-0.2778306741784565,0.30668157678631014,0.0
100,sc4,45,IW,-0.03195104183247621,-0.3427427140354195,0.2788406303704671,0.0
100,sc4,45,Commensurate,-0.026523684947949454,-0.2878928608560633,0.2511646937971406,0.0
100,sc4,45,NPE,0.5287724137306213,-0.055205794264459186,1.111620997753979,0.0
100,sc4,46,PSPower,0.26770453613810025,0.02715119237986302,0.5082578798963375,0.0
100,sc4,46,IW,0.2599525550827036,0.007703862543938678,0.5122012476214686,0.0
100,sc4,46,Commensurate,0.2834082461478749,0.0554058723048016,0.5097997945264829,0.0
100,sc4,46,NPE,0.3593716621398926,-0.16591362378086857,0.8953821602840094,0.0
100,sc4,47,PSPower,0.1360278790926494,-0.12144535540877283,0.39350111359407164,0.0
100,sc4,47,IW,0.1645007830308937,-0.10304196804216217,0.4320435341039496,0.0
100,sc4,47,Commensurate,0.05491168651060539,-0.18638577511236107,0.29382113615283617,0.0
100,sc4,47,NPE,0.39436066150665283,-0.2454986775156271,1.054057902440154,0.0
100,sc4,48,PSPower,-0.017499367074493163,-0.23723013572882795,0.20223140157984165,0.0
100,sc4,48,IW,-0.010567776509276447,-0.24670791584056323,0.22557236282201032,0.0
100,sc4,48,Commensurate,-0.04007241683974445,-0.2444138052233744,0.16894927826451134,0.0
100,sc4,48,NPE,0.3828057050704956,-0.30005855045925167,1.0686323853185102,0.0
100,sc4,49,PSPower,-0.010814584930717193,-0.27220662779408866,0.2505774579326543,0.0
100,sc4,49,IW,0.054271250353599615,-0.2289811010152197,0.3375236017224189,0.0
100,sc4,49,Commensurate,-0.03815753230158581,-0.28771196164393875,0.20008849342472326,0.0
100,sc4,49,NPE,0.2035055309534073,-0.45176822295211905,0.8238722567128444,0.0
100,sc5,0,PSPower,1.077786246083377,0.8540250513820227,1.3015474407847312,0.0
100,sc5,0,IW,0.8089203722739031,0.5313322730056769,1.0865084715421294,0.0
100,sc5,0,Commensurate,1.0883158339792818,0.8397017308020476,1.3238939586300933,0.0
100,sc5,0,NPE,0.3771609663963318,-0.3362568163220311,1.114446582944936,0.0
100,sc5,1,PSPower,0.9877441417866242,0.793152403630416,1.1823358799428325,0.0
100,sc5,1,IW,0.665005221588149,0.412613113158198,0.9173973300181,0.0
100,sc5,1,Commensurate,0.9173351250857564,0.6892063993427303,1.1422534944119185,0.0
100,sc5,1,NPE,0.3073078393936157,-0.38387065372796536,1.0175517387938562,0.0
100,sc5,2,PSPower,0.8610706755747195,0.6697113578302112,1.0524299933192278,0.0
100,sc5,2,IW,0.5179628159451782,0.2677862592904844,0.7681393725998721,0.0
100,sc5,2,Commensurate,0.673801756457908,0.4245892075526814,0.9114675285108202,0.0
100,sc5,2,NPE,0.1517896056175232,-0.4037977631710971,0.708435322034514,0.0
100,sc5,3,PSPower,0.9377189186338459,0.7752228046039724,1.1002150326637194,0.0
100,sc5,3,IW,0.5110026994964586,0.3046120919141486,0.7173933070787686,0.0
100,sc5,3,Commensurate,0.5522080554901941,0.30631551606747154,0.7905307603765828,0.0
100,sc5,3,NPE,0.11266506463289261,-0.44672474482208385,0.684756713064079,0.0
100,sc5,4,PSPower,0.8262732649354839,0.6357777120972616,1.0167688177737062,0.0
100,sc5,4,IW,0.5960391532650653,0.3632479681054658,0.8288303384246648,0.0
100,sc5,4,Commensurate,0.7768378025786281,0.5659939583523289,0.9783280879582766,0.0
100,sc5,4,NPE,0.3373284935951233,-0.20681653838268677,0.8457038854152826,0.0
100,sc5,5,PSPower,1.0132979368203567,0.8422069204657812,1.1843889531749323,0.0
100,sc5,5,IW,0.7841892163108485,0.5665316011935603,1.0018468314281368,0.0
100,sc5,5,Commensurate,0.9574279101184086,0.7657107606024647,1.140340942109505,0.0
100,sc5,5,NPE,0.35299211740493774,-0.13576314114889115,0.8412075875914965,0.0
100,sc5,6,PSPower,0.9809504164516237,0.7716810724637753,1.1902197604394722,0.0
100,sc5,6,IW,0.7216707216095996,0.45970659185755697,0.9836348513616422,0.0
100,sc5,6,Commensurate,0.9821039840012574,0.7642150228952188,1.1931670677269124,0.0
100,sc5,6,NPE,0.3353464901447296,-0.1985580927894339,0.8600531814928086,0.0
100,sc5,7,PSPower,0.9228970997676035,0.7380764264512111,1.107717773083996,0.0
100,sc5,7,IW,0.5613891187421135,0.32847671768902487,0.7943015197952021,0.0
100,sc5,7,Commensurate,0.9126738959852051,0.7172147644563581,1.1110820189891972,0.0
100,sc5,7,NPE,0.22568857669830322,-0.3457735833162612,0.7900994345144713,0.0
100,sc5,8,PSPower,1.0877372492473594,0.8942100618872655,1.2812644366074533,0.0
100,sc5,8,IW,0.6552644521039009,0.40579047255627176,0.9047384316515301,0.0
100,sc5,8,Commensurate,0.8328303536828793,0.5798860073265416,1.064240633581205,0.0
100,sc5,8,NPE,0.3145672082901001,-0.2426864713367965,0.9094203062336763,0.0
100,sc5,9,PSPower,0.8144057154729777,0.626337632046368,1.0024737988995873,0.0
100,sc5,9,IW,0.44368586916771036,0.21059009352270985,0.6767816448127109,0.0
100,sc5,9,Commensurate,0.6484511927158583,0.3989205681410469,0.8820210579167121,0.0
100,sc5,9,NPE,0.1225166767835617,-0.4901474988082199,0.7426883375400395,0.0
100,sc5,10,PSPower,0.878458240988253,0.6661442579961397,1.0907722239803663,0.0
100,sc5,10,IW,0.5342047691951931,0.25905737605375084,0.8093521623366353,0.0
100,sc5,10,Commensurate,0.9322622898030509,0.7208498780841704,1.1348562743872612,0.0
100,sc5,10,NPE,0.4045169949531555,-0.23286032139176752,1.0427000383150293,0.0
100,sc5,11,PSPower,1.0039099125976527,0.8333436351488419,1.1744761900464635,0.0
100,sc5,11,IW,0.6502495473519392,0.4354167469369919,0.8650823477668865,0.0
100,sc5,11,Commensurate,0.6408258719260933,0.4085495002560286,0.8753468133672391,0.0
100,sc5,11,NPE,0.41378647089004517,-0.18480735765335596,1.0245210970020566,0.0
100,sc5,12,PSPower,0.8159251426754452,0.6157923588840701,1.0160579264668204,0.0
100,sc5,12,IW,0.5042934408503769,0.25234963430811486,0.7562372473926389,0.0
100,sc5,12,Commensurate,0.7196399668746316,0.4724579469712579,0.9560882378073031,0.0
100,sc5,12,NPE,0.622124969959259,0.05181616171421392,1.1984772444030634,0.0
100,sc5,13,PSPower,1.108236379182836,0.9200826597302283,1.2963900986354437,0.0
100,sc5,13,IW,0.8206396195103048,0.5808611992374233,1.0604180397831864,0.0
100,sc5,13,Commensurate,1.0878085304194092,0.8872351291519326,1.293041130888238,0.0
100,sc5,13,NPE,0.26991263031959534,-0.267657216797547,0.7891109255924503,0.0
100,sc5,14,PSPower,0.9018088388141668,0.7150375715447947,1.088580106083539,0.0
100,sc5,14,IW,0.5394875519135717,0.30279289869330595,0.7761822051338374,0.0
100,sc5,14,Commensurate,0.6313426002065935,0.377330492553205,0.8651442054525257,0.0
100,sc5,14,NPE,0.3121466040611267,-0.24553269261063568,0.8568391230451321,0.0
100,sc5,15,PSPower,1.001337069914745,0.8192598369503106,1.1834143028791795,0.0
100,sc5,15,IW,0.7023044147134975,0.4723663038647572,0.9322425255622377,0.0
100,sc5,15,Commensurate,0.8773285045487829,0.6418074873403226,1.1077669497001272,0.0
100,sc5,15,NPE,0.3086318075656891,-0.3201705336609504,0.9298902563750033,0.0
100,sc5,16,PSPower,1.050839746461519,0.8421854359666294,1.2594940569564084,0.0
100,sc5,16,IW,0.7796000856949654,0.5199263291695562,1.0392738422203747,0.0
100,sc5,16,Commensurate,1.0665547797595178,0.8427842167845238,1.281689001887441,0.0
100,sc5,16,NPE,0.052666693925857544,-0.595343772200172,0.7309440464927979,0.0
100,sc5,17,PSPower,0.7542647740327141,0.5759738258882746,0.9325557221771535,0.0
100,sc5,17,IW,0.5241141806425557,0.2850191558799108,0.7632092054052005,0.0
100,sc5,17,Commensurate,0.6403772286762901,0.43286271053434316,0.8356647778558943,0.0
100,sc5,17,NPE,0.3425145149230957,-0.22559588087903423,0.9340913596231546,0.0
100,sc5,18,PSPower,0.8223167334095487,0.6048287864005484,1.039804680418549,0.0
100,sc5,18,IW,0.49636503048540076,0.22455386263068894,0.7681761983401125,0.0
100,sc5,18,Commensurate,0.7757612154357175,0.527316105083912,1.0115332880094523,0.0
100,sc5,18,NPE,0.48014962673187256,-0.20393495922636265,1.1511781428260035,0.0
100,sc5,19,PSPower,0.9241149520895298,0.741674860254269,1.1065550439247904,0.0
100,sc5,19,IW,0.5669234202946976,0.332763842043441,0.8010829985459541,0.0
100,sc5,19,Commensurate,0.8240071842189324,0.5938948789565647,1.0382215423987124,0.0
100,sc5,19,NPE,0.24238857626914978,-0.32283122630263306,0.7928780886874508,0.0
100,sc5,20,PSPower,0.7718501399045438,0.5777911266814003,0.9659091531276872,0.0
100,sc5,20,IW,0.47125341397393194,0.22021075246618138,0.7222960754816825,0.0
100,sc5,20,Commensurate,0.7017141787817419,0.47509290724779596,0.9340576565162878,0.0
100,sc5,20,NPE,0.2164459377527237,-0.3553463744814186,0.806932542639761,0.0
100,sc5,21,PSPower,1.0464490234793964,0.8517935389808713,1.2411045079779215,0.0
100,sc5,21,IW,0.7959957398211498,0.5553187238258785,1.036672755816421,0.0
100,sc5,21,Commensurate,0.8830198493868322,0.6338659883029533,1.1169851441192016,0.0
100,sc5,21,NPE,0.40063995122909546,-0.18737102991123403,1.0054236740958638,0.0
100,sc5,22,PSPower,0.8369287288237146,0.6153498477285004,1.0585076099189288,0.0
100,sc5,22,IW,0.5428224379405178,0.26030980198459264,0.8253350738964429,0.0
100,sc5,22,Commensurate,0.8698209693466112,0.6535763004434471,1.0846830120742876,0.0
100,sc5,22,NPE,0.2819400429725647,-0.25253149949098147,0.8136414659291739,0.0
100,sc5,23,PSPower,1.0390909425279713,0.8587150377832965,1.219466847272646,0.0
100,sc5,23,IW,0.8167852349146274,0.5877178723121447,1.04585259751711,0.0
100,sc5,23,Commensurate,1.021338439793984,0.8290271041298186,1.2010610001299398,0.0
100,sc5,23,NPE,0.41969287395477295,-0.14006409867461433,0.9914517892735837,0.0
100,sc5,24,PSPower,0.9150137771993267,0.7182427237633104,1.111784830635343,0.0
100,sc5,24,IW,0.7040600622080847,0.4598123410583156,0.9483077833578538,0.0
100,sc5,24,Commensurate,0.859763279622968,0.6257988699103683,1.086595325538472,0.0
100,sc5,24,NPE,0.22770389914512634,-0.4562743049368327,0.9163724966923471,0.0
100,sc5,25,PSPower,0.9808317868999049,0.8125727717470759,1.149090802052734,0.0
100,sc5,25,IW,0.7505179072956236,0.5343681186471062,0.966667695944141,0.0
100,sc5,25,Commensurate,0.7760401798078191,0.5515812829491652,0.9962401971581217,0.0
100,sc5,25,NPE,0.3260740041732788,-0.24914739535363678,0.9044500072471429,0.0
100,sc5,26,PSPower,0.9442971017836854,0.7699499498387632,1.1186442537286077,0.0
100,sc5,26,IW,0.6348279425594058,0.4160002461418852,0.8536556389769263,0.0
100,sc5,26,Commensurate,0.7151626794841768,0.49892552893877357,0.9345869320863073,0.0
100,sc5,26,NPE,0.4167056083679199,-0.08194614960750969,0.9191794571759229,0.0
100,sc5,27,PSPower,1.0613550048044336,0.8741881296133396,1.2485218799955276,0.0
100,sc5,27,IW,0.9031938297306211,0.6794393302852328,1.1269483291760094,0.0
100,sc5,27,Commensurate,1.005148580814774,0.7915570653717686,1.2170128051735694,0.0
100,sc5,27,NPE,0.3852993845939636,-0.259237960100811,1.022901704122072,0.0
100,sc5,28,PSPower,0.9327979305207946,0.7406958466604608,1.1249000143811283,0.0
100,sc5,28,IW,0.6547516153479884,0.41631935064717895,0.8931838800487979,0.0
100,sc5,28,Commensurate,0.9126197094972989,0.6840465490603943,1.1177339915768736,0.0
100,sc5,28,NPE,0.35600531101226807,-0.20944874105841113,0.9195209677801931,0.0
100,sc5,29,PSPower,1.0491808006627419,0.8300686311614588,1.268292970164025,0.0
100,sc5,29,IW,0.7099025054022827,0.43122384836272665,0.9885811624418388,0.0
100,sc5,29,Commensurate,1.047557973370134,0.8075870455453237,1.2793464153440672,0.0
100,sc5,29,NPE,0.18609905242919922,-0.43594026819293985,0.8011991170849342,0.0
100,sc5,30,PSPower,0.8223308465841886,0.6117694422262309,1.0328922509421463,0.0
100,sc5,30,IW,0.5233621027982953,0.26118651714748625,0.7855376884491043,0.0
100,sc5,30,Commensurate,0.7551713041242734,0.5111990679577981,0.9873096984979942,0.0
100,sc5,30,NPE,0.2909776270389557,-0.34463049549999086,0.9150945552429872,0.0
100,sc5,31,PSPower,1.0000010103729908,0.8194301776689012,1.1805718430770804,0.0
100,sc5,31,IW,0.659636164386973,0.4311512181705379,0.8881211106034081,0.0
100,sc5,31,Commensurate,0.76539462903819,0.5406995461129914,0.9880032016755698,0.0
100,sc5,31,NPE,0.39090707898139954,-0.16356436334701127,0.9431565712421427,0.0
100,sc5,32,PSPower,1.0238115423067973,0.7886647827412812,1.2589583018723134,0.0
100,sc5,32,IW,0.7019274582724228,0.3969341731753322,1.0069207433695133,0.0
100,sc5,32,Commensurate,1.033932075884766,0.800773243391245,1.2631328983823469,0.0
100,sc5,32,NPE,0.6011472940444946,0.02486895222400302,1.1761637993603076,0.0
100,sc5,33,PSPower,1.0328435887494811,0.8352888376547717,1.2303983398441907,0.0
100,sc5,33,IW,0.6863491519774416,0.4289192844810052,0.943779019473878,0.0
100,sc5,33,Commensurate,0.8481221541491988,0.6065437298235056,1.080100724509036,0.0
100,sc5,33,NPE,0.40374046564102173,-0.27220303548559205,1.0673121712681006,0.0
100,sc5,34,PSPower,0.9864016197367861,0.7867599898885231,1.186043249585049,0.0
100,sc5,34,IW,0.7233104687100966,0.4729581312135653,0.9736628062066279,0.0
100,sc5,34,Commensurate,0.9287691739896634,0.696710699287804,1.1523477950458727,0.0
100,sc5,34,NPE,0.4463768005371094,-0.2742813000703639,1.1590642290452668,0.0
100,sc5,35,PSPower,0.8827195162255597,0.7002824715836639,1.0651565608674554,0.0
100,sc5,35,IW,0.6362518171542091,0.3968410748972482,0.87566255941117,0.0
100,sc5,35,Commensurate,0.7422651966440069,0.5128512915922935,0.9653685709352816,0.0
100,sc5,35,NPE,0.3002399206161499,-0.3046951206730418,0.8906308108894356,0.0
100,sc5,36,PSPower,1.0179976259938144,0.8383017828827726,1.1976934691048562,0.0
100,sc5,36,IW,0.7483144439047004,0.5132762319376024,0.9833526558717983,0.0
100,sc5,36,Commensurate,0.8141877578327668,0.5778939859821526,1.043525219931958,0.0
100,sc5,36,NPE,0.33999404311180115,-0.24918175707204018,0.9391855939143975,0.0
100,sc5,37,PSPower,0.905656316303384,0.7180764654927215,1.0932361671140465,0.0
100,sc5,37,IW,0.6386073001960036,0.39334429226455486,0.8838703081274524,0.0
100,sc5,37,Commensurate,0.8641590746623498,0.6480246684857124,1.0656982127514298,0.0
100,sc5,37,NPE,0.3408844769001007,-0.1986439219170019,0.8615625638654323,0.0
100,sc5,38,PSPower,0.9095540153567961,0.7199871251685535,1.0991209055450388,0.0
100,sc5,38,IW,0.5839234252217189,0.34187981140165413,0.8259670390417837,0.0
100,sc5,38,Commensurate,0.8551093685931903,0.6281039423079098,1.0655117932082776,0.0
100,sc5,38,NPE,0.3499390482902527,-0.3147976115847137,0.9968130368306392,0.0
100,sc5,39,PSPower,1.0767789684882667,0.8907204380222037,1.2628374989543296,0.0
100,sc5,39,IW,0.8498526774776202,0.6158200880319571,1.0838852669232832,0.0
100,sc5,39,Commensurate,0.9159200162505043,0.6851906509229291,1.1327106532795501,0.0
100,sc5,39,NPE,0.4564378261566162,-0.09605676062797905,1.0231082620447678,0.0
100,sc5,40,PSPower,0.8613908851023306,0.657158029375152,1.0656237408295093,0.0
100,sc5,40,IW,0.5237154642127628,0.26191872750236483,0.7855122009231608,0.0
100,sc5,40,Commensurate,0.7313285635152138,0.48326906701363714,0.9731417297689917,0.0
100,sc5,40,NPE,0.1384492814540863,-0.46839853212338844,0.7488843288165606,0.0
100,sc5,41,PSPower,1.0293308533979404,0.8029651164373,1.2556965903585808,0.0
100,sc5,41,IW,0.7467918107595662,0.4501448685965125,1.04343875292262,0.0
100,sc5,41,Commensurate,1.0855005133128681,0.8495379873780473,1.314002096297365,0.0
100,sc5,41,NPE,0.577982485294342,-0.07392037601414587,1.199108949012224,0.0
100,sc5,42,PSPower,1.0401873165872089,0.8439707743304949,1.2364038588439228,0.0
100,sc5,42,IW,0.6654490759568338,0.4185850413652234,0.9123131105484441,0.0
100,sc5,42,Commensurate,1.0410265580819185,0.8096911190755556,1.2618037738689625,0.0
100,sc5,42,NPE,0.2735820710659027,-0.35502383246883884,0.9085122093835323,0.0
100,sc5,43,PSPower,0.7899754204778782,0.6241509720598628,0.9557998688958935,0.0
100,sc5,43,IW,0.35819250969654765,0.14561908031009546,0.5707659390829998,0.0
100,sc5,43,Commensurate,0.3552769554112399,0.11521271136213056,0.593924231023415,0.0
100,sc5,43,NPE,0.20298805832862854,-0.3952259209238901,0.7893214197165471,0.0
100,sc5,44,PSPower,0.9699291181783942,0.7895638884014125,1.150294347955376,0.0
100,sc5,44,IW,0.7500045854828014,0.5192302388697251,0.9807789320958776,0.0
100,sc5,44,Commensurate,0.9642664128594374,0.7497952204994482,1.1710193097404649,0.0
100,sc5,44,NPE,0.40385931730270386,-0.2244100077172883,1.0418389996688104,0.0
100,sc5,45,PSPower,1.1004649878865642,0.8902681917813211,1.3106617839918073,0.0
100,sc5,45,IW,0.841948177536452,0.578366055354917,1.105530299717987,0.0
100,sc5,45,Commensurate,0.9972321941938833,0.7613457259846267,1.242180549982481,0.0
100,sc5,45,NPE,0.4256293773651123,-0.17610739409864848,1.021485081328324,0.0
100,sc5,46,PSPower,0.988117911951686,0.7615305106901679,1.214705313213204,0.0
100,sc5,46,IW,0.6859999277587018,0.39497056045295525,0.9770292950644484,0.0
100,sc5,46,Commensurate,1.0036617395869876,0.7698322421543701,1.2216990025110965,0.0
100,sc5,46,NPE,0.2354498952627182,-0.42321660867664773,0.8722998720359476,0.0
100,sc5,47,PSPower,1.1660735707757048,0.9606726484864272,1.3714744930649825,0.0
100,sc5,47,IW,0.9901421855294218,0.743941564695931,1.2363428063629125,0.0
100,sc5,47,Commensurate,1.1371508411892783,0.910949161305791,1.3664023735836535,0.0
100,sc5,47,NPE,0.4474455714225769,-0.2847735708397355,1.175322601375308,0.0
100,sc5,48,PSPower,0.8635395796452735,0.6341711503895278,1.0929080089010192,0.0
100,sc5,48,IW,0.5383523503641863,0.25617589995915757,0.820528800769215,0.0
100,sc5,48,Commensurate,0.9402503101285613,0.7120246393576227,1.161662048976286,0.0
100,sc5,48,NPE,0.35449832677841187,-0.255827654336083,0.9788848366318766,0.0
100,sc5,49,PSPower,0.9382623439197502,0.7725732552689542,1.1039514325705462,0.0
100,sc5,49,IW,0.5967317450915194,0.3880422575191561,0.8054212326638827,0.0
100,sc5,49,Commensurate,0.7446474329575775,0.5262166378156679,0.9444890302843516,0.0
100,sc5,49,NPE,0.3262096643447876,-0.12588574326335086,0.785556520209191,0.0
100,sc6,0,PSPower,0.34669214580908053,0.0941469749598855,0.5992373166582756,0.0
100,sc6,0,IW,0.131519721514089,-0.13826364873692312,0.40130309176510115,0.0
100,sc6,0,Commensurate,0.34021567889387777,0.1028831231120028,0.5849625871263107,0.0
100,sc6,0,NPE,0.2581818997859955,-0.3311358547061969,0.8663206744397647,0.0
100,sc6,1,PSPower,0.3833271699875002,0.1130443571385496,0.6536099828364508,0.0
100,sc6,1,IW,0.10735459152174985,-0.17755609141048984,0.39226527445398957,0.0
100,sc6,1,Commensurate,0.18513071748140555,-0.10476105169752378,0.4853222219723606,0.0
100,sc6,1,NPE,0.22686289250850677,-0.32534063522792495,0.7553483744564409,0.0
100,sc6,2,PSPower,0.16949142875693052,-0.10074379406688072,0.43972665158074176,0.0
100,sc6,2,IW,-0.057000488730000035,-0.3404763695127308,0.22647539205273076,0.0
100,sc6,2,Commensurate,0.09510667183425371,-0.17313955558220095,0.3725857312613845,0.0
100,sc6,2,NPE,-0.10643307864665985,-0.6683727402818219,0.43978272584921924,0.0
100,sc6,3,PSPower,-0.001746950243702055,-0.21333031615560735,0.20983641566820324,0.0
100,sc6,3,IW,-0.1556322312959172,-0.3800348795086698,0.06877041691683544,0.0
100,sc6,3,Commensurate,-0.132879795360363,-0.3588249438881028,0.08980333328626418,0.0
100,sc6,3,NPE,0.15876880288124084,-0.3286375978111243,0.6320716649036112,0.0
100,sc6,4,PSPower,0.4649153900727455,0.19587708246499208,0.733953697680499,0.0
100,sc6,4,IW,0.21058443219765594,-0.07965245806006693,0.5008213224553788,0.0
100,sc6,4,Commensurate,0.3424298012195676,0.07881580426483882,0.607743969453212,0.0
100,sc6,4,NPE,-0.023498788475990295,-0.5544773043099716,0.52109836596265,0.0
100,sc6,5,PSPower,0.09761918708891652,-0.2089686885310636,0.40420706270889667,0.0
100,sc6,5,IW,-0.1826312231188029,-0.5088006702724387,0.14353822403483293,0.0
100,sc6,5,Commensurate,0.07738095937519741,-0.20903333313599926,0.3666631413686473,0.0
100,sc6,5,NPE,0.1696750819683075,-0.4112879298810705,0.7467051583682253,0.0
100,sc6,6,PSPower,0.21388513640263526,-0.048428276557416355,0.4761985493626869,0.0
100,sc6,6,IW,-0.02532694032085089,-0.30023848391770636,0.2495846032760046,0.0
100,sc6,6,Commensurate,0.06124016789081115,-0.2015773700134409,0.32087669238819466,0.0
100,sc6,6,NPE,0.27002885937690735,-0.27407602927702096,0.8391509536856082,0.0
100,sc6,7,PSPower,0.31815781108413554,0.06805413619049533,0.5682614859777757,0.0
100,sc6,7,IW,0.01615673496845132,-0.2546462267966599,0.28695969673356253,0.0
100,sc6,7,Commensurate,0.20593935060469437,-0.05825503025015968,0.47475460702511274,0.0
100,sc6,7,NPE,0.11373241990804672,-0.49048363482401286,0.702280129674026,0.0
100,sc6,8,PSPower,0.499049599452952,0.2537838985868553,0.7443153003190488,0.0
100,sc6,8,IW,0.25270317024371725,-0.012661506412244172,0.5180678468996787,0.0
100,sc6,8,Commensurate,0.3324948566486181,0.07175869037771221,0.590683558732787,0.0
100,sc6,8,NPE,0.23447173833847046,-0.2838909613158468,0.774611241987862,0.0
100,sc6,9,PSPower,0.26218438086650275,0.003115892110422458,0.5212528696225831,0.0
100,sc6,9,IW,-0.04165889215348602,-0.3189752284488495,0.2356574441418775,0.0
100,sc6,9,Commensurate,0.060682156089362095,-0.22812277521335275,0.3411661320588228,0.0
100,sc6,9,NPE,0.15195609629154205,-0.43174747802375935,0.6987344905569651,0.0
100,sc6,10,PSPower,0.11071239898631305,-0.15475742445537902,0.37618222242800514,0.0
100,sc6,10,IW,-0.12601007517105833,-0.4027705603075777,0.15075040996546102,0.0
100,sc6,10,Commensurate,0.036644563969136006,-0.23243922850168797,0.29836152664503124,0.0
100,sc6,10,NPE,0.2800873816013336,-0.2654868346983689,0.8283554141665336,0.0
100,sc6,11,PSPower,0.09385436656762153,-0.12219640185124733,0.3099051349864904,0.0
100,sc6,11,IW,-0.06613000992807255,-0.29832794960069153,0.1660679297445464,0.0
100,sc6,11,Commensurate,-0.06388801861730585,-0.2821195773291211,0.1626835183855314,0.0
100,sc6,11,NPE,0.17108240723609924,-0.3658368064574544,0.7169879609156585,0.0
100,sc6,12,PSPower,0.3984790061240234,0.15411103284175945,0.6428469794062874,0.0
100,sc6,12,IW,0.19372457487080352,-0.06716126483498908,0.4546104145765961,0.0
100,sc6,12,Commensurate,0.29495188438022546,0.04365219457559192,0.5329042089357948,0.0
100,sc6,12,NPE,0.237856924533844,-0.24205954875898622,0.6998051938610728,0.0
100,sc6,13,PSPower,0.3397596394402579,0.132590438420021,0.5469288404604948,0.0
100,sc6,13,IW,0.1640606759339526,-0.05710074285393382,0.385222094721839,0.0
100,sc6,13,Commensurate,0.16425912651123828,-0.055727426444784574,0.3857516455386605,0.0
100,sc6,13,NPE,0.4241830110549927,-0.0860228866710447,0.9403606222070127,0.0
100,sc6,14,PSPower,0.3685560956838772,0.08926511359929379,0.6478470777684606,0.0
100,sc6,14,IW,0.08232009877456055,-0.22397130429398993,0.388611501843111,0.0
100,sc6,14,Commensurate,0.2961629758058607,0.026678762541897622,0.5717023986076156,0.0
100,sc6,14,NPE,0.29886943101882935,-0.2966088302482282,0.8835494753527371,0.0
100,sc6,15,PSPower,0.09910343956252232,-0.23712021009911766,0.4353270892241623,0.0
100,sc6,15,IW,-0.17287769367156172,-0.530996853469591,0.18524146612646755,0.0
100,sc6,15,Commensurate,-0.024934008547709767,-0.3564705732950125,0.28731370653178967,0.0
100,sc6,15,NPE,0.11524656414985657,-0.4949345546311105,0.7164005954431719,0.0
100,sc6,16,PSPower,0.42244348867517517,0.19183100871105307,0.6530559686392973,0.0
100,sc6,16,IW,0.24166541780286513,-0.0033370267560922096,0.48666786236182247,0.0
100,sc6,16,Commensurate,0.35738730152589937,0.13327677252454193,0.5793999486704452,0.0
100,sc6,16,NPE,0.33174002170562744,-0.23126664019327048,0.8875579209391482,0.0
100,sc6,17,PSPower,0.33424508888656485,0.10201671299324244,0.5664734647798872,0.0
100,sc6,17,IW,-0.019284462874231377,-0.2674804659781771,0.22891154022971433,0.0
100,sc6,17,Commensurate,-0.07065392019592914,-0.32286751629573657,0.1702670015178288,0.0
100,sc6,17,NPE,0.313434898853302,-0.21825317797251165,0.8354445326100758,0.0
100,sc6,18,PSPower,0.39866934921416214,0.1570421092619364,0.6402965891663879,0.0
100,sc6,18,IW,0.12829711683082437,-0.13239713749263773,0.3889913711542865,0.0
100,sc6,18,Commensurate,0.2523556446013234,-0.005963811613421329,0.49996964012997885,0.0
100,sc6,18,NPE,0.3040141463279724,-0.20159872841555038,0.8255867142450647,0.0
100,sc6,19,PSPower,0.31138897999407045,0.06871211969342442,0.5540658402947165,0.0
100,sc6,19,IW,0.12668233266149,-0.13508738189196925,0.3884520472149493,0.0
100,sc6,19,Commensurate,0.1718792029130011,-0.07901982066293756,0.41069472523627976,0.0
100,sc6,19,NPE,0.4381859302520752,-0.12316807261449415,0.9946842180140116,0.0
100,sc6,20,PSPower,0.2941537750224198,0.037755661672889185,0.5505518883719505,0.0
100,sc6,20,IW,0.08301462525109923,-0.1907142398502009,0.3567434903523994,0.0
100,sc6,20,Commensurate,0.2755489744899576,0.01189595205123939,0.5323598381140142,0.0
100,sc6,20,NPE,0.2428017407655716,-0.3319305035318279,0.80802355696438,0.0
100,sc6,21,PSPower,0.3935819644079421,0.12992132837837,0.6572426004375141,0.0
100,sc6,21,IW,0.13629795035239595,-0.1489228894124287,0.4215187901172206,0.0
100,sc6,21,Commensurate,0.279413188581235,0.004489169125441057,0.5383821552095414,0.0
100,sc6,21,NPE,0.3275682330131531,-0.24646331969035568,0.92623868047486,0.0
100,sc6,22,PSPower,0.5511783589914907,0.3126447300677646,0.7897119879152168,0.0
100,sc6,22,IW,0.25409348852031804,-0.008310674373896043,0.5164976514145321,0.0
100,sc6,22,Commensurate,0.34642556011311787,0.08066236084513745,0.5955022394821639,0.0
100,sc6,22,NPE,0.3780246078968048,-0.240527465383129,0.9923428205673485,0.0
100,sc6,23,PSPower,0.12471434539405057,-0.1523912890718595,0.40181997985996065,0.0
100,sc6,23,IW,-0.11845281729597015,-0.4128962553033463,0.175990620711406,0.0
100,sc6,23,Commensurate,0.03803152896287167,-0.23875731341025389,0.3193639201796614,0.0
100,sc6,23,NPE,0.22387054562568665,-0.3850553876339051,0.8134824874141425,0.0
100,sc6,24,PSPower,0.4268228618124289,0.15197682268659335,0.7016689009382644,0.0
100,sc6,24,IW,0.18713875655982842,-0.109587730923699,0.48386524404335585,0.0
100,sc6,24,Commensurate,0.39627621327869533,0.13046948693691546,0.6544061819327823,0.0
100,sc6,24,NPE,0.18252167105674744,-0.38581506184707004,0.7446411172428107,0.0
100,sc6,25,PSPower,0.4216040029307111,0.14206155000299714,0.701146455858425,0.0
100,sc6,25,IW,0.1883704857922704,-0.11230936816143983,0.4890503397459806,0.0
100,sc6,25,Commensurate,0.37446459813473687,0.11251848516536386,0.6332082373366207,0.0
100,sc6,25,NPE,0.1320142149925232,-0.41979826885004073,0.6651371929633036,0.0
100,sc6,26,PSPower,0.3668859257323716,0.10968170703997826,0.624090144424765,0.0
100,sc6,26,IW,0.08553843392180993,-0.1938471886561135,0.36492405649973336,0.0
100,sc6,26,Commensurate,0.16784423212893593,-0.10421731270372098,0.4338384200197112,0.0
100,sc6,26,NPE,0.34640416502952576,-0.1522090518295413,0.8378123029454773,0.0
100,sc6,27,PSPower,-0.04481107270154817,-0.3320590968846005,0.24243695148150418,0.0
100,sc6,27,IW,-0.2650009958769009,-0.5699046492407616,0.039902657486959814,0.0
100,sc6,27,Commensurate,-0.010167861504540235,-0.2688734180793797,0.25377827048242435,0.0
100,sc6,27,NPE,0.09635467082262039,-0.47993944139000044,0.6741939343317077,0.0
100,sc6,28,PSPower,0.19044499862792183,-0.06985870289686705,0.45074870015271074,0.0
100,sc6,28,IW,-0.09147539001116342,-0.37177881537093693,0.18882803534861012,0.0
100,sc6,28,Commensurate,0.06738016276081826,-0.19311490627943126,0.34196346530579236,0.0
100,sc6,28,NPE,-0.09463347494602203,-0.6770150586199146,0.5016948091248679,0.0
100,sc6,29,PSPower,0.35006900261491203,0.12390681997330102,0.5762311852565231,0.0
100,sc6,29,IW,0.14383117554443745,-0.09677150760641062,0.3844338586952855,0.0
100,sc6,29,Commensurate,0.22783430074698424,-0.003674885986231837,0.46583912146738005,0.0
100,sc6,29,NPE,0.735410213470459,0.24112236691886468,1.2145197569744712,0.0
100,sc6,30,PSPower,0.6013653298222229,0.37492430436753343,0.8278063552769124,0.0
100,sc6,30,IW,0.3490006940908996,0.09772292517513326,0.600278463006666,0.0
100,sc6,30,Commensurate,0.3245078033291296,0.06730667190024274,0.5708229686574513,0.0
100,sc6,30,NPE,0.5516052842140198,0.0108831669521685,1.0665424004856483,0.0
100,sc6,31,PSPower,0.090391026814782,-0.1743865959899391,0.3551686496195031,0.0
100,sc6,31,IW,-0.10362105494853796,-0.3791635448251118,0.17192143492803585,0.0
100,sc6,31,Commensurate,0.004037463109537615,-0.2693551711542022,0.26125203080814324,0.0
100,sc6,31,NPE,0.37718671560287476,-0.16302372350520947,0.9140113837113736,0.0
100,sc6,32,PSPower,0.26541307469138464,0.011976900978738492,0.5188492484040308,0.0
100,sc6,32,IW,-0.05785335325618834,-0.3264955945275892,0.2107888880152125,0.0
100,sc6,32,Commensurate,-0.007744194941258751,-0.2720832412086747,0.26154472343926183,0.0
100,sc6,32,NPE,0.25376075506210327,-0.2861183171367989,0.7937503032377295,0.0
100,sc6,33,PSPower,0.4714926951564152,0.19682769319957127,0.7461576971132591,0.0
100,sc6,33,IW,0.21553251063894246,-0.08585208611788325,0.5169171073957681,0.0
100,sc6,33,Commensurate,0.38587645796082504,0.13277599390414796,0.6534663080432735,0.0
100,sc6,33,NPE,0.5574377775192261,0.010040351166005055,1.0945730647352774,0.0
100,sc6,34,PSPower,0.4722716117156003,0.20283640772928285,0.7417068157019178,0.0
100,sc6,34,IW,0.1858614115024209,-0.10390754614941036,0.47563036915425216,0.0
100,sc6,34,Commensurate,0.3746745923364233,0.12021455712845072,0.6166118589750161,0.0
100,sc6,34,NPE,0.06769674271345139,-0.44760114362620146,0.5901665217256397,0.0
100,sc6,35,PSPower,0.21000919764081816,-0.04904627010552093,0.46906466538715724,0.0
100,sc6,35,IW,0.03658815922831113,-0.23658317517841074,0.30975949363503297,0.0
100,sc6,35,Commensurate,0.09360748379438794,-0.16258606250025096,0.35428064838386514,0.0
100,sc6,35,NPE,0.14432431757450104,-0.4186545592767133,0.7036968546161966,0.0
100,sc6,36,PSPower,0.3685135902189489,0.07159970522624576,0.665427475211652,0.0
100,sc6,36,IW,0.15325536682491703,-0.16496904136447715,0.4714797750143112,0.0
100,sc6,36,Commensurate,0.405631318091244,0.13455276666687851,0.6835759587401672,0.0
100,sc6,36,NPE,0.2156672179698944,-0.27630283415674894,0.7173658480119305,0.0
100,sc6,37,PSPower,0.22499542760105623,-0.037145969212727725,0.4871368244148402,0.0
100,sc6,37,IW,-0.08823429584044866,-0.37968363340102496,0.2032150417201276,0.0
100,sc6,37,Commensurate,0.04150710973941568,-0.2389651293144011,0.31154482571475056,0.0
100,sc6,37,NPE,0.20163893699645996,-0.4225346359417949,0.8243898363648342,0.0
100,sc6,38,PSPower,0.6293842127764482,0.40312917995086706,0.8556392456020293,0.0
100,sc6,38,IW,0.30655666641089213,0.05749469546583852,0.5556186373559457,0.0
100,sc6,38,Commensurate,0.4198095020854108,0.16874544092561955,0.661074174980784,0.0
100,sc6,38,NPE,0.24903970956802368,-0.23460552705525253,0.7137938575519343,0.0
100,sc6,39,PSPower,0.5374800115968571,0.2811563900484607,0.7938036331452535,0.0
100,sc6,39,IW,0.21677212449462613,-0.06654491782740146,0.5000891668166537,0.0
100,sc6,39,Commensurate,0.45063543367466796,0.18103149802931476,0.7219689717132853,0.0
100,sc6,39,NPE,0.42669087648391724,-0.05881567677599033,0.9100775357912019,0.0
100,sc6,40,PSPower,0.520873888470165,0.23690519075768596,0.804842586182644,0.0
100,sc6,40,IW,0.30936295764426747,0.00430547678095633,0.6144204385075787,0.0
100,sc6,40,Commensurate,0.506815037803354,0.2429815910701424,0.76566223705053,0.0
100,sc6,40,NPE,0.5600593090057373,-0.03677144882840004,1.1560636904752728,0.0
100,sc6,41,PSPower,0.4260310231737013,0.21285374815269872,0.6392082981947038,0.0
100,sc6,41,IW,0.23401516674372794,0.00470976909466958,0.4633205643927863,0.0
100,sc6,41,Commensurate,0.27177397599303066,0.05115357464374847,0.48442052126432833,0.0
100,sc6,41,NPE,0.39286255836486816,-0.20907089457755076,0.9712289555715196,0.0
100,sc6,42,PSPower,0.5327263264195579,0.24546620870547076,0.819986444133645,0.0
100,sc6,42,IW,0.17280871212510696,-0.14132767654572703,0.48694510079594094,0.0
100,sc6,42,Commensurate,0.4618307119715863,0.15864878286480386,0.7463242033124651,0.0
100,sc6,42,NPE,0.29104048013687134,-0.25507034693074054,0.8344467575478457,0.0
100,sc6,43,PSPower,0.27468914962497515,0.015955479811965767,0.5334228194379845,0.0
100,sc6,43,IW,0.008565928287579747,-0.27583065354708597,0.29296251012224545,0.0
100,sc6,43,Commensurate,0.21137298489748274,-0.04707925601858953,0.4707870129580774,0.0
100,sc6,43,NPE,0.5260450839996338,-0.1210194885508694,1.1357063300603532,0.0
100,sc6,44,PSPower,0.5073366433649864,0.2684733703487667,0.7461999163812061,0.0
100,sc6,44,IW,0.2334636968774217,-0.023788960045948104,0.4907163538007915,0.0
100,sc6,44,Commensurate,0.2665972647548,0.01385143426275501,0.5119330857813135,0.0
100,sc6,44,NPE,0.44731730222702026,-0.044358043399807714,0.9289489286218479,0.0
100,sc6,45,PSPower,0.09396152413857167,-0.1629705778978221,0.35089362617496545,0.0
100,sc6,45,IW,-0.14228183994360555,-0.4105307992263667,0.1259671193391556,0.0
100,sc6,45,Commensurate,-0.032123613679510256,-0.2954394127485527,0.225379359391024,0.0
100,sc6,45,NPE,0.1122058629989624,-0.3692918809744585,0.5911467608718486,0.0
100,sc6,46,PSPower,0.4584848091686333,0.2146436112418463,0.7023260070954204,0.0
100,sc6,46,IW,0.24181892325089108,-0.02778183780389784,0.51141968430568,0.0
100,sc6,46,Commensurate,0.4083071924318176,0.16630425835256227,0.6470551519391734,0.0
100,sc6,46,NPE,0.10484819859266281,-0.442135334325508,0.672964681188288,0.0
100,sc6,47,PSPower,0.24049651800380067,-0.013773668935491812,0.49476670494309316,0.0
100,sc6,47,IW,-0.029411195326485756,-0.30020930875258633,0.24138691809961485,0.0
100,sc6,47,Commensurate,0.21158475720076314,-0.04815745133141272,0.4758842216121692,0.0
100,sc6,47,NPE,0.3056311011314392,-0.21311751813217372,0.812840593178871,0.0
100,sc6,48,PSPower,0.16896707110381193,-0.06717316097665191,0.4051073031842758,0.0
100,sc6,48,IW,-0.008531171648917073,-0.25755709826356915,0.240494754965735,0.0
100,sc6,48,Commensurate,0.2289594803879035,0.005792177741635302,0.44531146751170175,0.0
100,sc6,48,NPE,0.1998496949672699,-0.3410267598519283,0.7720114746128679,0.0
100,sc6,49,PSPower,0.3437882735226542,0.05606967876292851,0.6315068682823799,0.0
100,sc6,49,IW,0.058319290093618234,-0.25552265718443745,0.37216123737167395,0.0
100,sc6,49,Commensurate,0.23543378146217483,-0.049804470023611956,0.5248256718997462,0.0
100,sc6,49,NPE,0.3302863836288452,-0.22211932762467668,0.9061488422009089,0.0
