Nc,scenario,rep,method,theta_hat,fit_time_sec,fit_time_ms,success
50,sc1,0,PSPower,1.1403154836986618,0.007752269000008027,7.752269000008027,True
50,sc1,0,IW,1.138197225750629,0.0011049680000212447,1.1049680000212447,True
50,sc1,0,Commensurate,1.1241683794003416,1.0612766090000036,1061.2766090000036,True
50,sc1,0,NPE,1.301375150680542,0.014246998000004396,14.246998000004396,True
50,sc1,1,PSPower,0.7844558942873686,0.006275138999995988,6.275138999995988,True
50,sc1,1,IW,0.8865342751375583,0.0009837320000087857,0.9837320000087857,True
50,sc1,1,Commensurate,0.811622575661097,1.087273836999998,1087.273836999998,True
50,sc1,1,NPE,1.3056001663208008,0.011361443999987841,11.361443999987841,True
50,sc1,2,PSPower,0.9623488183323347,0.006068040000002384,6.068040000002384,True
50,sc1,2,IW,1.024840476987789,0.0010941839999816239,1.0941839999816239,True
50,sc1,2,Commensurate,0.9974025278466184,1.1382413579999877,1138.2413579999877,True
50,sc1,2,NPE,1.4341877698898315,0.010411650999998301,10.411650999998301,True
50,sc1,3,PSPower,1.129736346671063,0.00933052300001691,9.33052300001691,True
50,sc1,3,IW,1.1680394725003478,0.0013172160000181066,1.3172160000181066,True
50,sc1,3,Commensurate,1.1210164738248118,1.1677153540000234,1167.7153540000234,True
50,sc1,3,NPE,1.4109165668487549,0.019609254000016563,19.609254000016563,True
50,sc1,4,PSPower,1.2182707248354492,0.01776535999999851,17.76535999999851,True
50,sc1,4,IW,1.159250384084416,0.0071373529999902985,7.1373529999902985,True
50,sc1,4,Commensurate,1.2326847266159306,1.1377127169999994,1137.7127169999994,True
50,sc1,4,NPE,1.0967254638671875,0.013112204999998767,13.112204999998767,True
50,sc1,5,PSPower,1.0557593033171488,0.005959039999993365,5.959039999993365,True
50,sc1,5,IW,1.1186033747942103,0.0009937639999861858,0.9937639999861858,True
50,sc1,5,Commensurate,1.0707563843805046,1.0936569570000074,1093.6569570000074,True
50,sc1,5,NPE,1.3330774307250977,0.011304988000006233,11.304988000006233,True
50,sc1,6,PSPower,1.0336473222906943,0.011549559999991743,11.549559999991743,True
50,sc1,6,IW,0.9688868103584046,0.0010311739999906422,1.0311739999906422,True
50,sc1,6,Commensurate,1.024688946320362,1.1039704399999835,1103.9704399999835,True
50,sc1,6,NPE,1.185714602470398,0.01228256999999644,12.28256999999644,True
50,sc1,7,PSPower,1.124633844627993,0.011662411999992628,11.662411999992628,True
50,sc1,7,IW,1.1373757512231508,0.0010723369999823262,1.0723369999823262,True
50,sc1,7,Commensurate,1.0858885351831764,1.0588988519999987,1058.8988519999987,True
50,sc1,7,NPE,1.621577262878418,0.010126818000003368,10.126818000003368,True
50,sc1,8,PSPower,1.0791314470676119,0.012445884999976897,12.445884999976897,True
50,sc1,8,IW,1.0285530033954522,0.001068752000008999,1.068752000008999,True
50,sc1,8,Commensurate,1.082072096918219,1.0790517599999987,1079.0517599999987,True
50,sc1,8,NPE,1.069409966468811,0.014409725999996681,14.409725999996681,True
50,sc1,9,PSPower,1.0820758140188451,0.008187585000001718,8.187585000001718,True
50,sc1,9,IW,1.0525640187214256,0.0011072389999924326,1.1072389999924326,True
50,sc1,9,Commensurate,1.055895823637327,1.0500160160000007,1050.0160160000007,True
50,sc1,9,NPE,1.4520540237426758,0.010583681000014167,10.583681000014167,True
50,sc1,10,PSPower,0.8699067542586031,0.012124762000013334,12.124762000013334,True
50,sc1,10,IW,0.8445732860075795,0.001034089000000904,1.034089000000904,True
50,sc1,10,Commensurate,0.9105569673297775,1.068470848000004,1068.470848000004,True
50,sc1,10,NPE,1.2635862827301025,0.013261257999999998,13.261257999999998,True
50,sc1,11,PSPower,1.1217776102302692,0.006065115000012611,6.065115000012611,True
50,sc1,11,IW,1.0763334547959218,0.0009429589999854215,0.9429589999854215,True
50,sc1,11,Commensurate,1.1183675220986842,1.0522979550000002,1052.2979550000002,True
50,sc1,11,NPE,1.101228952407837,0.009794556000002785,9.794556000002785,True
50,sc1,12,PSPower,1.1449317854157612,0.009046611000002258,9.046611000002258,True
50,sc1,12,IW,1.1412682232208196,0.0009304060000090431,0.930406000009043,True
50,sc1,12,Commensurate,1.1239260519088536,1.0538673039999935,1053.8673039999935,True
50,sc1,12,NPE,1.422560453414917,0.013224215999997568,13.224215999997568,True
50,sc1,13,PSPower,1.067953975147836,0.007167576000000508,7.167576000000508,True
50,sc1,13,IW,1.1103081384682432,0.0009818710000217834,0.9818710000217834,True
50,sc1,13,Commensurate,1.0396653658711215,1.1101452769999867,1110.1452769999867,True
50,sc1,13,NPE,1.2212904691696167,0.016798925999978565,16.798925999978565,True
50,sc1,14,PSPower,1.0318877907720325,0.005242465999998558,5.242465999998558,True
50,sc1,14,IW,1.0160221954392195,0.0009404699999890909,0.9404699999890909,True
50,sc1,14,Commensurate,1.030218512204765,1.103429086999995,1103.429086999995,True
50,sc1,14,NPE,1.122524380683899,0.010411804000000302,10.411804000000302,True
50,sc1,15,PSPower,1.0928106620674474,0.008589766000000054,8.589766000000054,True
50,sc1,15,IW,1.0808837815478545,0.004003350000004957,4.003350000004957,True
50,sc1,15,Commensurate,1.1155455450690295,1.1170472590000031,1117.0472590000031,True
50,sc1,15,NPE,0.9134687185287476,0.011476662000006854,11.476662000006854,True
50,sc1,16,PSPower,0.9954603600043814,0.007917187000003878,7.917187000003878,True
50,sc1,16,IW,0.8402082263653782,0.0009513539999943532,0.9513539999943532,True
50,sc1,16,Commensurate,0.9744492650730604,1.0826188489999993,1082.6188489999993,True
50,sc1,16,NPE,0.935584306716919,0.014275342000019009,14.275342000019009,True
50,sc1,17,PSPower,1.227173675731221,0.005810076000017261,5.810076000017261,True
50,sc1,17,IW,1.2777834004649444,0.001083964999992304,1.083964999992304,True
50,sc1,17,Commensurate,1.2172281602067998,1.080792219999978,1080.792219999978,True
50,sc1,17,NPE,1.65545654296875,0.01310186200004182,13.10186200004182,True
50,sc1,18,PSPower,1.1227017210069858,0.005793661999973665,5.793661999973665,True
50,sc1,18,IW,1.165687098770306,0.0010888190000173381,1.0888190000173381,True
50,sc1,18,Commensurate,1.1104030628361043,1.064907345999984,1064.907345999984,True
50,sc1,18,NPE,1.211889624595642,0.009997399999974732,9.997399999974732,True
50,sc1,19,PSPower,0.8585456049895,0.012062112000023717,12.062112000023717,True
50,sc1,19,IW,0.8546434172411327,0.0010463770000228578,1.0463770000228578,True
50,sc1,19,Commensurate,0.8327623075795421,1.062318950999952,1062.318950999952,True
50,sc1,19,NPE,1.2209031581878662,0.01055664099999376,10.55664099999376,True
50,sc1,20,PSPower,0.852584447723018,0.009175149999975929,9.175149999975929,True
50,sc1,20,IW,0.8402434552380726,0.0010218510000186143,1.0218510000186143,True
50,sc1,20,Commensurate,0.8260959091621906,1.0618304970000167,1061.8304970000167,True
50,sc1,20,NPE,0.9095292091369629,0.009800759999961883,9.800759999961883,True
50,sc1,21,PSPower,1.0930352281117337,0.005317727999965882,5.317727999965882,True
50,sc1,21,IW,1.1206893967505553,0.0009289619999890419,0.9289619999890419,True
50,sc1,21,Commensurate,1.0725933362555802,1.0653703279999718,1065.3703279999718,True
50,sc1,21,NPE,1.2644466161727905,0.010324370999967414,10.324370999967414,True
50,sc1,22,PSPower,0.9812488296432645,0.009122489999981553,9.122489999981553,True
50,sc1,22,IW,0.9174420801103383,0.0011148359999992863,1.1148359999992863,True
50,sc1,22,Commensurate,0.9367610846118614,1.1010308360000067,1101.0308360000067,True
50,sc1,22,NPE,0.802562952041626,0.011764353999978994,11.764353999978994,True
50,sc1,23,PSPower,1.0206319452932129,0.008540062000008675,8.540062000008675,True
50,sc1,23,IW,1.1066194541641876,0.0010812860000442015,1.0812860000442015,True
50,sc1,23,Commensurate,1.0450609795764698,1.1087063389999798,1108.7063389999798,True
50,sc1,23,NPE,1.4431570768356323,0.011358205000021826,11.358205000021826,True
50,sc1,24,PSPower,1.0411362707549618,0.01206854999998086,12.06854999998086,True
50,sc1,24,IW,0.9723626603126976,0.0009741850000182239,0.974185000018224,True
50,sc1,24,Commensurate,1.028077313027975,1.100002576999998,1100.002576999998,True
50,sc1,24,NPE,1.6603004932403564,0.022882163000019773,22.882163000019773,True
50,sc1,25,PSPower,0.9939840997392292,0.009046200999989651,9.04620099998965,True
50,sc1,25,IW,0.9315368888455903,0.0010970959999667684,1.0970959999667684,True
50,sc1,25,Commensurate,0.984153931281606,1.1753247320000355,1175.3247320000355,True
50,sc1,25,NPE,1.0289698839187622,0.013418335999972442,13.418335999972442,True
50,sc1,26,PSPower,0.9912871514321758,0.010563938000018425,10.563938000018425,True
50,sc1,26,IW,0.8980197625058177,0.0010132790000056957,1.0132790000056957,True
50,sc1,26,Commensurate,0.9878990242089664,1.0707944900000257,1070.7944900000257,True
50,sc1,26,NPE,0.8420430421829224,0.012369017999958487,12.369017999958487,True
50,sc1,27,PSPower,1.0073984759804269,0.014336286999991898,14.336286999991898,True
50,sc1,27,IW,0.9848119602029196,0.0010333349999882557,1.0333349999882557,True
50,sc1,27,Commensurate,1.0143426612003528,1.1056367760000398,1105.6367760000398,True
50,sc1,27,NPE,1.3720929622650146,0.013017810000008012,13.017810000008012,True
50,sc1,28,PSPower,0.9903518721091361,0.005608198999993874,5.608198999993874,True
50,sc1,28,IW,1.0600809422983077,0.0010342380000452067,1.0342380000452067,True
50,sc1,28,Commensurate,1.0170517540848438,1.0554861359999563,1055.4861359999563,True
50,sc1,28,NPE,1.3073086738586426,0.012687204999963342,12.687204999963342,True
50,sc1,29,PSPower,0.9208433780475175,0.008935418999953981,8.935418999953981,True
50,sc1,29,IW,0.9530743454423981,0.0010483920000297076,1.0483920000297076,True
50,sc1,29,Commensurate,0.9315215993303668,1.0912761170000067,1091.2761170000067,True
50,sc1,29,NPE,1.1380630731582642,0.008409843000038109,8.409843000038109,True
50,sc1,30,PSPower,0.9916410445440539,0.005796040000006997,5.796040000006997,True
50,sc1,30,IW,1.0604140862690827,0.00101029200004632,1.01029200004632,True
50,sc1,30,Commensurate,1.0082779891622542,1.0958280020000188,1095.8280020000188,True
50,sc1,30,NPE,1.2980815172195435,0.010265643000025193,10.265643000025193,True
50,sc1,31,PSPower,1.1460479277795954,0.006265197999994143,6.265197999994143,True
50,sc1,31,IW,1.2144154803180562,0.0010707120000006398,1.0707120000006398,True
50,sc1,31,Commensurate,1.1800993020453623,1.0598211919999585,1059.8211919999585,True
50,sc1,31,NPE,1.3536813259124756,0.013661607000017284,13.661607000017284,True
50,sc1,32,PSPower,0.8503040809901836,0.005686313000012433,5.686313000012433,True
50,sc1,32,IW,0.9121967168500761,0.0010700099999780832,1.0700099999780832,True
50,sc1,32,Commensurate,0.8315015907079862,1.0855262440000502,1085.5262440000502,True
50,sc1,32,NPE,1.0862337350845337,0.010493183999983557,10.493183999983557,True
50,sc1,33,PSPower,0.9490746183798066,0.009186666999994486,9.186666999994486,True
50,sc1,33,IW,1.0177530643998676,0.0010022239999898375,1.0022239999898375,True
50,sc1,33,Commensurate,0.9489252597260683,1.081927898999993,1081.927898999993,True
50,sc1,33,NPE,1.197031855583191,0.016856325999981436,16.856325999981436,True
50,sc1,34,PSPower,0.849217422012069,0.005803260000050159,5.803260000050159,True
50,sc1,34,IW,0.9304522346323983,0.0010066770000207725,1.0066770000207725,True
50,sc1,34,Commensurate,0.8611221283981405,1.0736310130000106,1073.6310130000106,True
50,sc1,34,NPE,1.3900560140609741,0.02438630300002842,24.38630300002842,True
50,sc1,35,PSPower,1.1005026809200844,0.02337507100003222,23.37507100003222,True
50,sc1,35,IW,1.222428303324007,0.0010249019999832854,1.0249019999832854,True
50,sc1,35,Commensurate,1.1141099560615055,1.1160860500000354,1116.0860500000354,True
50,sc1,35,NPE,1.37822687625885,0.01694709899999225,16.94709899999225,True
50,sc1,36,PSPower,1.0252720102462032,0.011657812000009926,11.657812000009926,True
50,sc1,36,IW,1.111951031026404,0.0010185700000420184,1.0185700000420184,True
50,sc1,36,Commensurate,1.0117870195411212,1.110081933999993,1110.081933999993,True
50,sc1,36,NPE,1.221718192100525,0.010806306000006316,10.806306000006316,True
50,sc1,37,PSPower,1.0057165745354772,0.012006138999993254,12.006138999993254,True
50,sc1,37,IW,1.032768197075809,0.0010149130000058904,1.0149130000058904,True
50,sc1,37,Commensurate,0.9959931718571363,1.0471220149999567,1047.1220149999567,True
50,sc1,37,NPE,1.138228416442871,0.012779104999992796,12.779104999992796,True
50,sc1,38,PSPower,1.103564666408078,0.005070568999997249,5.070568999997249,True
50,sc1,38,IW,1.0664010659207346,0.0010216900000159512,1.0216900000159512,True
50,sc1,38,Commensurate,1.1149032257475637,1.0379045720000022,1037.9045720000022,True
50,sc1,38,NPE,1.3990983963012695,0.007044581000002381,7.044581000002381,True
50,sc1,39,PSPower,1.1430404332007371,0.00493464800001675,4.93464800001675,True
50,sc1,39,IW,1.0958643952879243,0.0010441630000173063,1.0441630000173063,True
50,sc1,39,Commensurate,1.141937457092403,1.0290770889999976,1029.0770889999976,True
50,sc1,39,NPE,1.3243483304977417,0.010012433999975201,10.012433999975201,True
50,sc1,40,PSPower,0.8919658248854155,0.006258794999951078,6.258794999951078,True
50,sc1,40,IW,0.8946665171073456,0.0010161299999822404,1.0161299999822404,True
50,sc1,40,Commensurate,0.8930616932016069,1.0980547130000105,1098.0547130000105,True
50,sc1,40,NPE,1.03153657913208,0.009455070000001342,9.455070000001342,True
50,sc1,41,PSPower,1.3898286934283597,0.0052977180000084445,5.2977180000084445,True
50,sc1,41,IW,1.3650297658335906,0.0011383749999822612,1.1383749999822612,True
50,sc1,41,Commensurate,1.379235082420535,1.0389784500000019,1038.9784500000019,True
50,sc1,41,NPE,1.564754605293274,0.006532618999983697,6.532618999983697,True
50,sc1,42,PSPower,0.9167139547439014,0.005922045999966485,5.922045999966485,True
50,sc1,42,IW,0.9555941894868599,0.0009374080000270624,0.9374080000270624,True
50,sc1,42,Commensurate,0.9091860591935934,1.0506584620000012,1050.6584620000012,True
50,sc1,42,NPE,1.1937776803970337,0.012505821999980071,12.505821999980071,True
50,sc1,43,PSPower,0.9761390604481244,0.00536664800000608,5.36664800000608,True
50,sc1,43,IW,1.0365810556646233,0.0010203299999602677,1.0203299999602677,True
50,sc1,43,Commensurate,0.9655997851449704,1.0593717560000186,1059.3717560000186,True
50,sc1,43,NPE,1.1254687309265137,0.012245631999974194,12.245631999974194,True
50,sc1,44,PSPower,0.8107618989440283,0.024113237999983994,24.113237999983994,True
50,sc1,44,IW,0.7938598071431708,0.0038017849999505415,3.8017849999505415,True
50,sc1,44,Commensurate,0.8318870044550899,1.0624252449999858,1062.4252449999858,True
50,sc1,44,NPE,0.9220099449157715,0.01150741700001845,11.50741700001845,True
50,sc1,45,PSPower,1.1937552452481603,0.012187191999998959,12.187191999998959,True
50,sc1,45,IW,1.2680624462421413,0.0009394669999664984,0.9394669999664984,True
50,sc1,45,Commensurate,1.1974977933246342,1.0884265310000387,1088.4265310000387,True
50,sc1,45,NPE,1.2600034475326538,0.0218099969999912,21.8099969999912,True
50,sc1,46,PSPower,1.0033704974040714,0.04490590500000735,44.90590500000735,True
50,sc1,46,IW,1.0352241633166082,0.001004489999957059,1.004489999957059,True
50,sc1,46,Commensurate,0.986345103099754,1.121150053000008,1121.150053000008,True
50,sc1,46,NPE,1.139671802520752,0.013819096000020181,13.819096000020181,True
50,sc1,47,PSPower,0.8091980344576054,0.006323897000015677,6.323897000015677,True
50,sc1,47,IW,0.8745317374722279,0.0010615710000365652,1.0615710000365652,True
50,sc1,47,Commensurate,0.8068537434987872,1.0434990560000301,1043.4990560000301,True
50,sc1,47,NPE,0.7858091592788696,0.013111576000028435,13.111576000028435,True
50,sc1,48,PSPower,0.9493363668611794,0.009233459999961724,9.233459999961724,True
50,sc1,48,IW,1.1096036351994105,0.0011321119999934126,1.1321119999934126,True
50,sc1,48,Commensurate,0.9915518455492873,1.0456153660000496,1045.6153660000496,True
50,sc1,48,NPE,1.2762820720672607,0.012854521999997814,12.854521999997814,True
50,sc1,49,PSPower,0.7730197226459922,0.005473091999988355,5.473091999988355,True
50,sc1,49,IW,0.9506984476675401,0.0010732169999982943,1.0732169999982943,True
50,sc1,49,Commensurate,0.82343467038738,1.0425154050000174,1042.5154050000174,True
50,sc1,49,NPE,1.575836181640625,0.013844476000031136,13.844476000031136,True
50,sc2,0,PSPower,1.2911453178808705,0.006103726999981518,6.103726999981518,True
50,sc2,0,IW,1.2272909643955945,0.0010193789999561886,1.0193789999561886,True
50,sc2,0,Commensurate,1.181173811790909,1.0490160360000118,1049.0160360000118,True
50,sc2,0,NPE,1.3033146858215332,0.013662184000054367,13.662184000054367,True
50,sc2,1,PSPower,0.8140850014621543,0.006528754999976627,6.528754999976627,True
50,sc2,1,IW,0.7186477576535374,0.0010853300000235322,1.0853300000235322,True
50,sc2,1,Commensurate,0.8073964524457742,1.0632446349999896,1063.2446349999896,True
50,sc2,1,NPE,0.7825641632080078,0.014182307999988097,14.182307999988097,True
50,sc2,2,PSPower,0.9508751469366965,0.007046335999973508,7.046335999973508,True
50,sc2,2,IW,1.0083967240097287,0.0009724429999664608,0.9724429999664608,True
50,sc2,2,Commensurate,0.9846108907151084,1.0486754039999937,1048.6754039999937,True
50,sc2,2,NPE,1.3941854238510132,0.013013710999985051,13.01371099998505,True
50,sc2,3,PSPower,1.061897015310148,0.005502446999969379,5.502446999969379,True
50,sc2,3,IW,1.103461660063999,0.0010047790000271561,1.0047790000271561,True
50,sc2,3,Commensurate,1.1017595564133866,1.0738077909999788,1073.8077909999788,True
50,sc2,3,NPE,1.4715253114700317,0.013663057000030676,13.663057000030676,True
50,sc2,4,PSPower,0.9521096354915306,0.005502634000038142,5.502634000038142,True
50,sc2,4,IW,0.8879630632536787,0.0012006129999804216,1.2006129999804216,True
50,sc2,4,Commensurate,0.8859257453111444,1.062970001999986,1062.970001999986,True
50,sc2,4,NPE,1.4368312358856201,0.013073270999996112,13.073270999996112,True
50,sc2,5,PSPower,1.0239764012564567,0.007187810000004902,7.187810000004902,True
50,sc2,5,IW,1.044958226447822,0.001006100999973114,1.006100999973114,True
50,sc2,5,Commensurate,1.0683690655827485,1.0539256449999925,1053.9256449999925,True
50,sc2,5,NPE,1.2661161422729492,0.013772376999952485,13.772376999952485,True
50,sc2,6,PSPower,1.1423743694815087,0.005470922000029077,5.470922000029077,True
50,sc2,6,IW,1.2085038169722626,0.0010280889999876308,1.0280889999876308,True
50,sc2,6,Commensurate,1.1526075423829565,1.1142871100000207,1114.2871100000207,True
50,sc2,6,NPE,1.3449608087539673,0.014172564999967108,14.172564999967108,True
50,sc2,7,PSPower,0.7165775982595521,0.005752122999979292,5.752122999979292,True
50,sc2,7,IW,0.7226014547057986,0.001224472999979298,1.224472999979298,True
50,sc2,7,Commensurate,0.7592976420153698,1.122002963,1122.002963,True
50,sc2,7,NPE,0.9231992959976196,0.009721280999997362,9.721280999997362,True
50,sc2,8,PSPower,0.8878664270264645,0.012098369000000275,12.098369000000275,True
50,sc2,8,IW,0.9076131425319316,0.001046917999985908,1.046917999985908,True
50,sc2,8,Commensurate,0.8933936959379957,1.0628246559999752,1062.8246559999752,True
50,sc2,8,NPE,1.0666499137878418,0.013303775999986556,13.303775999986556,True
50,sc2,9,PSPower,1.2544692410887173,0.005570998999985477,5.570998999985477,True
50,sc2,9,IW,1.2083746249438245,0.0010717730000351366,1.0717730000351366,True
50,sc2,9,Commensurate,1.2395197189366003,1.0734329160000016,1073.4329160000016,True
50,sc2,9,NPE,1.3058817386627197,0.011852949000001445,11.852949000001445,True
50,sc2,10,PSPower,0.9945282290957828,0.0116990110000188,11.6990110000188,True
50,sc2,10,IW,0.9447822521890042,0.004125454999950762,4.125454999950762,True
50,sc2,10,Commensurate,0.9987453505911187,1.0520407029999888,1052.0407029999888,True
50,sc2,10,NPE,1.0571867227554321,0.00983939000002465,9.83939000002465,True
50,sc2,11,PSPower,0.8184369667237384,0.007136025000022528,7.136025000022528,True
50,sc2,11,IW,0.7753795730976107,0.0009673209999618848,0.9673209999618848,True
50,sc2,11,Commensurate,0.7664062572587533,1.0305966359999843,1030.5966359999843,True
50,sc2,11,NPE,1.0719809532165527,0.013412739999978385,13.412739999978385,True
50,sc2,12,PSPower,0.8731123531583076,0.005001719999995657,5.001719999995657,True
50,sc2,12,IW,0.8752017818774774,0.0009451459999922918,0.9451459999922918,True
50,sc2,12,Commensurate,0.8213539195489289,1.0486154939999892,1048.6154939999892,True
50,sc2,12,NPE,1.2258267402648926,0.012288159000036103,12.288159000036103,True
50,sc2,13,PSPower,0.9696494727861505,0.008037946000001739,8.037946000001739,True
50,sc2,13,IW,0.9898878620055697,0.0009711719999927482,0.9711719999927482,True
50,sc2,13,Commensurate,1.0120803196879573,1.1085862749999933,1108.5862749999933,True
50,sc2,13,NPE,1.1846116781234741,0.01644820600000685,16.44820600000685,True
50,sc2,14,PSPower,1.0302809967362463,0.0056421670000190716,5.642167000019072,True
50,sc2,14,IW,0.9777807733399203,0.0010434599999484817,1.0434599999484817,True
50,sc2,14,Commensurate,1.0469488319546667,1.1117548120000151,1111.7548120000151,True
50,sc2,14,NPE,0.9266761541366577,0.01662191799999846,16.62191799999846,True
50,sc2,15,PSPower,0.892982055348022,0.017435380999984318,17.435380999984318,True
50,sc2,15,IW,0.8803795578836612,0.0009314509999853726,0.9314509999853726,True
50,sc2,15,Commensurate,0.8078635126592442,1.111590953000018,1111.590953000018,True
50,sc2,15,NPE,1.1958398818969727,0.02002964600001178,20.02964600001178,True
50,sc2,16,PSPower,1.0751764610512768,0.017436655999972572,17.436655999972572,True
50,sc2,16,IW,1.069901918257997,0.0009511850000194499,0.9511850000194499,True
50,sc2,16,Commensurate,1.0229418267671948,1.1149651609999864,1114.9651609999864,True
50,sc2,16,NPE,1.3574920892715454,0.025642519000030006,25.642519000030006,True
50,sc2,17,PSPower,1.0418985947068666,0.017230627999992976,17.230627999992976,True
50,sc2,17,IW,1.0017835002310982,0.0009582609999938541,0.9582609999938541,True
50,sc2,17,Commensurate,0.9633226700418247,1.1235221979999892,1123.5221979999892,True
50,sc2,17,NPE,1.0017898082733154,0.01235270600000149,12.35270600000149,True
50,sc2,18,PSPower,0.9919740710175979,0.011134858999980679,11.134858999980679,True
50,sc2,18,IW,0.9712266805315359,0.0010169899999823429,1.0169899999823429,True
50,sc2,18,Commensurate,1.0296700980947258,1.0716066730000193,1071.6066730000193,True
50,sc2,18,NPE,1.0577709674835205,0.011038869000003615,11.038869000003615,True
50,sc2,19,PSPower,0.8115784455344899,0.01234790600000224,12.34790600000224,True
50,sc2,19,IW,0.8147553550143555,0.0038855600000147206,3.8855600000147206,True
50,sc2,19,Commensurate,0.8139749687719632,1.0626966169999719,1062.6966169999719,True
50,sc2,19,NPE,1.2225686311721802,0.012078369999983352,12.078369999983352,True
50,sc2,20,PSPower,0.818531457257951,0.011527611000019533,11.527611000019533,True
50,sc2,20,IW,0.755071270166003,0.0010783110000147644,1.0783110000147644,True
50,sc2,20,Commensurate,0.7730137365371865,1.0644162280000273,1064.4162280000273,True
50,sc2,20,NPE,0.8282293081283569,0.012886267999988377,12.886267999988377,True
50,sc2,21,PSPower,0.8735781498165825,0.012070906999952058,12.070906999952058,True
50,sc2,21,IW,0.9054672226651576,0.0009681089999844517,0.9681089999844517,True
50,sc2,21,Commensurate,0.8398519765754084,1.0366506739999863,1036.6506739999863,True
50,sc2,21,NPE,1.0416539907455444,0.0153540559999783,15.3540559999783,True
50,sc2,22,PSPower,1.356903000219761,0.01777980800000023,17.77980800000023,True
50,sc2,22,IW,1.2732047540544806,0.007096409999974185,7.096409999974185,True
50,sc2,22,Commensurate,1.3370222783100034,1.0849275870000383,1084.9275870000383,True
50,sc2,22,NPE,1.6504043340682983,0.01302952800000412,13.02952800000412,True
50,sc2,23,PSPower,1.17099586874572,0.018718030999991697,18.718030999991697,True
50,sc2,23,IW,1.126145428886446,0.004035351000027276,4.035351000027276,True
50,sc2,23,Commensurate,1.0991997931684887,1.0718059019999941,1071.8059019999941,True
50,sc2,23,NPE,1.5105626583099365,0.012295639999990726,12.295639999990726,True
50,sc2,24,PSPower,1.0629913873604109,0.011759478999977091,11.759478999977091,True
50,sc2,24,IW,1.1149919976432197,0.0010147209999900042,1.0147209999900042,True
50,sc2,24,Commensurate,1.0563406441225542,1.072745698999995,1072.745698999995,True
50,sc2,24,NPE,1.8285378217697144,0.01031852300002356,10.31852300002356,True
50,sc2,25,PSPower,1.3314467541985784,0.011158282999986113,11.158282999986113,True
50,sc2,25,IW,1.3167820972181712,0.000936013999989882,0.936013999989882,True
50,sc2,25,Commensurate,1.326506655437982,1.0608314760000326,1060.8314760000326,True
50,sc2,25,NPE,1.6467647552490234,0.011941976999992221,11.941976999992221,True
50,sc2,26,PSPower,0.7354854590966611,0.0121771529999819,12.1771529999819,True
50,sc2,26,IW,0.7015813871617588,0.0040114969999649475,4.0114969999649475,True
50,sc2,26,Commensurate,0.7027710485880644,1.062292790000015,1062.292790000015,True
50,sc2,26,NPE,1.1293832063674927,0.01342245900002581,13.42245900002581,True
50,sc2,27,PSPower,1.1553149543973107,0.005435019999993074,5.435019999993074,True
50,sc2,27,IW,1.1716377077771054,0.0010114539999790395,1.0114539999790395,True
50,sc2,27,Commensurate,1.1909725001704965,1.1306518500000493,1130.6518500000493,True
50,sc2,27,NPE,1.3312684297561646,0.016828115000009802,16.828115000009802,True
50,sc2,28,PSPower,0.9907716503174171,0.005934410000008938,5.934410000008938,True
50,sc2,28,IW,0.9863625955755333,0.0010461950000149045,1.0461950000149045,True
50,sc2,28,Commensurate,1.0314830585406516,1.104277866000018,1104.277866000018,True
50,sc2,28,NPE,1.5283485651016235,0.010525357000005897,10.525357000005897,True
50,sc2,29,PSPower,0.8649068900166595,0.00807847999999467,8.07847999999467,True
50,sc2,29,IW,0.8951278859018408,0.0010026269999912074,1.0026269999912074,True
50,sc2,29,Commensurate,0.8780314700402814,1.06601241300001,1066.01241300001,True
50,sc2,29,NPE,1.2289366722106934,0.010879493999993883,10.879493999993883,True
50,sc2,30,PSPower,0.9160390481773438,0.012415611999983867,12.415611999983867,True
50,sc2,30,IW,0.9209914065407263,0.0010573389999990468,1.0573389999990468,True
50,sc2,30,Commensurate,0.9897397540731262,1.0743029480000246,1074.3029480000246,True
50,sc2,30,NPE,1.1285011768341064,0.011145718999955534,11.145718999955534,True
50,sc2,31,PSPower,0.7916795898664641,0.005515984999988177,5.515984999988177,True
50,sc2,31,IW,0.7467940389711537,0.000989504000017405,0.9895040000174049,True
50,sc2,31,Commensurate,0.8293406912309277,1.0459661109999843,1045.9661109999843,True
50,sc2,31,NPE,1.0142111778259277,0.007603080000023965,7.603080000023965,True
50,sc2,32,PSPower,0.8177038696961889,0.005002734000015607,5.002734000015607,True
50,sc2,32,IW,0.795630438154723,0.0010251960000005056,1.0251960000005056,True
50,sc2,32,Commensurate,0.8237457334116738,1.0666140449999943,1066.6140449999943,True
50,sc2,32,NPE,1.1082547903060913,0.012349867000011727,12.349867000011727,True
50,sc2,33,PSPower,1.0336469175690008,0.005332325000040328,5.332325000040328,True
50,sc2,33,IW,0.9172738191563152,0.0009465039999554392,0.9465039999554392,True
50,sc2,33,Commensurate,1.113470776019089,1.0056091089999768,1005.6091089999768,True
50,sc2,33,NPE,0.9039386510848999,0.012316779999991923,12.316779999991923,True
50,sc2,34,PSPower,1.071779640543572,0.016182783000033396,16.182783000033396,True
50,sc2,34,IW,0.9939211647779966,0.001032536999957756,1.032536999957756,True
50,sc2,34,Commensurate,1.0457370245076514,1.1136028580000357,1113.6028580000357,True
50,sc2,34,NPE,1.1211284399032593,0.011116841999978533,11.116841999978533,True
50,sc2,35,PSPower,0.8155496026953699,0.012001789999999346,12.001789999999346,True
50,sc2,35,IW,0.8415121750331879,0.0010422139999946012,1.0422139999946012,True
50,sc2,35,Commensurate,0.8001554093039581,1.084636221999972,1084.636221999972,True
50,sc2,35,NPE,1.2554036378860474,0.010396900999978698,10.396900999978698,True
50,sc2,36,PSPower,1.092342216294863,0.005398219999960929,5.398219999960929,True
50,sc2,36,IW,1.1195551330453755,0.0009543059999828074,0.9543059999828074,True
50,sc2,36,Commensurate,1.1392610474453542,1.0944966270000123,1094.4966270000123,True
50,sc2,36,NPE,1.5878734588623047,0.01405217699999639,14.05217699999639,True
50,sc2,37,PSPower,0.9436032830758524,0.005304913999964356,5.304913999964356,True
50,sc2,37,IW,0.9830819933257858,0.001014404999978069,1.014404999978069,True
50,sc2,37,Commensurate,0.9961820644483235,1.091098536000004,1091.098536000004,True
50,sc2,37,NPE,1.5571470260620117,0.010557136999977956,10.557136999977956,True
50,sc2,38,PSPower,0.9840647951578076,0.012547022000035213,12.547022000035213,True
50,sc2,38,IW,0.9925377691719935,0.0011375100000350358,1.1375100000350358,True
50,sc2,38,Commensurate,1.011804922306522,1.1048842670000454,1104.8842670000454,True
50,sc2,38,NPE,1.3849201202392578,0.01066912300001377,10.66912300001377,True
50,sc2,39,PSPower,0.910653407947013,0.01568975599997202,15.689755999972022,True
50,sc2,39,IW,0.9340445119097626,0.001222147000021323,1.222147000021323,True
50,sc2,39,Commensurate,0.9303101207333538,1.0341654130000393,1034.1654130000393,True
50,sc2,39,NPE,1.2658073902130127,0.006588894999993045,6.588894999993045,True
50,sc2,40,PSPower,1.1146715970494532,0.006344353000031333,6.344353000031333,True
50,sc2,40,IW,1.0437360450044337,0.0009209520000013072,0.9209520000013072,True
50,sc2,40,Commensurate,1.0442894116865387,1.0030724630000236,1003.0724630000236,True
50,sc2,40,NPE,1.130273699760437,0.009739502000002176,9.739502000002176,True
50,sc2,41,PSPower,1.0379243586450844,0.010075138999980027,10.075138999980027,True
50,sc2,41,IW,1.0737188122913928,0.0009406409999996868,0.9406409999996868,True
50,sc2,41,Commensurate,1.0607949942980723,1.0669488720000118,1066.9488720000118,True
50,sc2,41,NPE,1.0132325887680054,0.014162411000029351,14.162411000029351,True
50,sc2,42,PSPower,1.2455575854580223,0.005486947999997938,5.486947999997938,True
50,sc2,42,IW,1.233129981688944,0.0010259090000204196,1.0259090000204196,True
50,sc2,42,Commensurate,1.1403463392118565,1.034136746999991,1034.136746999991,True
50,sc2,42,NPE,1.4732272624969482,0.01217788600001768,12.17788600001768,True
50,sc2,43,PSPower,0.9091285247390788,0.00480221300000494,4.80221300000494,True
50,sc2,43,IW,0.887462463040056,0.0010027690000242728,1.0027690000242728,True
50,sc2,43,Commensurate,0.834337646726566,1.011884813999984,1011.8848139999841,True
50,sc2,43,NPE,1.001592755317688,0.012461809999990692,12.461809999990692,True
50,sc2,44,PSPower,0.984486450082517,0.004857769000011558,4.857769000011558,True
50,sc2,44,IW,1.0969033156295978,0.0010133989999872028,1.0133989999872028,True
50,sc2,44,Commensurate,0.9995205199239531,1.0468423700000358,1046.8423700000358,True
50,sc2,44,NPE,1.2573741674423218,0.01242188199995553,12.42188199995553,True
50,sc2,45,PSPower,0.911104650498925,0.004822027999978218,4.822027999978218,True
50,sc2,45,IW,0.9566238395694079,0.0009441789999868888,0.9441789999868888,True
50,sc2,45,Commensurate,0.93048443302278,1.0946216079999544,1094.6216079999544,True
50,sc2,45,NPE,1.3065593242645264,0.013780292000035388,13.780292000035388,True
50,sc2,46,PSPower,0.9652675626422381,0.006311715999970602,6.311715999970602,True
50,sc2,46,IW,1.025023110867479,0.001036551000026975,1.036551000026975,True
50,sc2,46,Commensurate,0.9932748216798984,1.0571664130000045,1057.1664130000045,True
50,sc2,46,NPE,1.1624258756637573,0.010289723000028062,10.289723000028062,True
50,sc2,47,PSPower,0.9391988262972776,0.010877314000026672,10.877314000026672,True
50,sc2,47,IW,0.8708833384753757,0.0009500250000087362,0.9500250000087362,True
50,sc2,47,Commensurate,0.9805939071163066,1.0093833269999664,1009.3833269999664,True
50,sc2,47,NPE,1.0745397806167603,0.009752662999972017,9.752662999972017,True
50,sc2,48,PSPower,1.0549881811254334,0.01213648700002068,12.13648700002068,True
50,sc2,48,IW,0.964859265564701,0.0009409329999812144,0.9409329999812144,True
50,sc2,48,Commensurate,1.0412512951075112,1.1044742680000468,1104.4742680000468,True
50,sc2,48,NPE,0.8897961378097534,0.01767645199998924,17.67645199998924,True
50,sc2,49,PSPower,0.8726005516051387,0.018157152000014776,18.157152000014776,True
50,sc2,49,IW,0.9017245601236739,0.006935859999998684,6.935859999998684,True
50,sc2,49,Commensurate,0.9020250028894293,1.11761422699999,1117.61422699999,True
50,sc2,49,NPE,1.1137605905532837,0.019163300000002437,19.163300000002437,True
50,sc3,0,PSPower,2.1243501525836455,0.018277522999994744,18.277522999994744,True
50,sc3,0,IW,1.9121698512070062,0.0070122719999972105,7.0122719999972105,True
50,sc3,0,Commensurate,2.059544134711774,1.068009920999998,1068.009920999998,True
50,sc3,0,NPE,1.1556956768035889,0.01952805499996657,19.52805499996657,True
50,sc3,1,PSPower,2.144669039103091,0.01544192699998348,15.44192699998348,True
50,sc3,1,IW,1.8410117274306261,0.0010569320000399784,1.0569320000399784,True
50,sc3,1,Commensurate,2.209093324334518,1.026808333999952,1026.808333999952,True
50,sc3,1,NPE,1.1127351522445679,0.013880333999964023,13.880333999964023,True
50,sc3,2,PSPower,2.343368207061809,0.012187632000006943,12.187632000006943,True
50,sc3,2,IW,2.0482078448905106,0.0010274300000219228,1.0274300000219228,True
50,sc3,2,Commensurate,2.2340585864862725,1.0325138680000236,1032.5138680000236,True
50,sc3,2,NPE,1.1064165830612183,0.012896340999986933,12.896340999986933,True
50,sc3,3,PSPower,2.08381538543437,0.012216878000003817,12.216878000003817,True
50,sc3,3,IW,1.8654850205394995,0.0010900370000399562,1.0900370000399562,True
50,sc3,3,Commensurate,1.999424138512088,1.0340928429999963,1034.0928429999963,True
50,sc3,3,NPE,1.5269359350204468,0.013584663000017372,13.584663000017372,True
50,sc3,4,PSPower,2.314286766248848,0.005442498000036267,5.442498000036267,True
50,sc3,4,IW,2.1320583270431053,0.0010025619999964874,1.0025619999964874,True
50,sc3,4,Commensurate,2.2003167524253655,1.0550273179999863,1055.0273179999863,True
50,sc3,4,NPE,1.561567783355713,0.010430640000038238,10.430640000038238,True
50,sc3,5,PSPower,2.1181762464978195,0.012145992999990085,12.145992999990085,True
50,sc3,5,IW,1.968356951132108,0.0010827109999809181,1.0827109999809181,True
50,sc3,5,Commensurate,2.205762943341885,1.0920385159999455,1092.0385159999455,True
50,sc3,5,NPE,0.9779711961746216,0.013617853999960516,13.617853999960516,True
50,sc3,6,PSPower,2.1520644225580083,0.00614687999996022,6.14687999996022,True
50,sc3,6,IW,1.9451804180964989,0.0011823410000033618,1.1823410000033618,True
50,sc3,6,Commensurate,2.044801128703743,1.0922331589999885,1092.2331589999885,True
50,sc3,6,NPE,1.2121896743774414,0.010178937999967275,10.178937999967275,True
50,sc3,7,PSPower,2.309194945892515,0.005395067999984349,5.395067999984349,True
50,sc3,7,IW,2.092032189676531,0.0011188409999931537,1.1188409999931537,True
50,sc3,7,Commensurate,2.3203109409513565,1.051500501000021,1051.500501000021,True
50,sc3,7,NPE,1.0240414142608643,0.010973030999991806,10.973030999991806,True
50,sc3,8,PSPower,2.180995746182758,0.008263429000010092,8.263429000010092,True
50,sc3,8,IW,1.9033819074167384,0.0010443479999935334,1.0443479999935334,True
50,sc3,8,Commensurate,2.0692155987712946,1.0237406610000335,1023.7406610000335,True
50,sc3,8,NPE,1.4049180746078491,0.010041919000002508,10.041919000002508,True
50,sc3,9,PSPower,2.140984703806046,0.0057137480000051255,5.7137480000051255,True
50,sc3,9,IW,1.9609953444471229,0.0010380360000112887,1.0380360000112887,True
50,sc3,9,Commensurate,2.1836209873621155,1.0759855150000135,1075.9855150000135,True
50,sc3,9,NPE,0.7697004079818726,0.01089551699999447,10.89551699999447,True
50,sc3,10,PSPower,2.1566422210890313,0.018052584999963983,18.052584999963983,True
50,sc3,10,IW,1.8665143501011179,0.004133152999997947,4.133152999997947,True
50,sc3,10,Commensurate,1.975195120587673,1.0730830449999758,1073.0830449999758,True
50,sc3,10,NPE,0.9228394031524658,0.017449268999996548,17.449268999996548,True
50,sc3,11,PSPower,2.21345011331477,0.02948601600002121,29.48601600002121,True
50,sc3,11,IW,1.9689490321573628,0.0010636449999879005,1.0636449999879005,True
50,sc3,11,Commensurate,2.018521496982782,1.0213720260000514,1021.3720260000514,True
50,sc3,11,NPE,1.5267819166183472,0.012275149000004149,12.275149000004149,True
50,sc3,12,PSPower,2.234410600233633,0.010914047999960985,10.914047999960985,True
50,sc3,12,IW,1.8970181047168055,0.0009825550000073235,0.9825550000073235,True
50,sc3,12,Commensurate,2.0800853974379807,1.0677568729999507,1067.7568729999507,True
50,sc3,12,NPE,1.0676802396774292,0.013004319000003761,13.004319000003761,True
50,sc3,13,PSPower,2.229654433782707,0.010861919999967995,10.861919999967995,True
50,sc3,13,IW,1.8955330068797236,0.0007724630000325305,0.7724630000325305,True
50,sc3,13,Commensurate,2.161451847379514,1.0316875330000244,1031.6875330000244,True
50,sc3,13,NPE,1.0704139471054077,0.009694391000039104,9.694391000039104,True
50,sc3,14,PSPower,2.11973456271101,0.004814197000030163,4.814197000030163,True
50,sc3,14,IW,1.7736287338143712,0.0009403150000366622,0.9403150000366622,True
50,sc3,14,Commensurate,2.031374272259603,1.023059136000029,1023.059136000029,True
50,sc3,14,NPE,1.0166045427322388,0.009148914000036257,9.148914000036257,True
50,sc3,15,PSPower,2.000764301401445,0.004719972000032158,4.719972000032158,True
50,sc3,15,IW,1.7913071969480858,0.0008980989999827216,0.8980989999827216,True
50,sc3,15,Commensurate,1.9880590575927504,1.0492203470000163,1049.2203470000163,True
50,sc3,15,NPE,0.9285624027252197,0.009322294000014608,9.322294000014608,True
50,sc3,16,PSPower,2.072380816616403,0.022475034000024152,22.475034000024152,True
50,sc3,16,IW,1.9635201718131208,0.0040093320000096355,4.0093320000096355,True
50,sc3,16,Commensurate,2.1077371549156414,1.0740997659999607,1074.0997659999607,True
50,sc3,16,NPE,1.5654977560043335,0.016391361000046345,16.391361000046345,True
50,sc3,17,PSPower,2.099197268811349,0.017620598999997128,17.620598999997128,True
50,sc3,17,IW,1.8492102170716718,0.001013486000033481,1.013486000033481,True
50,sc3,17,Commensurate,2.0962710982437853,1.079139768999994,1079.139768999994,True
50,sc3,17,NPE,1.1226155757904053,0.013102056000036555,13.102056000036555,True
50,sc3,18,PSPower,2.1366424712325176,0.01768629600002214,17.68629600002214,True
50,sc3,18,IW,1.8879829639944836,0.0010793049999620052,1.0793049999620052,True
50,sc3,18,Commensurate,2.035509941070595,1.0863780070000075,1086.3780070000075,True
50,sc3,18,NPE,1.3571423292160034,0.010760650999998234,10.760650999998234,True
50,sc3,19,PSPower,2.2089591013064243,0.005141944000001786,5.141944000001786,True
50,sc3,19,IW,1.944822664302427,0.0009294169999520818,0.9294169999520818,True
50,sc3,19,Commensurate,2.1308693096859534,1.0285426970000344,1028.5426970000344,True
50,sc3,19,NPE,1.2036457061767578,0.00927768499997228,9.27768499997228,True
50,sc3,20,PSPower,2.293592582405579,0.009241438999993079,9.241438999993079,True
50,sc3,20,IW,1.9051112365778378,0.0009591109999860237,0.9591109999860237,True
50,sc3,20,Commensurate,2.194038186759997,1.083412592000002,1083.412592000002,True
50,sc3,20,NPE,1.0653877258300781,0.007530664000000797,7.530664000000797,True
50,sc3,21,PSPower,2.0799490138339363,0.024086264000004576,24.086264000004576,True
50,sc3,21,IW,1.8779963903736425,0.0010193769999773394,1.0193769999773394,True
50,sc3,21,Commensurate,2.0461879929750513,1.1324128820000396,1132.4128820000396,True
50,sc3,21,NPE,1.2813425064086914,0.008503490000009606,8.503490000009606,True
50,sc3,22,PSPower,2.2004737965570564,0.015932619000011528,15.932619000011528,True
50,sc3,22,IW,1.98375377300767,0.001004836999982217,1.004836999982217,True
50,sc3,22,Commensurate,2.183739799475926,1.0704846369999927,1070.4846369999927,True
50,sc3,22,NPE,1.2844445705413818,0.014720881999949142,14.720881999949142,True
50,sc3,23,PSPower,2.1443980231614415,0.026028570999983458,26.028570999983458,True
50,sc3,23,IW,1.9090283561519485,0.001058236999995188,1.058236999995188,True
50,sc3,23,Commensurate,2.113865330672589,1.0617321009999614,1061.7321009999614,True
50,sc3,23,NPE,0.8896987438201904,0.013132288999997854,13.132288999997854,True
50,sc3,24,PSPower,2.047000954866802,0.02055835699997033,20.55835699997033,True
50,sc3,24,IW,1.8898289157858785,0.001106262999996943,1.106262999996943,True
50,sc3,24,Commensurate,2.1668891093220752,1.0630184670000062,1063.0184670000062,True
50,sc3,24,NPE,1.1416267156600952,0.013101403000007394,13.101403000007394,True
50,sc3,25,PSPower,2.356068290425621,0.013092411000002357,13.092411000002357,True
50,sc3,25,IW,2.0384145372831415,0.004053380999948786,4.053380999948786,True
50,sc3,25,Commensurate,2.3569602525723004,1.1085058700000445,1108.5058700000445,True
50,sc3,25,NPE,1.3529003858566284,0.010479258000032132,10.479258000032132,True
50,sc3,26,PSPower,2.20024881128678,0.01935899900001914,19.35899900001914,True
50,sc3,26,IW,1.8942452697390992,0.0039857030000121085,3.9857030000121085,True
50,sc3,26,Commensurate,1.9250098105538314,1.1509837000000402,1150.9837000000402,True
50,sc3,26,NPE,1.0119291543960571,0.012625738999986424,12.625738999986424,True
50,sc3,27,PSPower,2.022086425351265,0.01621701099998063,16.21701099998063,True
50,sc3,27,IW,1.7253418763858552,0.0008924960000058491,0.892496000005849,True
50,sc3,27,Commensurate,1.8941919411283699,1.0227575650000063,1022.7575650000063,True
50,sc3,27,NPE,0.9858335256576538,0.013226635000023634,13.226635000023634,True
50,sc3,28,PSPower,2.321246789399205,0.011199199999964549,11.199199999964549,True
50,sc3,28,IW,2.260112393954383,0.0009322540000198387,0.9322540000198387,True
50,sc3,28,Commensurate,2.3104003714675883,1.0656201020000253,1065.6201020000253,True
50,sc3,28,NPE,1.3608505725860596,0.009170032000042738,9.170032000042738,True
50,sc3,29,PSPower,2.0889819733331345,0.013484027999993486,13.484027999993486,True
50,sc3,29,IW,1.8059004282690676,0.0010985940000409755,1.0985940000409755,True
50,sc3,29,Commensurate,1.8428664556854104,1.0599274570000148,1059.9274570000148,True
50,sc3,29,NPE,1.3031864166259766,0.013517704000037156,13.517704000037156,True
50,sc3,30,PSPower,2.169784472371818,0.0059395750000135195,5.9395750000135195,True
50,sc3,30,IW,1.9581966025462645,0.0010679000000095584,1.0679000000095584,True
50,sc3,30,Commensurate,2.1651163418394663,1.0859422629999926,1085.9422629999926,True
50,sc3,30,NPE,1.0861713886260986,0.029055551999988438,29.055551999988438,True
50,sc3,31,PSPower,2.168947747176184,0.024167548999969313,24.167548999969313,True
50,sc3,31,IW,1.9899702969116044,0.0010635309999997844,1.0635309999997844,True
50,sc3,31,Commensurate,2.10280519156026,1.109362052999984,1109.362052999984,True
50,sc3,31,NPE,1.3372752666473389,0.025498620000007577,25.498620000007577,True
50,sc3,32,PSPower,2.021502661996168,0.02111596899999313,21.11596899999313,True
50,sc3,32,IW,1.744155235846891,0.004004253999994489,4.004253999994489,True
50,sc3,32,Commensurate,2.01547279598531,1.0485155520000262,1048.5155520000262,True
50,sc3,32,NPE,1.2008000612258911,0.010994877999962682,10.994877999962682,True
50,sc3,33,PSPower,2.2997668966516422,0.011368193999999221,11.368193999999221,True
50,sc3,33,IW,2.0650078297353,0.0009725859999889508,0.9725859999889508,True
50,sc3,33,Commensurate,2.341798908433375,1.0427391050000097,1042.7391050000097,True
50,sc3,33,NPE,1.2214205265045166,0.006572136999977829,6.572136999977829,True
50,sc3,34,PSPower,2.104118940615246,0.01269035999996504,12.69035999996504,True
50,sc3,34,IW,1.9699080171406538,0.0009427059999893572,0.9427059999893572,True
50,sc3,34,Commensurate,2.1461776929373264,1.1099150750000035,1109.9150750000035,True
50,sc3,34,NPE,1.076006531715393,0.010929396999983965,10.929396999983965,True
50,sc3,35,PSPower,2.1836582365823025,0.006369852999966952,6.369852999966952,True
50,sc3,35,IW,1.8568388288334705,0.0009957519999943543,0.9957519999943543,True
50,sc3,35,Commensurate,2.063348982614548,1.0938826089999907,1093.8826089999907,True
50,sc3,35,NPE,1.1158758401870728,0.010487413000021206,10.487413000021206,True
50,sc3,36,PSPower,2.2070426190552803,0.005186376999972708,5.186376999972708,True
50,sc3,36,IW,1.910482956540023,0.0009481920000098398,0.9481920000098398,True
50,sc3,36,Commensurate,1.8540711567331116,1.0590388260000054,1059.0388260000054,True
50,sc3,36,NPE,0.78059983253479,0.009970140999996602,9.970140999996602,True
50,sc3,37,PSPower,2.2623706537718045,0.0070315199999981814,7.0315199999981814,True
50,sc3,37,IW,2.078152635503223,0.0010377269999821692,1.0377269999821692,True
50,sc3,37,Commensurate,2.143319359810691,1.0212790239999663,1021.2790239999663,True
50,sc3,37,NPE,1.3765313625335693,0.011617709999995895,11.617709999995895,True
50,sc3,38,PSPower,2.1991156402689818,0.004528481999955147,4.528481999955147,True
50,sc3,38,IW,1.9404327701056534,0.0008780699999988428,0.8780699999988428,True
50,sc3,38,Commensurate,2.2712848128844643,1.0060225169999626,1006.0225169999626,True
50,sc3,38,NPE,1.1786870956420898,0.011757676000001993,11.757676000001993,True
50,sc3,39,PSPower,2.237701532401879,0.004714180999997097,4.714180999997097,True
50,sc3,39,IW,1.9987571878881252,0.0009909020000122837,0.9909020000122837,True
50,sc3,39,Commensurate,2.10011614039095,1.0715079389999573,1071.5079389999573,True
50,sc3,39,NPE,1.3215752840042114,0.009893366000028436,9.893366000028436,True
50,sc3,40,PSPower,2.250484150770383,0.010037845999988804,10.037845999988804,True
50,sc3,40,IW,2.082316618371053,0.0009737849999851278,0.9737849999851278,True
50,sc3,40,Commensurate,2.2180526895600674,1.051163033000023,1051.163033000023,True
50,sc3,40,NPE,1.7345187664031982,0.015874784999994063,15.874784999994063,True
50,sc3,41,PSPower,2.0224757960058968,0.018099777000031736,18.099777000031736,True
50,sc3,41,IW,1.8383013659089298,0.006954347999965194,6.954347999965194,True
50,sc3,41,Commensurate,1.9305336586268362,1.0990235790000042,1099.0235790000042,True
50,sc3,41,NPE,0.9502372741699219,0.012551191999989442,12.551191999989442,True
50,sc3,42,PSPower,2.215029931671395,0.01452897399997255,14.52897399997255,True
50,sc3,42,IW,1.99759103534521,0.003879256000004716,3.879256000004716,True
50,sc3,42,Commensurate,2.150198682707683,1.124239925999973,1124.239925999973,True
50,sc3,42,NPE,1.2880386114120483,0.009575814000015725,9.575814000015725,True
50,sc3,43,PSPower,2.05938530121894,0.006219983999983469,6.219983999983469,True
50,sc3,43,IW,1.8777394371229617,0.0009596240000178113,0.9596240000178113,True
50,sc3,43,Commensurate,2.0055260049145884,1.0343617510000058,1034.3617510000058,True
50,sc3,43,NPE,1.1266494989395142,0.007419169000002057,7.419169000002057,True
50,sc3,44,PSPower,2.0178212632182886,0.005529715000022861,5.529715000022861,True
50,sc3,44,IW,1.7040163242476662,0.0010338839999803895,1.0338839999803895,True
50,sc3,44,Commensurate,2.0227796280841184,1.051042534999965,1051.042534999965,True
50,sc3,44,NPE,0.8781343698501587,0.013483874999963064,13.483874999963064,True
50,sc3,45,PSPower,2.0612516521069044,0.010964169000033053,10.964169000033053,True
50,sc3,45,IW,1.7834377267682548,0.0010336139999935767,1.0336139999935767,True
50,sc3,45,Commensurate,1.8795484848895045,1.0581235139999876,1058.1235139999876,True
50,sc3,45,NPE,1.3323556184768677,0.013708511000004364,13.708511000004364,True
50,sc3,46,PSPower,2.228839733598627,0.00562361800001554,5.62361800001554,True
50,sc3,46,IW,1.9683612006439817,0.001003547999971488,1.003547999971488,True
50,sc3,46,Commensurate,2.2909591333256083,1.0621306109999864,1062.1306109999864,True
50,sc3,46,NPE,1.1567347049713135,0.014188928000010037,14.188928000010037,True
50,sc3,47,PSPower,2.17914779953469,0.015161788000000342,15.161788000000342,True
50,sc3,47,IW,2.0718456648470527,0.0009807620000401585,0.9807620000401585,True
50,sc3,47,Commensurate,2.1424436094208814,1.0615501549999635,1061.5501549999635,True
50,sc3,47,NPE,1.5421222448349,0.013238401000023714,13.238401000023714,True
50,sc3,48,PSPower,1.9968816398133793,0.005137416000025041,5.137416000025041,True
50,sc3,48,IW,1.8664980236477158,0.0008648909999919852,0.8648909999919852,True
50,sc3,48,Commensurate,1.8581420457755766,1.0377748359999828,1037.7748359999828,True
50,sc3,48,NPE,1.0996168851852417,0.011348737000048459,11.348737000048459,True
50,sc3,49,PSPower,2.2526131587954907,0.024606589000029544,24.606589000029544,True
50,sc3,49,IW,2.033043071108323,0.00177359899998919,1.77359899998919,True
50,sc3,49,Commensurate,2.1943108111687057,1.0224639709999792,1022.4639709999792,True
50,sc3,49,NPE,1.381728172302246,0.013255637999975534,13.255637999975534,True
50,sc4,0,PSPower,1.1115197602838558,0.012710960999982035,12.710960999982035,True
50,sc4,0,IW,1.1214327969414988,0.0010651549999920462,1.0651549999920462,True
50,sc4,0,Commensurate,1.0417805646975054,1.0504612240000029,1050.4612240000029,True
50,sc4,0,NPE,1.4272716045379639,0.013877643000000717,13.877643000000717,True
50,sc4,1,PSPower,1.0051453781425814,0.012075470999945992,12.075470999945992,True
50,sc4,1,IW,0.9952047622338386,0.0010542439999881026,1.0542439999881026,True
50,sc4,1,Commensurate,0.9894337511499264,1.0889816359999713,1088.9816359999713,True
50,sc4,1,NPE,0.7851825952529907,0.013671993000002658,13.671993000002658,True
50,sc4,2,PSPower,0.8410277191404573,0.009381236000024273,9.381236000024273,True
50,sc4,2,IW,0.7594664649015479,0.0010090220000051886,1.0090220000051886,True
50,sc4,2,Commensurate,0.756663629753908,1.144903152999973,1144.903152999973,True
50,sc4,2,NPE,0.9353866577148438,0.012454635999972652,12.454635999972652,True
50,sc4,3,PSPower,1.1335772007163474,0.005667098999992959,5.667098999992959,True
50,sc4,3,IW,1.0733265871994995,0.0012960319999706371,1.2960319999706371,True
50,sc4,3,Commensurate,1.1223506418491014,1.0402305630000228,1040.2305630000228,True
50,sc4,3,NPE,0.9311621189117432,0.012919834000001629,12.919834000001629,True
50,sc4,4,PSPower,0.9087988828371029,0.005186734000005799,5.186734000005799,True
50,sc4,4,IW,1.00188664301608,0.0009364189999701011,0.9364189999701011,True
50,sc4,4,Commensurate,0.816443359223434,1.0357858549999719,1035.785854999972,True
50,sc4,4,NPE,1.1962459087371826,0.013083676000007927,13.083676000007927,True
50,sc4,5,PSPower,1.0804248992948227,0.005725161000043499,5.725161000043499,True
50,sc4,5,IW,1.0196060644145373,0.0010562209999989136,1.0562209999989136,True
50,sc4,5,Commensurate,1.1102202489247286,1.067177375999961,1067.177375999961,True
50,sc4,5,NPE,1.0831371545791626,0.01291253400000869,12.91253400000869,True
50,sc4,6,PSPower,1.0791896643700152,0.005294264999974985,5.294264999974985,True
50,sc4,6,IW,1.128150750442827,0.0009813389999635547,0.9813389999635547,True
50,sc4,6,Commensurate,1.0928969167973464,1.0524663730000157,1052.4663730000157,True
50,sc4,6,NPE,1.3310174942016602,0.013144880999959696,13.144880999959696,True
50,sc4,7,PSPower,1.0853131397246494,0.011158844999954454,11.158844999954454,True
50,sc4,7,IW,1.143378723668637,0.0039822550000394585,3.9822550000394585,True
50,sc4,7,Commensurate,1.0614982286652186,1.0526954950000231,1052.6954950000231,True
50,sc4,7,NPE,1.515148639678955,0.016994026999952894,16.994026999952894,True
50,sc4,8,PSPower,1.088125087421209,0.023695839000026808,23.695839000026808,True
50,sc4,8,IW,0.9647191570333077,0.0010231690000068738,1.0231690000068738,True
50,sc4,8,Commensurate,1.0338060978770651,1.0815376610000271,1081.5376610000271,True
50,sc4,8,NPE,1.236715316772461,0.015708807999999408,15.708807999999408,True
50,sc4,9,PSPower,1.2701020634595328,0.014472832000024027,14.472832000024027,True
50,sc4,9,IW,1.2934662610085714,0.0010180570000102307,1.0180570000102307,True
50,sc4,9,Commensurate,1.2041302429817238,1.0368770980000477,1036.8770980000477,True
50,sc4,9,NPE,1.4748412370681763,0.009501772000021447,9.501772000021447,True
50,sc4,10,PSPower,1.2243341021686773,0.006956681999952252,6.956681999952252,True
50,sc4,10,IW,1.2917754698734976,0.001013204000003043,1.013204000003043,True
50,sc4,10,Commensurate,1.2652413420628832,1.0412190289999899,1041.2190289999899,True
50,sc4,10,NPE,1.3384815454483032,0.012762404999989485,12.762404999989485,True
50,sc4,11,PSPower,0.87163812414816,0.0050693200000182514,5.0693200000182514,True
50,sc4,11,IW,0.829955866382892,0.0010641590000091128,1.0641590000091128,True
50,sc4,11,Commensurate,0.8919952444475875,1.0180992940000237,1018.0992940000237,True
50,sc4,11,NPE,1.2452943325042725,0.012819658000012168,12.819658000012168,True
50,sc4,12,PSPower,1.1913934793022358,0.0048767289999887,4.8767289999887,True
50,sc4,12,IW,1.071245485254927,0.0009679919999712183,0.9679919999712183,True
50,sc4,12,Commensurate,1.1365823676051698,1.071688991999963,1071.688991999963,True
50,sc4,12,NPE,1.2720789909362793,0.017401079999956437,17.401079999956437,True
50,sc4,13,PSPower,0.6277770729820781,0.009542435000014393,9.542435000014393,True
50,sc4,13,IW,0.6375190636436608,0.0009742400000050111,0.9742400000050111,True
50,sc4,13,Commensurate,0.5566426237574977,1.1087954910000235,1108.7954910000235,True
50,sc4,13,NPE,0.8731430768966675,0.00969385199999806,9.69385199999806,True
50,sc4,14,PSPower,1.1913461716135916,0.007215664000000288,7.215664000000288,True
50,sc4,14,IW,1.2115600310067052,0.0009290930000247499,0.9290930000247499,True
50,sc4,14,Commensurate,1.1728869742742072,1.0058766249999849,1005.8766249999849,True
50,sc4,14,NPE,1.8368723392486572,0.013045825000006062,13.045825000006062,True
50,sc4,15,PSPower,0.8476792824121321,0.006244890000004943,6.244890000004943,True
50,sc4,15,IW,0.8666199898750668,0.0010854790000394132,1.0854790000394132,True
50,sc4,15,Commensurate,0.8645598242294018,1.0393729109999867,1039.3729109999867,True
50,sc4,15,NPE,1.4022331237792969,0.012438085999974646,12.438085999974646,True
50,sc4,16,PSPower,1.154692935689845,0.0159220249999521,15.9220249999521,True
50,sc4,16,IW,1.1711613136827848,0.0010639519999813274,1.0639519999813274,True
50,sc4,16,Commensurate,1.1951188280517275,1.0510879010000167,1051.0879010000167,True
50,sc4,16,NPE,1.2854102849960327,0.010907802000019728,10.907802000019728,True
50,sc4,17,PSPower,1.3210706306876465,0.005050258999972357,5.050258999972357,True
50,sc4,17,IW,1.3022920988195594,0.0011305659999720774,1.1305659999720774,True
50,sc4,17,Commensurate,1.335519839578552,1.0792831500000375,1079.2831500000375,True
50,sc4,17,NPE,1.293363094329834,0.011541093000005276,11.541093000005276,True
50,sc4,18,PSPower,0.9675293154029946,0.006136741999966944,6.136741999966944,True
50,sc4,18,IW,0.9622510439080562,0.0009950439999784066,0.9950439999784066,True
50,sc4,18,Commensurate,0.9603648985868369,1.0467893640000057,1046.7893640000057,True
50,sc4,18,NPE,1.497157335281372,0.014042489000019032,14.042489000019032,True
50,sc4,19,PSPower,0.8079187002573904,0.006089622999979838,6.089622999979838,True
50,sc4,19,IW,0.7069321096862927,0.0010704210000085368,1.0704210000085368,True
50,sc4,19,Commensurate,0.8085809402552898,1.030007511000008,1030.007511000008,True
50,sc4,19,NPE,0.6100945472717285,0.012700718999951732,12.700718999951732,True
50,sc4,20,PSPower,1.0665583937765544,0.00564137800000708,5.64137800000708,True
50,sc4,20,IW,1.1305010592443552,0.001031087999990632,1.031087999990632,True
50,sc4,20,Commensurate,1.090221350376832,1.025306769999986,1025.306769999986,True
50,sc4,20,NPE,1.3404066562652588,0.012996681999993598,12.996681999993598,True
50,sc4,21,PSPower,1.2129030536167609,0.005549523000013323,5.549523000013323,True
50,sc4,21,IW,1.2257011346895397,0.0009593969999741603,0.9593969999741603,True
50,sc4,21,Commensurate,1.1494395561369275,1.029724520000002,1029.724520000002,True
50,sc4,21,NPE,1.2575331926345825,0.013706431000002794,13.706431000002794,True
50,sc4,22,PSPower,0.9830917904241183,0.006086919000040325,6.086919000040325,True
50,sc4,22,IW,0.9601842506648374,0.0011251839999886215,1.1251839999886215,True
50,sc4,22,Commensurate,0.9706839428956835,1.0333899750000342,1033.3899750000342,True
50,sc4,22,NPE,1.162517786026001,0.017346145999965756,17.346145999965756,True
50,sc4,23,PSPower,1.0677215235424893,0.010093138000002,10.093138000002,True
50,sc4,23,IW,1.0979959966803716,0.0010631989999865255,1.0631989999865255,True
50,sc4,23,Commensurate,1.0557952731324056,1.0853658010000231,1085.365801000023,True
50,sc4,23,NPE,1.2781094312667847,0.014391666999983954,14.391666999983954,True
50,sc4,24,PSPower,1.2547120168017245,0.017016258000012385,17.016258000012385,True
50,sc4,24,IW,1.2723762944762593,0.001055078999968373,1.055078999968373,True
50,sc4,24,Commensurate,1.1712943751599205,1.0797044519999872,1079.7044519999872,True
50,sc4,24,NPE,1.4002844095230103,0.012976849999972728,12.976849999972728,True
50,sc4,25,PSPower,1.0482584146717504,0.012268666000011308,12.268666000011308,True
50,sc4,25,IW,1.0293706429219314,0.0039686490000008234,3.9686490000008234,True
50,sc4,25,Commensurate,1.0053672378150755,1.0550978999999643,1055.0978999999643,True
50,sc4,25,NPE,1.4130315780639648,0.010584985999969376,10.584985999969376,True
50,sc4,26,PSPower,0.7933609394994595,0.008470003000013548,8.470003000013548,True
50,sc4,26,IW,0.7869721858541826,0.0009927329999754875,0.9927329999754875,True
50,sc4,26,Commensurate,0.8044783912640052,1.0212178730000119,1021.2178730000119,True
50,sc4,26,NPE,0.6437978744506836,0.013303531999952156,13.303531999952156,True
50,sc4,27,PSPower,1.2045847805543612,0.005007866000028116,5.007866000028116,True
50,sc4,27,IW,1.2463660285648757,0.0011488009999993665,1.1488009999993665,True
50,sc4,27,Commensurate,1.173135543968056,1.0496169549999763,1049.6169549999763,True
50,sc4,27,NPE,1.380611777305603,0.013148492000027545,13.148492000027545,True
50,sc4,28,PSPower,0.7234024948867944,0.005345368000007511,5.345368000007511,True
50,sc4,28,IW,0.7027033887386488,0.001078530999961913,1.078530999961913,True
50,sc4,28,Commensurate,0.7699952764179342,1.0718043680000164,1071.8043680000164,True
50,sc4,28,NPE,0.9250243902206421,0.012313217999974313,12.313217999974313,True
50,sc4,29,PSPower,0.9405840744292557,0.011671596999974554,11.671596999974554,True
50,sc4,29,IW,0.9522175920528381,0.000998443000014504,0.9984430000145039,True
50,sc4,29,Commensurate,0.9692666078338462,1.0498202429999992,1049.8202429999992,True
50,sc4,29,NPE,1.1550476551055908,0.015962819000037598,15.962819000037598,True
50,sc4,30,PSPower,0.9748241365150059,0.005927636000023995,5.927636000023995,True
50,sc4,30,IW,1.0283782844619758,0.001080305000016324,1.080305000016324,True
50,sc4,30,Commensurate,0.9753754765282187,1.07242198900002,1072.42198900002,True
50,sc4,30,NPE,1.3531337976455688,0.010368728000003102,10.368728000003102,True
50,sc4,31,PSPower,0.9602712769548715,0.005107689999988452,5.107689999988452,True
50,sc4,31,IW,0.9883640355529872,0.0010447299999896131,1.0447299999896131,True
50,sc4,31,Commensurate,0.941040133391014,1.0447283479999783,1044.7283479999783,True
50,sc4,31,NPE,1.168199896812439,0.009962703000041984,9.962703000041984,True
50,sc4,32,PSPower,1.088358956939569,0.006657030999974722,6.657030999974722,True
50,sc4,32,IW,1.0667304653739456,0.0009465450000334386,0.9465450000334386,True
50,sc4,32,Commensurate,1.0874776221434903,1.0637045990000047,1063.7045990000047,True
50,sc4,32,NPE,1.3972663879394531,0.013605426000026455,13.605426000026455,True
50,sc4,33,PSPower,0.9242089869005392,0.005384885000012218,5.384885000012218,True
50,sc4,33,IW,0.9770312310680452,0.001071311999965019,1.071311999965019,True
50,sc4,33,Commensurate,0.9201257820554333,1.1041180679999911,1104.1180679999911,True
50,sc4,33,NPE,1.4023023843765259,0.016527353000014955,16.527353000014955,True
50,sc4,34,PSPower,1.1292746294046658,0.0059545500000126594,5.954550000012659,True
50,sc4,34,IW,1.1248424609345706,0.0010096129999510595,1.0096129999510595,True
50,sc4,34,Commensurate,1.1692250673002915,1.093062972000041,1093.062972000041,True
50,sc4,34,NPE,1.1892396211624146,0.011817546000031598,11.817546000031598,True
50,sc4,35,PSPower,1.0804154929129917,0.01029367899997169,10.29367899997169,True
50,sc4,35,IW,1.0771939026128798,0.0010771089999934702,1.0771089999934702,True
50,sc4,35,Commensurate,1.0846028854514713,1.0946081330000084,1094.6081330000084,True
50,sc4,35,NPE,1.3408151865005493,0.007814281999969808,7.814281999969808,True
50,sc4,36,PSPower,1.2081857531616431,0.008217436999984784,8.217436999984784,True
50,sc4,36,IW,1.1424489906732156,0.000977371999965726,0.977371999965726,True
50,sc4,36,Commensurate,1.1701274562702824,1.116647066999974,1116.647066999974,True
50,sc4,36,NPE,1.4134151935577393,0.011219793999998728,11.219793999998728,True
50,sc4,37,PSPower,0.9339965924039166,0.005400681999958579,5.400681999958579,True
50,sc4,37,IW,0.8760322072646418,0.0009721879999915473,0.9721879999915473,True
50,sc4,37,Commensurate,0.870792666981729,1.083304706999968,1083.304706999968,True
50,sc4,37,NPE,1.0768959522247314,0.013513244000023406,13.513244000023406,True
50,sc4,38,PSPower,1.1218993008915414,0.005398802999991403,5.398802999991403,True
50,sc4,38,IW,1.0595061509168617,0.0010541500000158521,1.0541500000158521,True
50,sc4,38,Commensurate,1.1130959531438258,1.09631800599999,1096.31800599999,True
50,sc4,38,NPE,1.2329275608062744,0.012913532999959898,12.913532999959898,True
50,sc4,39,PSPower,0.9578105117209719,0.005571526000039739,5.571526000039739,True
50,sc4,39,IW,0.9970963498777093,0.0011142189999873153,1.1142189999873153,True
50,sc4,39,Commensurate,0.9538124329997048,1.1196265220000328,1119.6265220000328,True
50,sc4,39,NPE,1.2334591150283813,0.01368848100003106,13.68848100003106,True
50,sc4,40,PSPower,1.292397178953415,0.006210733999978402,6.210733999978402,True
50,sc4,40,IW,1.3222052726150102,0.0011686930000109896,1.1686930000109896,True
50,sc4,40,Commensurate,1.365684882112054,1.098151917999985,1098.151917999985,True
50,sc4,40,NPE,1.6193585395812988,0.013124411999967833,13.124411999967833,True
50,sc4,41,PSPower,1.1816111086859833,0.005479267999987769,5.479267999987769,True
50,sc4,41,IW,1.1241311800881109,0.0010082530000090628,1.0082530000090628,True
50,sc4,41,Commensurate,1.2096930215664718,1.0335664520000023,1033.5664520000023,True
50,sc4,41,NPE,1.3768033981323242,0.012927171999990605,12.927171999990605,True
50,sc4,42,PSPower,1.1447698507097113,0.005539779999992334,5.539779999992334,True
50,sc4,42,IW,1.2043405694968414,0.0010447359999830041,1.0447359999830041,True
50,sc4,42,Commensurate,1.1558389258899298,1.0428753589999928,1042.8753589999928,True
50,sc4,42,NPE,1.303846836090088,0.013303573999962737,13.303573999962737,True
50,sc4,43,PSPower,1.0340663219056772,0.005706630000020141,5.706630000020141,True
50,sc4,43,IW,1.0236057397916307,0.0010285280000061903,1.0285280000061903,True
50,sc4,43,Commensurate,1.0403116131269676,1.0469954679999773,1046.9954679999773,True
50,sc4,43,NPE,1.2786527872085571,0.013249878999999964,13.249878999999964,True
50,sc4,44,PSPower,1.106571739543166,0.005578821999961292,5.578821999961292,True
50,sc4,44,IW,1.0442189503903823,0.0010283189999995557,1.0283189999995557,True
50,sc4,44,Commensurate,1.0811573329208781,1.1316243260000078,1131.6243260000078,True
50,sc4,44,NPE,1.5613930225372314,0.017700605000015912,17.700605000015912,True
50,sc4,45,PSPower,1.0086548724831506,0.005701897999983885,5.701897999983885,True
50,sc4,45,IW,0.9941004515134817,0.001116631000002144,1.116631000002144,True
50,sc4,45,Commensurate,0.974223400557089,1.1099713750000433,1109.9713750000433,True
50,sc4,45,NPE,1.1642913818359375,0.012939696000046297,12.939696000046297,True
50,sc4,46,PSPower,0.9470721148720462,0.005714013000044815,5.714013000044815,True
50,sc4,46,IW,0.9255185499772004,0.0010681829999725778,1.0681829999725778,True
50,sc4,46,Commensurate,0.9967415414005766,1.0841925090000473,1084.1925090000473,True
50,sc4,46,NPE,1.065325140953064,0.01294833600002221,12.94833600002221,True
50,sc4,47,PSPower,1.1801248245533709,0.005901499999993121,5.901499999993121,True
50,sc4,47,IW,1.2555891458423254,0.0010708369999861134,1.0708369999861134,True
50,sc4,47,Commensurate,1.2451191051404662,1.0611186890000113,1061.1186890000113,True
50,sc4,47,NPE,1.5649478435516357,0.009896999000034157,9.896999000034157,True
50,sc4,48,PSPower,0.9741460276216002,0.007201844000007895,7.201844000007895,True
50,sc4,48,IW,1.0352914723126603,0.00109178999997539,1.09178999997539,True
50,sc4,48,Commensurate,1.0152326126894606,1.0939047609999761,1093.9047609999761,True
50,sc4,48,NPE,1.6328059434890747,0.01155795400001125,11.55795400001125,True
50,sc4,49,PSPower,0.8062382528307038,0.008066519999999855,8.066519999999855,True
50,sc4,49,IW,0.7477965715265116,0.0010732139999731771,1.0732139999731771,True
50,sc4,49,Commensurate,0.7877080114976691,1.0738836149999997,1073.8836149999997,True
50,sc4,49,NPE,1.186303734779358,0.010580539000045519,10.580539000045519,True
50,sc5,0,PSPower,2.2859376160129417,0.012100787000008495,12.100787000008495,True
50,sc5,0,IW,2.114260132668826,0.0010627689999864742,1.0627689999864742,True
50,sc5,0,Commensurate,2.2655867796740012,1.0481236229999809,1048.1236229999809,True
50,sc5,0,NPE,1.3319995403289795,0.013895952000041234,13.895952000041234,True
50,sc5,1,PSPower,2.00958796386121,0.006333589000007578,6.333589000007578,True
50,sc5,1,IW,1.768196671467633,0.0010869609999986096,1.0869609999986096,True
50,sc5,1,Commensurate,1.9807768556100613,1.0602664719999666,1060.2664719999666,True
50,sc5,1,NPE,1.1902506351470947,0.0110716469999943,11.0716469999943,True
50,sc5,2,PSPower,2.1810992916867105,0.008551451000016641,8.551451000016641,True
50,sc5,2,IW,1.902496594159268,0.0009679830000095535,0.9679830000095535,True
50,sc5,2,Commensurate,1.9881449071715616,1.0534604409999702,1053.4604409999702,True
50,sc5,2,NPE,0.9457051753997803,0.012848003999977209,12.848003999977209,True
50,sc5,3,PSPower,2.1113508861890184,0.005421697000031145,5.421697000031145,True
50,sc5,3,IW,1.7557853182276695,0.0010358800000176416,1.0358800000176416,True
50,sc5,3,Commensurate,1.7798693282591598,1.049377574999994,1049.377574999994,True
50,sc5,3,NPE,1.1518441438674927,0.01310543800002506,13.10543800002506,True
50,sc5,4,PSPower,2.2335651967009738,0.006501850999995895,6.501850999995895,True
50,sc5,4,IW,2.047554613611839,0.0010639449999985118,1.0639449999985118,True
50,sc5,4,Commensurate,2.2112743731771944,1.06307313100001,1063.07313100001,True
50,sc5,4,NPE,1.3965120315551758,0.008319810999978472,8.319810999978472,True
50,sc5,5,PSPower,2.155716208525889,0.01020336099998076,10.20336099998076,True
50,sc5,5,IW,1.9541250666860563,0.0009990610000158995,0.9990610000158995,True
50,sc5,5,Commensurate,2.1873031992303624,1.1335237700000107,1133.5237700000107,True
50,sc5,5,NPE,1.055550456047058,0.010265049999986786,10.265049999986786,True
50,sc5,6,PSPower,2.3929192345170875,0.005481026999973437,5.481026999973437,True
50,sc5,6,IW,2.2175393099890326,0.001030472000024929,1.030472000024929,True
50,sc5,6,Commensurate,2.252251569136706,1.0860993759999928,1086.0993759999928,True
50,sc5,6,NPE,1.5094451904296875,0.010406630000034056,10.406630000034056,True
50,sc5,7,PSPower,2.194486300519079,0.013121365000017704,13.121365000017704,True
50,sc5,7,IW,1.9616392608180948,0.0011990139999511484,1.1990139999511484,True
50,sc5,7,Commensurate,2.2282020302895233,1.048158715999989,1048.158715999989,True
50,sc5,7,NPE,1.468543529510498,0.010545882000030815,10.545882000030815,True
50,sc5,8,PSPower,2.177424779672969,0.014915728000005402,14.915728000005402,True
50,sc5,8,IW,2.1048566473658643,0.0009385380000139776,0.9385380000139776,True
50,sc5,8,Commensurate,2.243766587778423,1.0859472209999694,1085.9472209999694,True
50,sc5,8,NPE,1.3174664974212646,0.011243890999992345,11.243890999992345,True
50,sc5,9,PSPower,2.09700665276065,0.005519145999983266,5.519145999983266,True
50,sc5,9,IW,1.928641170392775,0.0010263199999940298,1.0263199999940298,True
50,sc5,9,Commensurate,1.9703881192838302,1.0736397389999865,1073.6397389999865,True
50,sc5,9,NPE,1.004993200302124,0.006819430999996712,6.819430999996712,True
50,sc5,10,PSPower,2.3416773487302747,0.004921051999986048,4.921051999986048,True
50,sc5,10,IW,2.083554187563683,0.0010184449999997014,1.0184449999997014,True
50,sc5,10,Commensurate,1.9928068241830768,1.032934694000005,1032.934694000005,True
50,sc5,10,NPE,1.2473751306533813,0.007838865999985956,7.838865999985956,True
50,sc5,11,PSPower,2.249907145726691,0.005216103999998722,5.216103999998722,True
50,sc5,11,IW,1.9101202555859262,0.0009330240000053891,0.9330240000053891,True
50,sc5,11,Commensurate,2.0118757485146004,1.0368281579999916,1036.8281579999916,True
50,sc5,11,NPE,0.9265868663787842,0.010095970000008947,10.095970000008947,True
50,sc5,12,PSPower,2.1348483197346053,0.006378767999990487,6.378767999990487,True
50,sc5,12,IW,1.770721307582168,0.000919346999978643,0.919346999978643,True
50,sc5,12,Commensurate,1.8640245058743667,1.0641824819999783,1064.1824819999783,True
50,sc5,12,NPE,1.0101031064987183,0.009568358000024091,9.56835800002409,True
50,sc5,13,PSPower,1.882692537435224,0.012244260000045415,12.244260000045415,True
50,sc5,13,IW,1.6257883691845785,0.0010324400000172318,1.0324400000172318,True
50,sc5,13,Commensurate,1.9437567677215666,1.0767454539999903,1076.7454539999903,True
50,sc5,13,NPE,0.9643211364746094,0.011051194000003761,11.051194000003761,True
50,sc5,14,PSPower,2.37442774366306,0.00590396999996301,5.90396999996301,True
50,sc5,14,IW,2.125907122462981,0.0009550920000265251,0.9550920000265251,True
50,sc5,14,Commensurate,2.3126320698680747,1.0596191960000283,1059.6191960000283,True
50,sc5,14,NPE,1.155646800994873,0.01358895699996765,13.58895699996765,True
50,sc5,15,PSPower,2.1619464040503615,0.006934575000002496,6.934575000002496,True
50,sc5,15,IW,1.9070937686090181,0.0009101109999960499,0.9101109999960499,True
50,sc5,15,Commensurate,2.1022952334653473,1.1146316360000128,1114.6316360000128,True
50,sc5,15,NPE,1.2236956357955933,0.013378208000005998,13.378208000005998,True
50,sc5,16,PSPower,2.1104877063870653,0.02249296200000117,22.49296200000117,True
50,sc5,16,IW,2.0005436647903263,0.0010513070000115476,1.0513070000115476,True
50,sc5,16,Commensurate,2.1691974943086025,1.2086771049999925,1208.6771049999925,True
50,sc5,16,NPE,1.2118520736694336,0.009986840000010488,9.986840000010488,True
50,sc5,17,PSPower,1.8827488676138364,0.009090742000012142,9.090742000012142,True
50,sc5,17,IW,1.7236302822822702,0.001092404000019087,1.092404000019087,True
50,sc5,17,Commensurate,1.8756670697631301,1.0814218789999472,1081.4218789999472,True
50,sc5,17,NPE,0.9374443292617798,0.009207634000006237,9.207634000006237,True
50,sc5,18,PSPower,2.0959285100242244,0.009222539000006691,9.222539000006691,True
50,sc5,18,IW,1.8085378028899677,0.0010739229999785493,1.0739229999785493,True
50,sc5,18,Commensurate,1.9991698591185414,1.04777715299997,1047.77715299997,True
50,sc5,18,NPE,0.9123523235321045,0.013474341000005552,13.474341000005552,True
50,sc5,19,PSPower,2.202771360574441,0.0053122840000128235,5.3122840000128235,True
50,sc5,19,IW,1.8875451440776265,0.001031547000025057,1.031547000025057,True
50,sc5,19,Commensurate,2.0936306659638686,1.0788321400000314,1078.8321400000314,True
50,sc5,19,NPE,1.2381223440170288,0.009260860000040338,9.260860000040338,True
50,sc5,20,PSPower,2.330945900780704,0.004821677999984786,4.821677999984786,True
50,sc5,20,IW,2.1372668545618194,0.0009465919999911421,0.9465919999911421,True
50,sc5,20,Commensurate,2.2181595360839337,1.0225475099999812,1022.5475099999812,True
50,sc5,20,NPE,1.3186684846878052,0.009543523999980152,9.543523999980152,True
50,sc5,21,PSPower,2.1320449260596184,0.01255411799996864,12.55411799996864,True
50,sc5,21,IW,1.917426131605674,0.0009513829999718837,0.9513829999718837,True
50,sc5,21,Commensurate,2.106298893657329,1.058010801000023,1058.010801000023,True
50,sc5,21,NPE,0.8778619766235352,0.013771152000003894,13.771152000003894,True
50,sc5,22,PSPower,2.3230100865875802,0.005817392999972526,5.817392999972526,True
50,sc5,22,IW,2.225298343362009,0.0010211059999960526,1.0211059999960526,True
50,sc5,22,Commensurate,2.37447940924806,1.058033752999961,1058.033752999961,True
50,sc5,22,NPE,1.1416469812393188,0.014027025000018511,14.027025000018511,True
50,sc5,23,PSPower,2.032773854617751,0.006305832000009559,6.305832000009559,True
50,sc5,23,IW,1.777707814239798,0.0010077339999838841,1.0077339999838841,True
50,sc5,23,Commensurate,1.9832712630909537,1.050168116000009,1050.168116000009,True
50,sc5,23,NPE,1.1272773742675781,0.01134765099999413,11.34765099999413,True
50,sc5,24,PSPower,2.3452336263758276,0.01731435900001088,17.31435900001088,True
50,sc5,24,IW,2.2665269215521042,0.001051375999963966,1.051375999963966,True
50,sc5,24,Commensurate,2.350720670435125,1.0445627080000008,1044.5627080000008,True
50,sc5,24,NPE,1.821035623550415,0.009995605999961299,9.995605999961299,True
50,sc5,25,PSPower,2.2511270634072997,0.005549652000013339,5.549652000013339,True
50,sc5,25,IW,1.978260092029518,0.0009619489999863617,0.9619489999863617,True
50,sc5,25,Commensurate,2.2052321778256583,1.042173446999982,1042.173446999982,True
50,sc5,25,NPE,1.3299369812011719,0.01026054099997964,10.26054099997964,True
50,sc5,26,PSPower,2.1968821109375964,0.018171600000016497,18.171600000016497,True
50,sc5,26,IW,2.072607251305401,0.0010032540000111112,1.0032540000111112,True
50,sc5,26,Commensurate,2.2035212041273846,1.0883301559999836,1088.3301559999836,True
50,sc5,26,NPE,1.4912641048431396,0.016436060999978963,16.436060999978963,True
50,sc5,27,PSPower,2.0245193272925492,0.030370787000038035,30.370787000038035,True
50,sc5,27,IW,1.8532949494169921,0.0009952650000286667,0.9952650000286667,True
50,sc5,27,Commensurate,2.0690122726144757,1.0802527569999825,1080.2527569999825,True
50,sc5,27,NPE,1.0925577878952026,0.016394341999955486,16.394341999955486,True
50,sc5,28,PSPower,2.196538192895056,0.009914640000033614,9.914640000033614,True
50,sc5,28,IW,2.014149638168766,0.0010935919999610633,1.0935919999610633,True
50,sc5,28,Commensurate,2.060780375394177,1.0765940549999868,1076.5940549999868,True
50,sc5,28,NPE,1.1634942293167114,0.010204804000011336,10.204804000011336,True
50,sc5,29,PSPower,2.2334733813135452,0.007133373999977266,7.133373999977266,True
50,sc5,29,IW,2.0533593417667975,0.001076197999964279,1.076197999964279,True
50,sc5,29,Commensurate,2.2139323565607474,1.0644798600000058,1064.4798600000058,True
50,sc5,29,NPE,1.1219524145126343,0.010118938000005073,10.118938000005073,True
50,sc5,30,PSPower,2.323909218978487,0.005566316999988885,5.566316999988885,True
50,sc5,30,IW,2.0367407355501665,0.0011382689999663853,1.1382689999663853,True
50,sc5,30,Commensurate,2.321492165865119,1.0557442780000201,1055.7442780000201,True
50,sc5,30,NPE,1.209087610244751,0.010411253000029319,10.411253000029319,True
50,sc5,31,PSPower,2.111670506277995,0.005143147000012505,5.143147000012505,True
50,sc5,31,IW,1.8860850979312933,0.000966521999998804,0.966521999998804,True
50,sc5,31,Commensurate,1.9712347393118947,1.0499495130000014,1049.9495130000014,True
50,sc5,31,NPE,1.2770543098449707,0.01074264400000402,10.74264400000402,True
50,sc5,32,PSPower,2.2405670779413858,0.006102534999968157,6.102534999968157,True
50,sc5,32,IW,2.038348327820848,0.0010571049999725801,1.0571049999725801,True
50,sc5,32,Commensurate,2.128020253279351,1.0483387549999748,1048.3387549999748,True
50,sc5,32,NPE,1.6209248304367065,0.010386118000042188,10.386118000042188,True
50,sc5,33,PSPower,2.3260432025264612,0.0063575869999681345,6.3575869999681345,True
50,sc5,33,IW,2.002678677444757,0.0010571800000320764,1.0571800000320764,True
50,sc5,33,Commensurate,2.1691808067922054,1.0556568760000005,1055.6568760000005,True
50,sc5,33,NPE,1.3450791835784912,0.012488070000017615,12.488070000017615,True
50,sc5,34,PSPower,2.3746079266088413,0.006617290000008325,6.617290000008325,True
50,sc5,34,IW,2.2653912388148245,0.0010943749999796637,1.0943749999796637,True
50,sc5,34,Commensurate,2.441424928501931,1.0551301579999972,1055.1301579999972,True
50,sc5,34,NPE,1.2280211448669434,0.010420409999994718,10.420409999994718,True
50,sc5,35,PSPower,2.3547236525808013,0.005966985999975805,5.966985999975805,True
50,sc5,35,IW,2.1302177686426518,0.000994818000037867,0.994818000037867,True
50,sc5,35,Commensurate,2.289194763542277,1.0448322360000475,1044.8322360000475,True
50,sc5,35,NPE,1.2868515253067017,0.010093853000000763,10.093853000000763,True
50,sc5,36,PSPower,2.076304588832516,0.012158148999958485,12.158148999958485,True
50,sc5,36,IW,1.9105114376121883,0.0010784139999486797,1.0784139999486797,True
50,sc5,36,Commensurate,1.954377966530503,1.0737233189999529,1073.7233189999529,True
50,sc5,36,NPE,1.072594165802002,0.01791743299997961,17.91743299997961,True
50,sc5,37,PSPower,2.252303433192363,0.005384681999998975,5.384681999998975,True
50,sc5,37,IW,2.00913750285877,0.0010993899999789392,1.0993899999789392,True
50,sc5,37,Commensurate,2.2809229523023604,1.1033168040000305,1103.3168040000305,True
50,sc5,37,NPE,1.415676474571228,0.010109843999998702,10.109843999998702,True
50,sc5,38,PSPower,2.0459221677846378,0.009241075000034016,9.241075000034016,True
50,sc5,38,IW,1.8450390839716484,0.0010719890000245869,1.0719890000245869,True
50,sc5,38,Commensurate,2.075466953359195,1.063767514999995,1063.767514999995,True
50,sc5,38,NPE,1.1410367488861084,0.009949408000011317,9.949408000011317,True
50,sc5,39,PSPower,2.236904822112212,0.0066505810000307974,6.650581000030797,True
50,sc5,39,IW,2.122186545279143,0.0011014579999937268,1.1014579999937268,True
50,sc5,39,Commensurate,2.203110710093675,1.0545968790000302,1054.5968790000302,True
50,sc5,39,NPE,1.1883866786956787,0.009701921000043967,9.701921000043967,True
50,sc5,40,PSPower,2.2320494546001397,0.008693956999991315,8.693956999991315,True
50,sc5,40,IW,2.155009841957705,0.0009610049999650982,0.9610049999650982,True
50,sc5,40,Commensurate,2.252607555970203,1.069031328000051,1069.031328000051,True
50,sc5,40,NPE,1.4918591976165771,0.009849866000024576,9.849866000024576,True
50,sc5,41,PSPower,2.1852343637063134,0.00720330400002922,7.20330400002922,True
50,sc5,41,IW,1.8962752313164715,0.001053226999999879,1.053226999999879,True
50,sc5,41,Commensurate,2.204441497467484,1.0501003109999942,1050.1003109999942,True
50,sc5,41,NPE,1.1706613302230835,0.013608508000004349,13.608508000004349,True
50,sc5,42,PSPower,2.1969037844788857,0.005508535999979358,5.508535999979358,True
50,sc5,42,IW,1.8978728325722458,0.0009895480000068346,0.9895480000068346,True
50,sc5,42,Commensurate,2.0459819585073435,1.0576250980000168,1057.6250980000168,True
50,sc5,42,NPE,0.9694585800170898,0.013820486999975401,13.820486999975401,True
50,sc5,43,PSPower,2.2898956849327536,0.005534558000022116,5.534558000022116,True
50,sc5,43,IW,2.043712863181114,0.0011214570000106505,1.1214570000106505,True
50,sc5,43,Commensurate,2.1921575871413754,1.0366159110000126,1036.6159110000126,True
50,sc5,43,NPE,1.596750020980835,0.009701790999997684,9.701790999997684,True
50,sc5,44,PSPower,2.1436469991583205,0.0054696160000275995,5.4696160000275995,True
50,sc5,44,IW,1.921496054064682,0.0011637449999852834,1.1637449999852834,True
50,sc5,44,Commensurate,2.1760099382067772,1.0629565460000094,1062.9565460000094,True
50,sc5,44,NPE,1.0755739212036133,0.00928680100003021,9.28680100003021,True
50,sc5,45,PSPower,2.2027141472968275,0.005619560000013735,5.619560000013735,True
50,sc5,45,IW,1.9477162465977407,0.0010079549999773008,1.0079549999773008,True
50,sc5,45,Commensurate,2.2032122859034295,1.0816824830000087,1081.6824830000087,True
50,sc5,45,NPE,1.456823706626892,0.01085051900003009,10.85051900003009,True
50,sc5,46,PSPower,2.1612243152494863,0.014891476999991937,14.891476999991937,True
50,sc5,46,IW,2.044150717072685,0.001003362999995261,1.003362999995261,True
50,sc5,46,Commensurate,2.139555218824453,1.0776568800000064,1077.6568800000064,True
50,sc5,46,NPE,1.5563530921936035,0.011136803999988842,11.136803999988842,True
50,sc5,47,PSPower,2.1402550597020342,0.005924692000007781,5.924692000007781,True
50,sc5,47,IW,1.8610958111256222,0.0010602770000218698,1.0602770000218698,True
50,sc5,47,Commensurate,2.1548175016356557,1.1063632359999929,1106.3632359999929,True
50,sc5,47,NPE,1.2858495712280273,0.012539929000013217,12.539929000013217,True
50,sc5,48,PSPower,2.309653796440618,0.005654926999966392,5.654926999966392,True
50,sc5,48,IW,2.1915927750508133,0.0011368230000243784,1.1368230000243784,True
50,sc5,48,Commensurate,2.3631015479340975,1.102838941000016,1102.838941000016,True
50,sc5,48,NPE,1.2558013200759888,0.014291066999987834,14.291066999987834,True
50,sc5,49,PSPower,2.1343474032062337,0.01455059799997116,14.55059799997116,True
50,sc5,49,IW,1.949602083810534,0.0010133569999766223,1.0133569999766223,True
50,sc5,49,Commensurate,2.1729334405584897,1.1001337120000017,1100.1337120000017,True
50,sc5,49,NPE,1.2766345739364624,0.009966785999949934,9.966785999949934,True
50,sc6,0,PSPower,1.704711968460108,0.009251213000027292,9.251213000027292,True
50,sc6,0,IW,1.2492062154510142,0.0010736199999996643,1.0736199999996643,True
50,sc6,0,Commensurate,1.2997801084221292,1.0919525059999842,1091.9525059999842,True
50,sc6,0,NPE,1.2577651739120483,0.01083825099999558,10.83825099999558,True
50,sc6,1,PSPower,1.382735885103938,0.008868745999961902,8.868745999961902,True
50,sc6,1,IW,1.0572885146671924,0.0010947420000206876,1.0947420000206876,True
50,sc6,1,Commensurate,1.484187247159654,1.0534362039999792,1053.4362039999792,True
50,sc6,1,NPE,0.9992154836654663,0.018197779000047376,18.197779000047376,True
50,sc6,2,PSPower,1.4231376199024386,0.009715571000015188,9.715571000015188,True
50,sc6,2,IW,1.0927540648325953,0.0010869389999470513,1.0869389999470513,True
50,sc6,2,Commensurate,1.4135406823771393,1.0573505920000343,1057.3505920000343,True
50,sc6,2,NPE,0.8574705123901367,0.01288188099999843,12.88188099999843,True
50,sc6,3,PSPower,1.5908035431206875,0.007239658999992571,7.239658999992571,True
50,sc6,3,IW,1.319274775193806,0.0011295860000473112,1.1295860000473112,True
50,sc6,3,Commensurate,1.6646734187631647,1.0708644100000129,1070.8644100000129,True
50,sc6,3,NPE,1.5041840076446533,0.009662514999945415,9.662514999945415,True
50,sc6,4,PSPower,1.9963479215878925,0.01063748100000339,10.63748100000339,True
50,sc6,4,IW,1.6744843245797505,0.001029317999950763,1.029317999950763,True
50,sc6,4,Commensurate,1.8113081428497104,1.0786548229999653,1078.6548229999653,True
50,sc6,4,NPE,1.3679418563842773,0.01370173199995861,13.70173199995861,True
50,sc6,5,PSPower,1.617513461002311,0.0061196629999358265,6.1196629999358265,True
50,sc6,5,IW,1.2802153391213724,0.0010212749999709558,1.0212749999709558,True
50,sc6,5,Commensurate,1.6048878057815519,1.0712856760000022,1071.2856760000022,True
50,sc6,5,NPE,0.9661620855331421,0.013566380999918692,13.566380999918692,True
50,sc6,6,PSPower,1.800332505283225,0.008061914999984765,8.061914999984765,True
50,sc6,6,IW,1.5683162154632875,0.0010687410000400632,1.0687410000400632,True
50,sc6,6,Commensurate,1.8265872695291039,1.062511298000004,1062.511298000004,True
50,sc6,6,NPE,0.954124927520752,0.014194033000080708,14.194033000080708,True
50,sc6,7,PSPower,1.7732988667677474,0.014243074999967575,14.243074999967575,True
50,sc6,7,IW,1.3835919632683222,0.0009996029999683742,0.9996029999683742,True
50,sc6,7,Commensurate,1.5313914047526682,1.0371814430000086,1037.1814430000086,True
50,sc6,7,NPE,1.2470550537109375,0.010504051999987496,10.504051999987496,True
50,sc6,8,PSPower,1.5242816193304976,0.01489694499991856,14.89694499991856,True
50,sc6,8,IW,1.2148814989262005,0.0008673190000081377,0.8673190000081377,True
50,sc6,8,Commensurate,1.3003971994424215,1.0811877569999524,1081.1877569999524,True
50,sc6,8,NPE,1.2135010957717896,0.01307027999996535,13.07027999996535,True
50,sc6,9,PSPower,1.5986506654625439,0.013366968000013912,13.366968000013912,True
50,sc6,9,IW,1.2370369967244874,0.0010280739999188881,1.0280739999188881,True
50,sc6,9,Commensurate,1.573376019333829,1.110957509000059,1110.957509000059,True
50,sc6,9,NPE,0.8191570043563843,0.012649430000010398,12.649430000010398,True
50,sc6,10,PSPower,1.5299524249983303,0.012625060999994275,12.625060999994275,True
50,sc6,10,IW,1.3412299885947236,0.003906592000021192,3.906592000021192,True
50,sc6,10,Commensurate,1.4162756677654798,1.101318386999992,1101.318386999992,True
50,sc6,10,NPE,1.2416292428970337,0.010186645999965549,10.186645999965549,True
50,sc6,11,PSPower,1.7938291444079655,0.018898141000022406,18.898141000022406,True
50,sc6,11,IW,1.4574751736305271,0.000805968000008761,0.805968000008761,True
50,sc6,11,Commensurate,1.7676573718771709,1.0594235109999772,1059.4235109999772,True
50,sc6,11,NPE,1.3986955881118774,0.009847554999964814,9.847554999964814,True
50,sc6,12,PSPower,1.7684038788639125,0.01125550699998712,11.25550699998712,True
50,sc6,12,IW,1.4065384967524974,0.0010296289999587316,1.0296289999587316,True
50,sc6,12,Commensurate,1.5166605043896513,1.0448564179999948,1044.8564179999948,True
50,sc6,12,NPE,1.34572172164917,0.007713534000004074,7.713534000004074,True
50,sc6,13,PSPower,1.3465273567532963,0.004661634000058257,4.661634000058257,True
50,sc6,13,IW,0.9162790540215927,0.0010080469999138586,1.0080469999138586,True
50,sc6,13,Commensurate,1.3834816517766368,1.0255636300000788,1025.5636300000788,True
50,sc6,13,NPE,1.0169401168823242,0.012909653000065191,12.909653000065191,True
50,sc6,14,PSPower,1.5261971005202102,0.005412940000041999,5.412940000041999,True
50,sc6,14,IW,1.29814406215392,0.001152369000010367,1.152369000010367,True
50,sc6,14,Commensurate,1.5262146368292326,1.0573111710000376,1057.3111710000376,True
50,sc6,14,NPE,1.1544572114944458,0.01307631700001366,13.07631700001366,True
50,sc6,15,PSPower,1.671153534108861,0.005747971000005236,5.747971000005236,True
50,sc6,15,IW,1.2854484134683506,0.001077556999916851,1.077556999916851,True
50,sc6,15,Commensurate,1.303582162527736,1.0499210210000456,1049.9210210000456,True
50,sc6,15,NPE,0.9559326171875,0.013065356999959477,13.065356999959477,True
50,sc6,16,PSPower,1.2901250928122463,0.007821598999953494,7.821598999953494,True
50,sc6,16,IW,0.8999142925027187,0.001061485000036555,1.061485000036555,True
50,sc6,16,Commensurate,1.1957734426134772,1.048942464999982,1048.942464999982,True
50,sc6,16,NPE,0.9123568534851074,0.01011503699999139,10.11503699999139,True
50,sc6,17,PSPower,1.7801657960690662,0.012248895999960041,12.248895999960041,True
50,sc6,17,IW,1.5307080673319249,0.0040023450000035155,4.0023450000035155,True
50,sc6,17,Commensurate,1.6008444328279647,1.0654005869999992,1065.4005869999992,True
50,sc6,17,NPE,1.3130764961242676,0.021487761999992472,21.487761999992472,True
50,sc6,18,PSPower,1.5003447241837007,0.01762359200006358,17.62359200006358,True
50,sc6,18,IW,1.2679890324757195,0.001103990000046906,1.103990000046906,True
50,sc6,18,Commensurate,1.5836829755916306,1.1038590549999299,1103.8590549999299,True
50,sc6,18,NPE,1.2136638164520264,0.016278776000035577,16.278776000035577,True
50,sc6,19,PSPower,1.5768975558168559,0.017764417000080357,17.764417000080357,True
50,sc6,19,IW,1.226597384202473,0.0011094619999312272,1.1094619999312272,True
50,sc6,19,Commensurate,1.506697232599122,1.1259768670000767,1125.9768670000767,True
50,sc6,19,NPE,1.2239658832550049,0.014404052000031697,14.404052000031697,True
50,sc6,20,PSPower,1.9493685591893943,0.011770256999966477,11.770256999966477,True
50,sc6,20,IW,1.6304477746233315,0.0010745879999376484,1.0745879999376484,True
50,sc6,20,Commensurate,1.7528768233540248,1.0841618220000555,1084.1618220000555,True
50,sc6,20,NPE,1.6319262981414795,0.0105163990000392,10.5163990000392,True
50,sc6,21,PSPower,1.3972661113531122,0.011654905000000326,11.654905000000326,True
50,sc6,21,IW,1.0784687415254297,0.001022558999920875,1.022558999920875,True
50,sc6,21,Commensurate,1.4541241955496698,1.077396144999966,1077.396144999966,True
50,sc6,21,NPE,0.8655338287353516,0.012615350000032777,12.615350000032777,True
50,sc6,22,PSPower,1.8222658928784023,0.005402430000003733,5.402430000003733,True
50,sc6,22,IW,1.434416349927687,0.0011403830000062953,1.1403830000062953,True
50,sc6,22,Commensurate,1.601906329292265,1.080617214999961,1080.617214999961,True
50,sc6,22,NPE,1.1096819639205933,0.013775237999993806,13.775237999993806,True
50,sc6,23,PSPower,1.7862936062022396,0.006089821999921696,6.089821999921696,True
50,sc6,23,IW,1.4138547264104733,0.0009436719999484922,0.9436719999484922,True
50,sc6,23,Commensurate,1.511362152149281,1.0598365739999736,1059.8365739999736,True
50,sc6,23,NPE,1.2492254972457886,0.010282827000082762,10.282827000082762,True
50,sc6,24,PSPower,1.573044265372628,0.0068003520000274875,6.8003520000274875,True
50,sc6,24,IW,1.2879414764561354,0.0009355739999818979,0.9355739999818979,True
50,sc6,24,Commensurate,1.4073605629330888,1.068041548999986,1068.041548999986,True
50,sc6,24,NPE,0.9571377038955688,0.011152927000011914,11.152927000011914,True
50,sc6,25,PSPower,1.4414353087598555,0.00607751500001541,6.07751500001541,True
50,sc6,25,IW,1.1411617200539363,0.0009448880000491044,0.9448880000491044,True
50,sc6,25,Commensurate,1.4636380152272732,1.0634840919999533,1063.4840919999533,True
50,sc6,25,NPE,1.058615803718567,0.010429694000094969,10.429694000094969,True
50,sc6,26,PSPower,1.6510408301051085,0.009310051000056774,9.310051000056774,True
50,sc6,26,IW,1.394332899667114,0.0010351370000307725,1.0351370000307725,True
50,sc6,26,Commensurate,1.5184156502548243,1.0863946400000941,1086.3946400000941,True
50,sc6,26,NPE,1.0915420055389404,0.011299359000076947,11.299359000076947,True
50,sc6,27,PSPower,1.5271403774573422,0.006103360999986762,6.103360999986762,True
50,sc6,27,IW,1.2525184804930656,0.0011106040000186113,1.1106040000186113,True
50,sc6,27,Commensurate,1.4712455400014037,1.0934549540000944,1093.4549540000944,True
50,sc6,27,NPE,1.3261066675186157,0.0076052379999964614,7.605237999996461,True
50,sc6,28,PSPower,1.4539637598084851,0.006833717000063189,6.833717000063189,True
50,sc6,28,IW,1.2721904245148978,0.0010426950000237412,1.0426950000237412,True
50,sc6,28,Commensurate,1.4974091547486554,1.081240524000009,1081.240524000009,True
50,sc6,28,NPE,1.1006404161453247,0.010683717999995679,10.683717999995679,True
50,sc6,29,PSPower,1.506559645367145,0.007146710000029088,7.146710000029088,True
50,sc6,29,IW,1.2045621015346335,0.0010593980000521697,1.0593980000521697,True
50,sc6,29,Commensurate,1.4889334874241158,1.1740496510000185,1174.0496510000185,True
50,sc6,29,NPE,0.9423055648803711,0.010544965999997657,10.544965999997657,True
50,sc6,30,PSPower,1.3896014983311422,0.008459475000108796,8.459475000108796,True
50,sc6,30,IW,1.0969162373690604,0.0009674109999195935,0.9674109999195935,True
50,sc6,30,Commensurate,1.330168025925477,1.1426514290000114,1142.6514290000114,True
50,sc6,30,NPE,1.0596719980239868,0.009933370999988256,9.933370999988256,True
50,sc6,31,PSPower,1.6368952422544523,0.008117176000041582,8.117176000041582,True
50,sc6,31,IW,1.2029815724691457,0.001113152000016271,1.113152000016271,True
50,sc6,31,Commensurate,1.4247980669478197,1.1213725489999433,1121.3725489999433,True
50,sc6,31,NPE,1.1083630323410034,0.010541573999944376,10.541573999944376,True
50,sc6,32,PSPower,1.2305139170575947,0.00899007900000015,8.99007900000015,True
50,sc6,32,IW,1.1301174618059788,0.0010256539999318193,1.0256539999318193,True
50,sc6,32,Commensurate,1.2168674316366392,1.0934052169999404,1093.4052169999404,True
50,sc6,32,NPE,0.9791324138641357,0.010329068000032748,10.329068000032748,True
50,sc6,33,PSPower,1.395833371620615,0.007033930000034161,7.033930000034161,True
50,sc6,33,IW,1.1140948340108312,0.001130977000002531,1.130977000002531,True
50,sc6,33,Commensurate,1.4394270236972693,1.088073639000072,1088.073639000072,True
50,sc6,33,NPE,1.023776888847351,0.013744083000005958,13.744083000005958,True
50,sc6,34,PSPower,1.2685250496296634,0.005672333000006802,5.672333000006802,True
50,sc6,34,IW,0.9986525680922909,0.001190326000028108,1.190326000028108,True
50,sc6,34,Commensurate,1.2281537964214764,1.0904751340000303,1090.4751340000303,True
50,sc6,34,NPE,0.9008582830429077,0.01351579100003164,13.51579100003164,True
50,sc6,35,PSPower,1.416787104801848,0.009272592000002078,9.272592000002078,True
50,sc6,35,IW,0.9994323927075165,0.001076934000025176,1.076934000025176,True
50,sc6,35,Commensurate,1.2818517209892835,1.132829974999936,1132.829974999936,True
50,sc6,35,NPE,0.5393234491348267,0.019007026000053884,19.007026000053884,True
50,sc6,36,PSPower,1.4508670371395733,0.006635800000026393,6.635800000026393,True
50,sc6,36,IW,1.148727866574409,0.0013112509999473332,1.3112509999473332,True
50,sc6,36,Commensurate,1.4417436101464496,1.0823802800000522,1082.3802800000522,True
50,sc6,36,NPE,1.0733228921890259,0.01718551800001933,17.18551800001933,True
50,sc6,37,PSPower,1.7085603258933675,0.006135229000051368,6.135229000051368,True
50,sc6,37,IW,1.4883463815815314,0.001064592999910019,1.064592999910019,True
50,sc6,37,Commensurate,1.7063237545754686,1.1026241690000234,1102.6241690000234,True
50,sc6,37,NPE,1.5681718587875366,0.013972427999988213,13.972427999988213,True
50,sc6,38,PSPower,1.5974058604205954,0.005538892000004125,5.538892000004125,True
50,sc6,38,IW,1.2279724503632103,0.0010474709999925835,1.0474709999925835,True
50,sc6,38,Commensurate,1.5722911598593774,1.0961675649999734,1096.1675649999734,True
50,sc6,38,NPE,0.9985390901565552,0.01310045100001389,13.10045100001389,True
50,sc6,39,PSPower,1.4711653401501599,0.005397051000045394,5.397051000045394,True
50,sc6,39,IW,1.1782361924854161,0.0010027929999978369,1.0027929999978369,True
50,sc6,39,Commensurate,1.4153742663864224,1.1734735009999895,1173.4735009999895,True
50,sc6,39,NPE,1.339868426322937,0.01427851300002203,14.27851300002203,True
50,sc6,40,PSPower,1.468906194995676,0.005963849000067967,5.963849000067967,True
50,sc6,40,IW,1.1961304766283423,0.001038247999986197,1.038247999986197,True
50,sc6,40,Commensurate,1.2360181651027997,1.1476216859999795,1147.6216859999795,True
50,sc6,40,NPE,1.3807095289230347,0.007095231999983298,7.095231999983298,True
50,sc6,41,PSPower,1.7048582892847004,0.005740668999919762,5.740668999919762,True
50,sc6,41,IW,1.4769593829439625,0.0010626509999838163,1.0626509999838163,True
50,sc6,41,Commensurate,1.750262244854337,1.1082652700000608,1108.2652700000608,True
50,sc6,41,NPE,1.139449954032898,0.010787907999997515,10.787907999997515,True
50,sc6,42,PSPower,1.366239784231842,0.006177787999945394,6.177787999945394,True
50,sc6,42,IW,1.067177046334925,0.001082165000070745,1.082165000070745,True
50,sc6,42,Commensurate,1.1559790380288213,1.055048774999932,1055.048774999932,True
50,sc6,42,NPE,1.1184757947921753,0.011511864999988575,11.511864999988575,True
50,sc6,43,PSPower,1.7225681091526388,0.009142486999962784,9.142486999962784,True
50,sc6,43,IW,1.345573038531054,0.0010512439999956769,1.0512439999956769,True
50,sc6,43,Commensurate,1.4531614478962747,1.0463232849999713,1046.3232849999713,True
50,sc6,43,NPE,1.0178011655807495,0.014365692999945168,14.365692999945168,True
50,sc6,44,PSPower,1.7464813249091606,0.006290396000053988,6.290396000053988,True
50,sc6,44,IW,1.5283010780226005,0.0010721610000246073,1.0721610000246073,True
50,sc6,44,Commensurate,1.7497108116627242,1.0737878720000253,1073.7878720000253,True
50,sc6,44,NPE,1.327789306640625,0.011612606999960917,11.612606999960917,True
50,sc6,45,PSPower,1.3881808168967495,0.01424044700002014,14.24044700002014,True
50,sc6,45,IW,1.1377314601700914,0.0009297430000287932,0.9297430000287932,True
50,sc6,45,Commensurate,1.2972836688277245,1.0410282010000174,1041.0282010000174,True
50,sc6,45,NPE,0.8488427400588989,0.010838691999992989,10.838691999992989,True
50,sc6,46,PSPower,1.4514901431652127,0.01208686100005707,12.08686100005707,True
50,sc6,46,IW,1.1100919383052241,0.0010397620000048846,1.0397620000048846,True
50,sc6,46,Commensurate,1.3809977942154523,1.0606873200000564,1060.6873200000564,True
50,sc6,46,NPE,1.012694001197815,0.014857140999993135,14.857140999993135,True
50,sc6,47,PSPower,1.4263492494793106,0.0055000520000021424,5.5000520000021424,True
50,sc6,47,IW,1.0526189392409036,0.0010874119999471077,1.0874119999471077,True
50,sc6,47,Commensurate,1.365593982817264,1.0428460159999986,1042.8460159999986,True
50,sc6,47,NPE,1.067118763923645,0.013533565999978237,13.533565999978237,True
50,sc6,48,PSPower,1.036934504189289,0.009938329999954476,9.938329999954476,True
50,sc6,48,IW,0.7694361160878771,0.0010693070000797888,1.0693070000797888,True
50,sc6,48,Commensurate,1.02713838542236,1.0457515489999878,1045.7515489999878,True
50,sc6,48,NPE,0.7413330078125,0.014510894999943957,14.510894999943957,True
50,sc6,49,PSPower,1.9016765966109541,0.00814215000002605,8.14215000002605,True
50,sc6,49,IW,1.5160746361895543,0.0011132650000718058,1.1132650000718058,True
50,sc6,49,Commensurate,1.873618975545758,1.0690319749999162,1069.0319749999162,True
50,sc6,49,NPE,1.115860939025879,0.010239764000061768,10.239764000061768,True
100,sc1,0,PSPower,0.904762488625562,0.005693660000019918,5.693660000019918,True
100,sc1,0,IW,0.8588486215556894,0.0010927649999530331,1.0927649999530331,True
100,sc1,0,Commensurate,0.9079419404028269,1.1845805620000647,1184.5805620000647,True
100,sc1,0,NPE,0.8909406661987305,0.007607673999928011,7.607673999928011,True
100,sc1,1,PSPower,1.0186178484820714,0.009375850999958857,9.375850999958857,True
100,sc1,1,IW,1.0490830352064477,0.0009727400000656417,0.9727400000656417,True
100,sc1,1,Commensurate,0.9923833052138152,1.1172406160000037,1117.2406160000037,True
100,sc1,1,NPE,1.0240544080734253,0.00809560599998349,8.09560599998349,True
100,sc1,2,PSPower,1.0294220872159268,0.005461964000005537,5.461964000005537,True
100,sc1,2,IW,0.965325180669863,0.0010096560000647514,1.0096560000647514,True
100,sc1,2,Commensurate,1.0391100886071563,1.0610875340000803,1061.0875340000803,True
100,sc1,2,NPE,0.9377424716949463,0.010441507999985333,10.441507999985333,True
100,sc1,3,PSPower,1.0915045700637334,0.005448412999953689,5.448412999953689,True
100,sc1,3,IW,1.14293169389671,0.000975543999970796,0.975543999970796,True
100,sc1,3,Commensurate,1.0976727958892385,1.0916950700000143,1091.6950700000143,True
100,sc1,3,NPE,1.4192469120025635,0.007172476000050665,7.172476000050665,True
100,sc1,4,PSPower,1.095968357042523,0.008830779000049915,8.830779000049915,True
100,sc1,4,IW,1.0912271114877767,0.001000548999968487,1.000548999968487,True
100,sc1,4,Commensurate,1.0900203983997976,1.0895376390000138,1089.5376390000138,True
100,sc1,4,NPE,1.2140626907348633,0.009964577999994617,9.964577999994617,True
100,sc1,5,PSPower,0.9701072706693893,0.00680722100003095,6.80722100003095,True
100,sc1,5,IW,0.9655139909779255,0.0010212460000502688,1.0212460000502688,True
100,sc1,5,Commensurate,0.9650194629672502,1.0827573829999437,1082.7573829999437,True
100,sc1,5,NPE,1.032175064086914,0.012542103999976462,12.542103999976462,True
100,sc1,6,PSPower,1.2242661270725064,0.005716932000041197,5.716932000041197,True
100,sc1,6,IW,1.2556257923674499,0.0009950329999810492,0.9950329999810492,True
100,sc1,6,Commensurate,1.2116430781203098,1.1396659570000338,1139.6659570000338,True
100,sc1,6,NPE,1.1800833940505981,0.010577865000072961,10.577865000072961,True
100,sc1,7,PSPower,0.9931183315254802,0.005814279999981409,5.814279999981409,True
100,sc1,7,IW,1.0312598664314834,0.0011680540000043038,1.1680540000043038,True
100,sc1,7,Commensurate,0.9921954416828944,1.0663780400000178,1066.3780400000178,True
100,sc1,7,NPE,1.1089754104614258,0.009855939000090075,9.855939000090075,True
100,sc1,8,PSPower,1.218829929450153,0.005581649999953697,5.581649999953697,True
100,sc1,8,IW,1.1699431821859232,0.0010280159999638272,1.0280159999638272,True
100,sc1,8,Commensurate,1.2053379449020312,1.0642232800000784,1064.2232800000784,True
100,sc1,8,NPE,1.1894515752792358,0.007607277000033719,7.607277000033719,True
100,sc1,9,PSPower,0.954386565916722,0.005461244999992232,5.461244999992232,True
100,sc1,9,IW,0.9066799361164283,0.001040376999981163,1.040376999981163,True
100,sc1,9,Commensurate,0.9485757288834997,1.0798720299999331,1079.8720299999331,True
100,sc1,9,NPE,1.1635932922363281,0.006634088999931009,6.634088999931009,True
100,sc1,10,PSPower,1.0385109077951442,0.004994885000087379,4.994885000087379,True
100,sc1,10,IW,1.0478592933206794,0.0010571309999249934,1.0571309999249934,True
100,sc1,10,Commensurate,1.057039732862991,1.1202653750000309,1120.2653750000309,True
100,sc1,10,NPE,1.1602646112442017,0.007341890000020612,7.341890000020612,True
100,sc1,11,PSPower,0.9144716331130837,0.009186838999994507,9.186838999994507,True
100,sc1,11,IW,0.8238327922146315,0.0009673609999936161,0.9673609999936161,True
100,sc1,11,Commensurate,0.9064155311445402,1.1165668700000424,1116.5668700000424,True
100,sc1,11,NPE,1.1244440078735352,0.010335478000001785,10.335478000001785,True
100,sc1,12,PSPower,0.829406783455597,0.010466203000078167,10.466203000078167,True
100,sc1,12,IW,0.8516206387695967,0.0008858989999680489,0.8858989999680489,True
100,sc1,12,Commensurate,0.8306906417309335,1.0224265400000832,1022.4265400000832,True
100,sc1,12,NPE,0.8585672378540039,0.009259425999971427,9.259425999971427,True
100,sc1,13,PSPower,0.9081259350634634,0.005973241999981838,5.973241999981838,True
100,sc1,13,IW,0.8682942289391558,0.0009256460000415245,0.9256460000415245,True
100,sc1,13,Commensurate,0.9120710478820467,1.0433671030000369,1043.3671030000369,True
100,sc1,13,NPE,0.9702335596084595,0.012747269999977107,12.747269999977107,True
100,sc1,14,PSPower,1.0258301335564097,0.004906234000031873,4.906234000031873,True
100,sc1,14,IW,0.9812425068769187,0.0010325469999088455,1.0325469999088455,True
100,sc1,14,Commensurate,1.0363421277668363,1.0566641820000768,1056.6641820000768,True
100,sc1,14,NPE,0.8957802057266235,0.009466955999982929,9.466955999982929,True
100,sc1,15,PSPower,1.1187282771025149,0.004870583000069928,4.870583000069928,True
100,sc1,15,IW,1.1375199508167013,0.0011604190000298331,1.1604190000298331,True
100,sc1,15,Commensurate,1.1258160881674217,1.057148049000034,1057.148049000034,True
100,sc1,15,NPE,1.391587734222412,0.009825901999988673,9.825901999988673,True
100,sc1,16,PSPower,1.036542126720662,0.004633745999967687,4.633745999967687,True
100,sc1,16,IW,1.0631781365727142,0.0011095620000105555,1.1095620000105555,True
100,sc1,16,Commensurate,1.063259100437569,1.0393643270000439,1039.3643270000439,True
100,sc1,16,NPE,1.403713345527649,0.009868785999969987,9.868785999969987,True
100,sc1,17,PSPower,1.0021107982513766,0.006097961000023133,6.097961000023133,True
100,sc1,17,IW,1.104110660352294,0.001032555000051616,1.032555000051616,True
100,sc1,17,Commensurate,0.9748901530647033,1.0587947149999763,1058.7947149999763,True
100,sc1,17,NPE,1.0033429861068726,0.013153915999964738,13.153915999964738,True
100,sc1,18,PSPower,1.1423454320777977,0.004982588999951076,4.982588999951076,True
100,sc1,18,IW,1.1320639755702415,0.0009746390001055261,0.9746390001055261,True
100,sc1,18,Commensurate,1.1346353115308883,1.0515708169999698,1051.5708169999698,True
100,sc1,18,NPE,1.3716769218444824,0.010620781000056922,10.620781000056922,True
100,sc1,19,PSPower,1.0951541405873544,0.006197927000016534,6.197927000016534,True
100,sc1,19,IW,1.1292921046507964,0.001080529999967439,1.080529999967439,True
100,sc1,19,Commensurate,1.0952898035799803,1.0543024250000599,1054.3024250000599,True
100,sc1,19,NPE,1.3923765420913696,0.01337793100003637,13.37793100003637,True
100,sc1,20,PSPower,1.1438462911796852,0.005305501000066215,5.305501000066215,True
100,sc1,20,IW,1.0547560187810134,0.00098582600003283,0.98582600003283,True
100,sc1,20,Commensurate,1.120437416829372,1.0521848859999636,1052.1848859999636,True
100,sc1,20,NPE,1.274083137512207,0.011995812999998634,11.995812999998634,True
100,sc1,21,PSPower,0.9509789558250656,0.005209750999938478,5.209750999938478,True
100,sc1,21,IW,0.8812693050641766,0.0009851460000618317,0.9851460000618317,True
100,sc1,21,Commensurate,0.9656907563329319,1.1576700300000766,1157.6700300000766,True
100,sc1,21,NPE,0.9129785299301147,0.010327365999955873,10.327365999955873,True
100,sc1,22,PSPower,1.0307420901322635,0.009222023999996054,9.222023999996054,True
100,sc1,22,IW,1.042323277300938,0.0011013749999619904,1.1013749999619904,True
100,sc1,22,Commensurate,1.0306043132017948,1.094626926999922,1094.626926999922,True
100,sc1,22,NPE,1.357890009880066,0.010826260000044385,10.826260000044385,True
100,sc1,23,PSPower,0.9086401947217351,0.005545020999988992,5.545020999988992,True
100,sc1,23,IW,0.8937461897004682,0.0010998449999988225,1.0998449999988225,True
100,sc1,23,Commensurate,0.9156366073601415,1.0606016750000435,1060.6016750000435,True
100,sc1,23,NPE,1.0682532787322998,0.005810585000062929,5.810585000062929,True
100,sc1,24,PSPower,1.0219468261538007,0.0047047150000025795,4.7047150000025795,True
100,sc1,24,IW,0.9920464889471988,0.0009585359999846332,0.9585359999846332,True
100,sc1,24,Commensurate,0.9998123783948122,1.0209326680000004,1020.9326680000004,True
100,sc1,24,NPE,1.1879926919937134,0.005886990000021797,5.886990000021797,True
100,sc1,25,PSPower,1.005929052144417,0.00629875999993601,6.29875999993601,True
100,sc1,25,IW,1.0074966321218983,0.0010699790000217035,1.0699790000217035,True
100,sc1,25,Commensurate,1.031303504256724,1.0393286309999894,1039.3286309999894,True
100,sc1,25,NPE,1.071315050125122,0.007663567999998122,7.663567999998122,True
100,sc1,26,PSPower,1.1035426132337804,0.005029759000080958,5.029759000080958,True
100,sc1,26,IW,1.1121228206068208,0.0009697870000309194,0.9697870000309194,True
100,sc1,26,Commensurate,1.127441220316194,1.0458693349999066,1045.8693349999066,True
100,sc1,26,NPE,1.2190912961959839,0.010146810000037476,10.146810000037476,True
100,sc1,27,PSPower,0.9305166987266791,0.004827288000001317,4.827288000001317,True
100,sc1,27,IW,0.9622885914752312,0.0009697360000018307,0.9697360000018307,True
100,sc1,27,Commensurate,0.9241320463275422,1.0496251690000236,1049.6251690000236,True
100,sc1,27,NPE,0.9972794055938721,0.009578298000064933,9.578298000064933,True
100,sc1,28,PSPower,1.123991271553508,0.004985157999954026,4.985157999954026,True
100,sc1,28,IW,1.135480024408355,0.0010366930000600405,1.0366930000600405,True
100,sc1,28,Commensurate,1.093840419144336,1.0346191309999995,1034.6191309999995,True
100,sc1,28,NPE,1.2217376232147217,0.009470570999951633,9.470570999951633,True
100,sc1,29,PSPower,0.857604342264156,0.004752364000069065,4.752364000069065,True
100,sc1,29,IW,0.8975465740611028,0.0009748659999786469,0.9748659999786469,True
100,sc1,29,Commensurate,0.875333737075275,1.0419638679999252,1041.9638679999252,True
100,sc1,29,NPE,0.822219729423523,0.006075881000015215,6.075881000015215,True
100,sc1,30,PSPower,0.9633985496005137,0.006273064999959388,6.273064999959388,True
100,sc1,30,IW,0.953496024047907,0.0010179789999256172,1.0179789999256172,True
100,sc1,30,Commensurate,0.9581090530373348,1.032400578000079,1032.400578000079,True
100,sc1,30,NPE,1.174103021621704,0.009554767000054198,9.554767000054198,True
100,sc1,31,PSPower,1.0098800710686722,0.004876919000025737,4.876919000025737,True
100,sc1,31,IW,1.0196735189051724,0.0010454649999473986,1.0454649999473986,True
100,sc1,31,Commensurate,1.0097366173497573,1.1325700270000425,1132.5700270000425,True
100,sc1,31,NPE,1.1925323009490967,0.01066801099989334,10.66801099989334,True
100,sc1,32,PSPower,1.0653420349255205,0.009145848999992268,9.145848999992268,True
100,sc1,32,IW,1.1233068942821376,0.001133064999976341,1.133064999976341,True
100,sc1,32,Commensurate,1.0545678709209523,1.167817332000027,1167.817332000027,True
100,sc1,32,NPE,1.1649041175842285,0.01105451599994467,11.05451599994467,True
100,sc1,33,PSPower,0.8128587048919751,0.00586934199998268,5.86934199998268,True
100,sc1,33,IW,0.8706750686559396,0.0011553629999525583,1.1553629999525583,True
100,sc1,33,Commensurate,0.8352077761263038,1.053878970000028,1053.878970000028,True
100,sc1,33,NPE,1.0601969957351685,0.00747597700001279,7.47597700001279,True
100,sc1,34,PSPower,1.133215429731397,0.005653243999972801,5.653243999972801,True
100,sc1,34,IW,1.097451902896145,0.0010881520000793898,1.0881520000793898,True
100,sc1,34,Commensurate,1.1359108949517824,1.0774242520000143,1077.4242520000143,True
100,sc1,34,NPE,1.2394179105758667,0.010917689000052633,10.917689000052633,True
100,sc1,35,PSPower,1.083958991897034,0.0058345879999706085,5.8345879999706085,True
100,sc1,35,IW,1.0774692005714397,0.0010505600000669801,1.0505600000669801,True
100,sc1,35,Commensurate,1.0828144475248445,1.0590060240000412,1059.0060240000412,True
100,sc1,35,NPE,1.4060709476470947,0.009838002999913442,9.838002999913442,True
100,sc1,36,PSPower,1.317535186778669,0.0057955679999395215,5.7955679999395215,True
100,sc1,36,IW,1.4612965776598195,0.001236816999949042,1.236816999949042,True
100,sc1,36,Commensurate,1.3221533322359298,1.0683439389999876,1068.3439389999876,True
100,sc1,36,NPE,1.363662838935852,0.010578712000096857,10.578712000096857,True
100,sc1,37,PSPower,0.9438643591433864,0.00536936000003152,5.36936000003152,True
100,sc1,37,IW,1.008565361693003,0.0010229040000240275,1.0229040000240275,True
100,sc1,37,Commensurate,0.9329826485223803,1.0612247210000305,1061.2247210000305,True
100,sc1,37,NPE,0.9786497354507446,0.007214674000010746,7.214674000010746,True
100,sc1,38,PSPower,0.9480627237661117,0.0054254560000117635,5.4254560000117635,True
100,sc1,38,IW,0.9899842885017313,0.000982656000019233,0.982656000019233,True
100,sc1,38,Commensurate,0.9482209358651993,1.0528286239999716,1052.8286239999716,True
100,sc1,38,NPE,1.2174402475357056,0.006531883999969068,6.531883999969068,True
100,sc1,39,PSPower,0.9384749514589054,0.009180550999985826,9.180550999985826,True
100,sc1,39,IW,0.9757364306835212,0.0009675190000280054,0.9675190000280054,True
100,sc1,39,Commensurate,0.9687962099876793,1.045185626000034,1045.185626000034,True
100,sc1,39,NPE,1.1653165817260742,0.00998624099997869,9.98624099997869,True
100,sc1,40,PSPower,1.0987405912584023,0.005806258000006892,5.806258000006892,True
100,sc1,40,IW,1.1128834915337449,0.001010705999988204,1.010705999988204,True
100,sc1,40,Commensurate,1.1278999209981388,1.0477609609999945,1047.7609609999945,True
100,sc1,40,NPE,1.5995334386825562,0.010092827999983456,10.092827999983456,True
100,sc1,41,PSPower,0.9289080877927931,0.005486108000013701,5.486108000013701,True
100,sc1,41,IW,0.927247666193757,0.0010309860000461413,1.0309860000461413,True
100,sc1,41,Commensurate,0.934228129410666,1.037705495999944,1037.705495999944,True
100,sc1,41,NPE,1.0438507795333862,0.007492158999980347,7.492158999980347,True
100,sc1,42,PSPower,0.9831766574101194,0.005152828999939629,5.152828999939629,True
100,sc1,42,IW,0.9488609146073878,0.0009962660000155665,0.9962660000155665,True
100,sc1,42,Commensurate,0.993054681834569,1.1329901510000582,1132.9901510000582,True
100,sc1,42,NPE,1.1670029163360596,0.0099757560000171,9.9757560000171,True
100,sc1,43,PSPower,0.8155447816824217,0.009128019999934622,9.128019999934622,True
100,sc1,43,IW,0.8559400551339454,0.001087916000074074,1.087916000074074,True
100,sc1,43,Commensurate,0.7901792274176581,1.1632176000000527,1163.2176000000527,True
100,sc1,43,NPE,1.1023675203323364,0.012382285999933629,12.382285999933629,True
100,sc1,44,PSPower,1.068498179467595,0.008136813999954029,8.136813999954029,True
100,sc1,44,IW,0.9826323512103637,0.0010243510000691458,1.0243510000691458,True
100,sc1,44,Commensurate,1.0637552716421195,1.0617046899999423,1061.7046899999423,True
100,sc1,44,NPE,1.047333836555481,0.010850963000052616,10.850963000052616,True
100,sc1,45,PSPower,0.9625743702500342,0.005336284999998497,5.336284999998497,True
100,sc1,45,IW,0.9316747927720609,0.0010868680000157838,1.0868680000157838,True
100,sc1,45,Commensurate,0.9266797503765335,1.065053875999979,1065.053875999979,True
100,sc1,45,NPE,1.0225783586502075,0.010540179000031458,10.540179000031458,True
100,sc1,46,PSPower,0.9897666520098831,0.005524383999954807,5.524383999954807,True
100,sc1,46,IW,0.9934536272850913,0.00101299100003871,1.01299100003871,True
100,sc1,46,Commensurate,0.9989179124394291,1.0464416020000726,1046.4416020000726,True
100,sc1,46,NPE,1.2219910621643066,0.011028077999981178,11.028077999981178,True
100,sc1,47,PSPower,1.1244333930511687,0.005339277000075526,5.339277000075526,True
100,sc1,47,IW,1.1972548436480623,0.001042305999931159,1.042305999931159,True
100,sc1,47,Commensurate,1.1301544213032926,1.0553447300000016,1055.3447300000016,True
100,sc1,47,NPE,1.3207989931106567,0.010053126999991946,10.053126999991946,True
100,sc1,48,PSPower,1.0879602070012944,0.005425414000001183,5.425414000001183,True
100,sc1,48,IW,1.0628194330337357,0.0011439479999353352,1.1439479999353352,True
100,sc1,48,Commensurate,1.0927579184314562,1.0262764249999918,1026.2764249999918,True
100,sc1,48,NPE,1.1480010747909546,0.010119311000039488,10.119311000039488,True
100,sc1,49,PSPower,0.9255299785908365,0.005422615999918889,5.422615999918889,True
100,sc1,49,IW,1.0466292491879656,0.0010260269999662341,1.0260269999662341,True
100,sc1,49,Commensurate,0.9378133665011115,1.0291102500000306,1029.1102500000306,True
100,sc1,49,NPE,1.6992851495742798,0.0063591250000172295,6.3591250000172295,True
100,sc2,0,PSPower,1.0085720538540612,0.00890776400001414,8.90776400001414,True
100,sc2,0,IW,1.0206967452739077,0.0011072329999706199,1.1072329999706199,True
100,sc2,0,Commensurate,1.0105249212382699,1.0524576779999961,1052.4576779999961,True
100,sc2,0,NPE,1.0207550525665283,0.010285169999974642,10.285169999974642,True
100,sc2,1,PSPower,0.969194221719717,0.007149866999952792,7.149866999952792,True
100,sc2,1,IW,0.9295913892841263,0.0010925219999080582,1.0925219999080582,True
100,sc2,1,Commensurate,1.0246996882893165,1.0625744610000538,1062.5744610000538,True
100,sc2,1,NPE,1.0325299501419067,0.01095617599992238,10.95617599992238,True
100,sc2,2,PSPower,1.1292138201664195,0.006193913000061002,6.193913000061002,True
100,sc2,2,IW,1.1289501548149956,0.001046149000103469,1.046149000103469,True
100,sc2,2,Commensurate,1.1824588858476364,1.0871957409999595,1087.1957409999595,True
100,sc2,2,NPE,1.4549107551574707,0.015035480999927131,15.035480999927131,True
100,sc2,3,PSPower,1.1489069314200266,0.008743218999939018,8.743218999939018,True
100,sc2,3,IW,1.1673838469064768,0.0011406369999349408,1.1406369999349408,True
100,sc2,3,Commensurate,1.0950410934078567,1.1219800389999364,1121.9800389999364,True
100,sc2,3,NPE,1.0835521221160889,0.013380146000031345,13.380146000031345,True
100,sc2,4,PSPower,0.8612729103839224,0.017332746999954907,17.332746999954907,True
100,sc2,4,IW,0.8828350562849444,0.003920186999948783,3.9201869999487826,True
100,sc2,4,Commensurate,0.852309670974352,1.162612422000052,1162.612422000052,True
100,sc2,4,NPE,1.2349604368209839,0.011160313000004862,11.160313000004862,True
100,sc2,5,PSPower,1.0357723924177935,0.007075285000041731,7.075285000041731,True
100,sc2,5,IW,1.0266480198760628,0.0010824409999941054,1.0824409999941054,True
100,sc2,5,Commensurate,1.071653259948916,1.148877993000042,1148.877993000042,True
100,sc2,5,NPE,1.1331119537353516,0.00792481099995257,7.9248109999525695,True
100,sc2,6,PSPower,0.9385928280363387,0.010080536000032225,10.080536000032225,True
100,sc2,6,IW,0.9713239875296538,0.0011660149999670466,1.1660149999670466,True
100,sc2,6,Commensurate,0.9444516661754607,1.0854847040000095,1085.4847040000095,True
100,sc2,6,NPE,1.2864619493484497,0.013735902000007627,13.735902000007627,True
100,sc2,7,PSPower,0.9015025622688257,0.01087917400002425,10.87917400002425,True
100,sc2,7,IW,0.8561975468996241,0.003977132000045458,3.977132000045458,True
100,sc2,7,Commensurate,0.8860896666337724,1.0623257780000586,1062.3257780000586,True
100,sc2,7,NPE,1.0049374103546143,0.01951009599997633,19.51009599997633,True
100,sc2,8,PSPower,1.341081208893993,0.023535428000059255,23.535428000059255,True
100,sc2,8,IW,1.428396029809886,0.0011071139999785373,1.1071139999785373,True
100,sc2,8,Commensurate,1.3420445895385074,1.0799998609999193,1079.9998609999193,True
100,sc2,8,NPE,1.5653626918792725,0.024495924999996532,24.495924999996532,True
100,sc2,9,PSPower,1.2888095242609838,0.011915356000031352,11.915356000031352,True
100,sc2,9,IW,1.3542416410685272,0.003971736000039527,3.9717360000395274,True
100,sc2,9,Commensurate,1.2623864853878233,1.0775512349999872,1077.5512349999872,True
100,sc2,9,NPE,1.4188371896743774,0.013286665000009634,13.286665000009634,True
100,sc2,10,PSPower,1.038987654976664,0.012292474999981096,12.292474999981096,True
100,sc2,10,IW,0.9998375922356569,0.0010841629999731595,1.0841629999731595,True
100,sc2,10,Commensurate,1.0060891623058696,1.0666758920000348,1066.6758920000348,True
100,sc2,10,NPE,0.9958738088607788,0.014071154000021124,14.071154000021124,True
100,sc2,11,PSPower,0.9295737650974043,0.005634061000023394,5.634061000023394,True
100,sc2,11,IW,0.882902661960707,0.0011266459999887957,1.1266459999887957,True
100,sc2,11,Commensurate,0.9960736672139947,1.0893910249999408,1089.3910249999408,True
100,sc2,11,NPE,0.9287934303283691,0.01148035100004563,11.48035100004563,True
100,sc2,12,PSPower,0.9413751252036325,0.005616876999965825,5.616876999965825,True
100,sc2,12,IW,0.9334379182548387,0.0010118610000517947,1.0118610000517947,True
100,sc2,12,Commensurate,0.9602891292871262,1.0906646020000608,1090.6646020000608,True
100,sc2,12,NPE,0.9343690872192383,0.013499246999913339,13.499246999913339,True
100,sc2,13,PSPower,0.8369123716187238,0.00578096899994307,5.78096899994307,True
100,sc2,13,IW,0.8416403473122877,0.0011238270000148987,1.1238270000148987,True
100,sc2,13,Commensurate,0.8692983266752117,1.1336382339999318,1133.6382339999318,True
100,sc2,13,NPE,0.9968842267990112,0.01740716600011183,17.40716600011183,True
100,sc2,14,PSPower,0.8682074755140416,0.015172377999988385,15.172377999988385,True
100,sc2,14,IW,0.8054910934014203,0.0010866009999972448,1.0866009999972448,True
100,sc2,14,Commensurate,0.8709496860986441,1.152967414999921,1152.967414999921,True
100,sc2,14,NPE,0.8736560344696045,0.01578755800005638,15.787558000056379,True
100,sc2,15,PSPower,0.8512626070067317,0.015179284000055304,15.179284000055304,True
100,sc2,15,IW,0.9324520123215589,0.0011624569999639789,1.1624569999639789,True
100,sc2,15,Commensurate,0.888700807673147,1.0808091830000421,1080.8091830000421,True
100,sc2,15,NPE,1.3517193794250488,0.010419471000091107,10.419471000091107,True
100,sc2,16,PSPower,1.0545258545609095,0.006143711000049734,6.143711000049734,True
100,sc2,16,IW,1.0294703628812152,0.0010117869999248796,1.0117869999248796,True
100,sc2,16,Commensurate,1.0554877258532618,1.0929318230000717,1092.9318230000717,True
100,sc2,16,NPE,0.9670946598052979,0.01363844600007269,13.63844600007269,True
100,sc2,17,PSPower,0.9493747674130847,0.005547113999909925,5.547113999909925,True
100,sc2,17,IW,1.0061745229694512,0.0010334439999724054,1.0334439999724054,True
100,sc2,17,Commensurate,0.952282591833317,1.079897482999968,1079.897482999968,True
100,sc2,17,NPE,1.2556414604187012,0.01340126400009467,13.40126400009467,True
100,sc2,18,PSPower,0.6853069600913094,0.005664476999982071,5.664476999982071,True
100,sc2,18,IW,0.6689986218355886,0.0010852589999785778,1.0852589999785778,True
100,sc2,18,Commensurate,0.719155550803485,1.099243627000078,1099.243627000078,True
100,sc2,18,NPE,0.9739526510238647,0.01274298999999246,12.74298999999246,True
100,sc2,19,PSPower,0.8121665812189098,0.0055846729999302624,5.5846729999302624,True
100,sc2,19,IW,0.7549035231462312,0.0010411240000394173,1.0411240000394173,True
100,sc2,19,Commensurate,0.8001315405483252,1.073700242999962,1073.700242999962,True
100,sc2,19,NPE,1.168653130531311,0.010663150999903337,10.663150999903337,True
100,sc2,20,PSPower,1.0178933742585112,0.011318398999947021,11.318398999947021,True
100,sc2,20,IW,0.983067501219206,0.0010063130000617093,1.0063130000617093,True
100,sc2,20,Commensurate,1.006847743687159,1.0604520000000548,1060.4520000000548,True
100,sc2,20,NPE,1.193530559539795,0.012011748999952943,12.011748999952943,True
100,sc2,21,PSPower,1.0260392255414026,0.011747835999926792,11.747835999926792,True
100,sc2,21,IW,1.009184811375104,0.0010842440000260467,1.0842440000260467,True
100,sc2,21,Commensurate,1.0303542480476704,1.0611683520000952,1061.1683520000952,True
100,sc2,21,NPE,1.4121644496917725,0.010155349000001479,10.155349000001479,True
100,sc2,22,PSPower,0.925787729330576,0.01181573799999569,11.81573799999569,True
100,sc2,22,IW,0.8980028060110978,0.004107589000000189,4.107589000000189,True
100,sc2,22,Commensurate,0.962828350216346,1.081742269000074,1081.742269000074,True
100,sc2,22,NPE,1.2149089574813843,0.013985248000039974,13.985248000039974,True
100,sc2,23,PSPower,1.1045914299997301,0.008248944999991181,8.248944999991181,True
100,sc2,23,IW,1.0586290223616663,0.0010878360000106113,1.0878360000106113,True
100,sc2,23,Commensurate,1.0976916761207312,1.1278692189999902,1127.8692189999902,True
100,sc2,23,NPE,0.9875739812850952,0.0197525510000105,19.7525510000105,True
100,sc2,24,PSPower,1.0109790478896028,0.011136118999957034,11.136118999957034,True
100,sc2,24,IW,1.0271349967237673,0.0011003719999962414,1.1003719999962414,True
100,sc2,24,Commensurate,1.023941244007198,1.1231039339999143,1123.1039339999143,True
100,sc2,24,NPE,0.9893583059310913,0.0174542830000064,17.4542830000064,True
100,sc2,25,PSPower,1.024692711013954,0.008834941000031904,8.834941000031904,True
100,sc2,25,IW,1.062390065605173,0.004070074999958706,4.070074999958706,True
100,sc2,25,Commensurate,1.0144986053434892,1.067787855000006,1067.787855000006,True
100,sc2,25,NPE,1.051209807395935,0.01033499799996207,10.33499799996207,True
100,sc2,26,PSPower,0.8097214202627234,0.009577093999951103,9.577093999951103,True
100,sc2,26,IW,0.8172343760408752,0.0010133819999964544,1.0133819999964544,True
100,sc2,26,Commensurate,0.7973480515739034,1.0702427359999547,1070.2427359999547,True
100,sc2,26,NPE,1.3483855724334717,0.013830754999958117,13.830754999958117,True
100,sc2,27,PSPower,1.0229412206604267,0.009164220000002388,9.164220000002388,True
100,sc2,27,IW,1.0240465934942358,0.003969818000086889,3.969818000086889,True
100,sc2,27,Commensurate,1.0153332865127485,1.0750311379999857,1075.0311379999857,True
100,sc2,27,NPE,1.220657229423523,0.02088106400003653,20.88106400003653,True
100,sc2,28,PSPower,1.0692972818116608,0.025104129000055764,25.104129000055764,True
100,sc2,28,IW,1.059292919012494,0.001070196999990003,1.070196999990003,True
100,sc2,28,Commensurate,1.0736791923326823,1.0447721680000086,1044.7721680000086,True
100,sc2,28,NPE,1.4776785373687744,0.009720374000039556,9.720374000039556,True
100,sc2,29,PSPower,1.0732871441275855,0.0053398009999909846,5.339800999990985,True
100,sc2,29,IW,1.0277659746234178,0.0010384749999730047,1.0384749999730047,True
100,sc2,29,Commensurate,1.0684059001580317,1.0392357869999387,1039.2357869999387,True
100,sc2,29,NPE,0.9509764909744263,0.01029887000004237,10.29887000004237,True
100,sc2,30,PSPower,1.1751300681015362,0.012156435999941095,12.156435999941095,True
100,sc2,30,IW,1.1916793532979393,0.0010171320000154083,1.0171320000154083,True
100,sc2,30,Commensurate,1.1618064885743116,1.0450249659999145,1045.0249659999145,True
100,sc2,30,NPE,1.4443737268447876,0.012768211999969026,12.768211999969026,True
100,sc2,31,PSPower,1.1159241827518407,0.005834286999970573,5.834286999970573,True
100,sc2,31,IW,1.1393294947093995,0.0010323029999881328,1.0323029999881328,True
100,sc2,31,Commensurate,1.0841367890788989,1.0675437820000298,1067.5437820000298,True
100,sc2,31,NPE,1.1715316772460938,0.013410633000034977,13.410633000034977,True
100,sc2,32,PSPower,0.9077838072314255,0.006207061000054637,6.207061000054637,True
100,sc2,32,IW,0.8616127618882068,0.0009261369999649105,0.9261369999649105,True
100,sc2,32,Commensurate,0.8985757622435155,1.0544083859999773,1054.4083859999773,True
100,sc2,32,NPE,0.9473494291305542,0.014598086000091826,14.598086000091826,True
100,sc2,33,PSPower,0.9021345353869894,0.005953474999955688,5.953474999955688,True
100,sc2,33,IW,0.925895705644331,0.0011687420000043858,1.1687420000043858,True
100,sc2,33,Commensurate,0.8920813201918288,1.1132163610000134,1113.2163610000134,True
100,sc2,33,NPE,0.9747196435928345,0.013349637000032999,13.349637000032999,True
100,sc2,34,PSPower,1.1805734082591435,0.005554415999995399,5.554415999995399,True
100,sc2,34,IW,1.17479248885055,0.0011058559999810313,1.1058559999810313,True
100,sc2,34,Commensurate,1.1804139658671042,1.1109354960000246,1110.9354960000246,True
100,sc2,34,NPE,1.3743880987167358,0.013330277999898499,13.330277999898499,True
100,sc2,35,PSPower,1.0795976563002083,0.005486063999910584,5.486063999910584,True
100,sc2,35,IW,1.1217411698033581,0.0010683330000347269,1.0683330000347269,True
100,sc2,35,Commensurate,1.1422488271399698,1.1071685639999487,1107.1685639999487,True
100,sc2,35,NPE,1.110061764717102,0.01410031499995057,14.10031499995057,True
100,sc2,36,PSPower,1.107325381612395,0.006082943999899726,6.082943999899726,True
100,sc2,36,IW,1.1436088383618666,0.0010551770000120086,1.0551770000120086,True
100,sc2,36,Commensurate,1.0991220708848302,1.0776848980000295,1077.6848980000295,True
100,sc2,36,NPE,1.5069544315338135,0.014169699000035507,14.169699000035507,True
100,sc2,37,PSPower,0.9260587191987366,0.005640205000077003,5.640205000077003,True
100,sc2,37,IW,0.9649984110221221,0.0011011349999989761,1.1011349999989761,True
100,sc2,37,Commensurate,0.9433079612070523,1.043510594000054,1043.510594000054,True
100,sc2,37,NPE,1.078210711479187,0.013541959999997744,13.541959999997744,True
100,sc2,38,PSPower,0.8775659688306955,0.005909859999974287,5.909859999974287,True
100,sc2,38,IW,0.8611485362576442,0.0010411950000843717,1.0411950000843717,True
100,sc2,38,Commensurate,0.9026300097913521,1.0185937219999914,1018.5937219999914,True
100,sc2,38,NPE,1.157691478729248,0.011389572999974007,11.389572999974007,True
100,sc2,39,PSPower,0.8646645000928197,0.008214117999955306,8.214117999955306,True
100,sc2,39,IW,0.8744489681116048,0.0010499730000219643,1.0499730000219643,True
100,sc2,39,Commensurate,0.9052235561256926,1.0565878760000942,1056.5878760000942,True
100,sc2,39,NPE,1.2387341260910034,0.01008715000000393,10.08715000000393,True
100,sc2,40,PSPower,1.1093143127046976,0.007221928000035405,7.221928000035405,True
100,sc2,40,IW,1.0915751424523679,0.001010763999943265,1.010763999943265,True
100,sc2,40,Commensurate,1.0829512781673598,1.05297623499996,1052.97623499996,True
100,sc2,40,NPE,1.192101001739502,0.010743644000058339,10.743644000058339,True
100,sc2,41,PSPower,1.1311426151297512,0.009063355999956002,9.063355999956002,True
100,sc2,41,IW,1.0920297449077618,0.0010363620000362062,1.0363620000362062,True
100,sc2,41,Commensurate,1.0888165207179055,1.077043515000014,1077.043515000014,True
100,sc2,41,NPE,1.3016564846038818,0.013699759000019185,13.699759000019185,True
100,sc2,42,PSPower,0.8800720057467739,0.005669939999961571,5.669939999961571,True
100,sc2,42,IW,0.8626243164198633,0.0011133879999079,1.1133879999079,True
100,sc2,42,Commensurate,0.9131096599897003,1.072727984999915,1072.727984999915,True
100,sc2,42,NPE,0.9200631380081177,0.014386830000034934,14.386830000034934,True
100,sc2,43,PSPower,1.019000703359738,0.006170275000044967,6.170275000044967,True
100,sc2,43,IW,1.0085458678237191,0.0010308010000699142,1.0308010000699142,True
100,sc2,43,Commensurate,1.04748095251017,1.07639183699996,1076.39183699996,True
100,sc2,43,NPE,1.007813572883606,0.014271238999981506,14.271238999981506,True
100,sc2,44,PSPower,0.9896372976400538,0.006121495000002142,6.121495000002142,True
100,sc2,44,IW,0.9780881472169984,0.0010932139999795254,1.0932139999795254,True
100,sc2,44,Commensurate,0.96675103994698,1.121941076999974,1121.941076999974,True
100,sc2,44,NPE,1.067060947418213,0.013709140999935698,13.709140999935698,True
100,sc2,45,PSPower,0.9224939865271935,0.006855457000028764,6.855457000028764,True
100,sc2,45,IW,0.887877024082817,0.0011737909999283147,1.1737909999283147,True
100,sc2,45,Commensurate,0.902768409411507,1.1040832190000174,1104.0832190000174,True
100,sc2,45,NPE,0.8637124300003052,0.013570133000030182,13.570133000030182,True
100,sc2,46,PSPower,1.1076280811295118,0.0060036779999563805,6.0036779999563805,True
100,sc2,46,IW,1.1851514871735247,0.0011221729999988383,1.1221729999988383,True
100,sc2,46,Commensurate,1.1132695686935188,1.0910852959999602,1091.0852959999602,True
100,sc2,46,NPE,1.4131042957305908,0.013632508000000598,13.632508000000598,True
100,sc2,47,PSPower,0.9622229179576528,0.009409411999968142,9.409411999968142,True
100,sc2,47,IW,1.0090916277814213,0.001092931000016506,1.092931000016506,True
100,sc2,47,Commensurate,1.0257105136962983,1.077237977999971,1077.237977999971,True
100,sc2,47,NPE,1.163974404335022,0.010035400999981903,10.035400999981903,True
100,sc2,48,PSPower,1.089348509790589,0.009157554000012169,9.15755400001217,True
100,sc2,48,IW,1.0941147178911956,0.0010996670000622544,1.0996670000622544,True
100,sc2,48,Commensurate,1.049687984552043,1.070112655999992,1070.112655999992,True
100,sc2,48,NPE,1.2510309219360352,0.010521772000060992,10.521772000060992,True
100,sc2,49,PSPower,1.1362415344821457,0.01222193499995683,12.22193499995683,True
100,sc2,49,IW,1.1644510372726786,0.0010105520000252,1.0105520000252,True
100,sc2,49,Commensurate,1.1226952057803885,1.0634401329999719,1063.4401329999719,True
100,sc2,49,NPE,1.5116850137710571,0.010252811999976075,10.252811999976075,True
100,sc3,0,PSPower,2.164291654184397,0.006854560000078891,6.854560000078891,True
100,sc3,0,IW,1.8337484575704315,0.0010488519999398704,1.0488519999398704,True
100,sc3,0,Commensurate,2.085543738064359,1.0633852899999283,1063.3852899999283,True
100,sc3,0,NPE,1.3388346433639526,0.009357915999999022,9.357915999999022,True
100,sc3,1,PSPower,1.8756164836041342,0.006107839000037529,6.107839000037529,True
100,sc3,1,IW,1.6787630893173435,0.0009402790000194727,0.9402790000194727,True
100,sc3,1,Commensurate,1.7945789702625725,1.0628031630000123,1062.8031630000123,True
100,sc3,1,NPE,1.2810215950012207,0.013076675999968757,13.076675999968757,True
100,sc3,2,PSPower,1.8004956482551007,0.005460378000066157,5.460378000066157,True
100,sc3,2,IW,1.5756682055014783,0.0010869599999523416,1.0869599999523416,True
100,sc3,2,Commensurate,1.8236886140605693,1.098322479999979,1098.322479999979,True
100,sc3,2,NPE,1.211771011352539,0.01009407399999418,10.09407399999418,True
100,sc3,3,PSPower,1.886472071851926,0.005417749999992338,5.417749999992338,True
100,sc3,3,IW,1.582413401860516,0.0010315270000091914,1.0315270000091914,True
100,sc3,3,Commensurate,1.920426753449035,1.0726894169999923,1072.6894169999923,True
100,sc3,3,NPE,1.0216617584228516,0.010714673999927982,10.714673999927982,True
100,sc3,4,PSPower,1.8506970365405915,0.005768424000052619,5.768424000052619,True
100,sc3,4,IW,1.638385545027382,0.00109052100003737,1.09052100003737,True
100,sc3,4,Commensurate,1.7413879561177124,1.0877919910000173,1087.7919910000173,True
100,sc3,4,NPE,1.0220762491226196,0.0066292440000097486,6.629244000009749,True
100,sc3,5,PSPower,1.8638667925575152,0.006687556999963817,6.687556999963817,True
100,sc3,5,IW,1.4820961148251774,0.0010158029999729479,1.0158029999729479,True
100,sc3,5,Commensurate,1.6253724217145609,1.1111188500000253,1111.1188500000253,True
100,sc3,5,NPE,0.9597861766815186,0.011492086999965068,11.492086999965068,True
100,sc3,6,PSPower,1.891498775321277,0.011470374999930755,11.470374999930755,True
100,sc3,6,IW,1.5732049881746504,0.0010820820000390086,1.0820820000390086,True
100,sc3,6,Commensurate,1.7877701700180693,1.1209789910000154,1120.9789910000154,True
100,sc3,6,NPE,1.144803524017334,0.010482400999990205,10.482400999990205,True
100,sc3,7,PSPower,1.9418985718666408,0.011143496000045161,11.143496000045161,True
100,sc3,7,IW,1.5298159849762054,0.0010515149999719142,1.0515149999719142,True
100,sc3,7,Commensurate,1.9392040174093637,1.0442933630000653,1044.2933630000653,True
100,sc3,7,NPE,0.9631867408752441,0.007273599999962244,7.273599999962244,True
100,sc3,8,PSPower,1.971066770007939,0.004917461999980333,4.917461999980333,True
100,sc3,8,IW,1.6977266833378732,0.0009483249999675536,0.9483249999675536,True
100,sc3,8,Commensurate,1.8656051395824655,1.0057158930000014,1005.7158930000014,True
100,sc3,8,NPE,1.125768780708313,0.009411523000039779,9.411523000039779,True
100,sc3,9,PSPower,2.0432483762234392,0.0048330290001104,4.8330290001104,True
100,sc3,9,IW,1.7332421261813928,0.0009545840000555472,0.9545840000555472,True
100,sc3,9,Commensurate,1.8189234957375475,1.0338607539999884,1033.8607539999884,True
100,sc3,9,NPE,1.3281474113464355,0.006396587000040199,6.396587000040199,True
100,sc3,10,PSPower,1.8307354057553884,0.004732020000005832,4.732020000005832,True
100,sc3,10,IW,1.496337362629993,0.001054981000038424,1.054981000038424,True
100,sc3,10,Commensurate,1.5928240603185435,1.0197253989999808,1019.7253989999808,True
100,sc3,10,NPE,1.0934525728225708,0.0075687649999736095,7.5687649999736095,True
100,sc3,11,PSPower,1.9713050356036694,0.004839643999957843,4.839643999957843,True
100,sc3,11,IW,1.7570119124173438,0.0009599800000614778,0.9599800000614778,True
100,sc3,11,Commensurate,1.8565783542952565,1.0209493500000235,1020.9493500000235,True
100,sc3,11,NPE,0.9868568181991577,0.006857301999957599,6.857301999957599,True
100,sc3,12,PSPower,1.878128368330271,0.004720159000044077,4.720159000044077,True
100,sc3,12,IW,1.5610194577003658,0.0009522169999627295,0.9522169999627295,True
100,sc3,12,Commensurate,1.9044855021560325,1.0188795679999885,1018.8795679999885,True
100,sc3,12,NPE,1.1654566526412964,0.00990982900009385,9.90982900009385,True
100,sc3,13,PSPower,1.902929757376137,0.00479025399999955,4.79025399999955,True
100,sc3,13,IW,1.5962633055339353,0.0009690199999567994,0.9690199999567994,True
100,sc3,13,Commensurate,1.8856693187886084,1.0892221919999656,1089.2221919999656,True
100,sc3,13,NPE,1.0149227380752563,0.010130656000001181,10.130656000001181,True
100,sc3,14,PSPower,1.9410815542768594,0.005039761000034559,5.039761000034559,True
100,sc3,14,IW,1.6731694976949958,0.0009929940000574788,0.9929940000574788,True
100,sc3,14,Commensurate,1.6509500681497016,1.0777665829999705,1077.7665829999705,True
100,sc3,14,NPE,1.167189359664917,0.014586759000053462,14.586759000053462,True
100,sc3,15,PSPower,2.127398074938328,0.008594958000003317,8.594958000003317,True
100,sc3,15,IW,1.872850384390376,0.0010956720000194764,1.0956720000194764,True
100,sc3,15,Commensurate,2.0440860946319486,1.0603615300000229,1060.3615300000229,True
100,sc3,15,NPE,1.3171470165252686,0.012662805999980264,12.662805999980264,True
100,sc3,16,PSPower,2.0571704485194675,0.011667374000012387,11.667374000012387,True
100,sc3,16,IW,1.77133559183133,0.0011587340000005497,1.1587340000005497,True
100,sc3,16,Commensurate,1.9975881953759973,1.1330467180000596,1133.0467180000596,True
100,sc3,16,NPE,1.1272047758102417,0.012808061000100679,12.808061000100679,True
100,sc3,17,PSPower,1.92937961498097,0.006157637000001159,6.157637000001159,True
100,sc3,17,IW,1.5926434791225972,0.0010466690000612289,1.0466690000612289,True
100,sc3,17,Commensurate,1.9571311824093582,1.1029289829999698,1102.9289829999698,True
100,sc3,17,NPE,1.0711132287979126,0.0069483529999843086,6.9483529999843086,True
100,sc3,18,PSPower,1.9722956548832182,0.005728306000037264,5.728306000037264,True
100,sc3,18,IW,1.6792064684635157,0.0010955569999850923,1.0955569999850923,True
100,sc3,18,Commensurate,1.867195678422815,1.0564022989999557,1056.4022989999557,True
100,sc3,18,NPE,1.0014705657958984,0.010689891000083662,10.689891000083662,True
100,sc3,19,PSPower,1.9231308505546403,0.005358231000059277,5.358231000059277,True
100,sc3,19,IW,1.6361756457863441,0.0010255450000613564,1.0255450000613564,True
100,sc3,19,Commensurate,1.7196770700659532,1.042351705000101,1042.351705000101,True
100,sc3,19,NPE,1.0909382104873657,0.006478425000068455,6.478425000068455,True
100,sc3,20,PSPower,1.698026735350511,0.006778473000053964,6.778473000053964,True
100,sc3,20,IW,1.3960339794529584,0.0010067790000221066,1.0067790000221066,True
100,sc3,20,Commensurate,1.5977771344553926,1.0910034639999822,1091.0034639999822,True
100,sc3,20,NPE,1.03762686252594,0.009804484000028424,9.804484000028424,True
100,sc3,21,PSPower,2.047652710134091,0.005217907000087507,5.217907000087507,True
100,sc3,21,IW,1.7988727687810742,0.0009724399999413436,0.9724399999413436,True
100,sc3,21,Commensurate,1.981958654947403,1.067405549,1067.405549,True
100,sc3,21,NPE,1.1374982595443726,0.0068170370000188996,6.8170370000189,True
100,sc3,22,PSPower,2.198996180930896,0.009615850000045612,9.615850000045612,True
100,sc3,22,IW,1.936419165188571,0.0010232910000240736,1.0232910000240736,True
100,sc3,22,Commensurate,2.156851958331204,1.0404129960001,1040.4129960001,True
100,sc3,22,NPE,1.1979453563690186,0.010231842000052893,10.231842000052893,True
100,sc3,23,PSPower,2.0059889057072113,0.0055522069999369705,5.5522069999369705,True
100,sc3,23,IW,1.6624218319439457,0.0010743150000962487,1.0743150000962487,True
100,sc3,23,Commensurate,1.961191985871378,1.035067755,1035.067755,True
100,sc3,23,NPE,1.2032032012939453,0.006640844000003199,6.640844000003199,True
100,sc3,24,PSPower,1.9567204724067824,0.005408540999951583,5.408540999951583,True
100,sc3,24,IW,1.710727342726173,0.0010245099999792728,1.0245099999792728,True
100,sc3,24,Commensurate,1.8427266726902676,1.0870099989999744,1087.0099989999744,True
100,sc3,24,NPE,1.3568799495697021,0.006360824000012144,6.360824000012144,True
100,sc3,25,PSPower,2.210968307297595,0.0063159799999539246,6.315979999953925,True
100,sc3,25,IW,1.9348646697309166,0.001044804999992266,1.044804999992266,True
100,sc3,25,Commensurate,2.2129237176604364,1.1042092499999399,1104.2092499999399,True
100,sc3,25,NPE,1.2367956638336182,0.009039086000029783,9.039086000029783,True
100,sc3,26,PSPower,2.0197331514261867,0.004670915999895442,4.670915999895442,True
100,sc3,26,IW,1.641380748971301,0.001094929999908345,1.094929999908345,True
100,sc3,26,Commensurate,1.8988131051153234,1.0809075319999693,1080.9075319999693,True
100,sc3,26,NPE,0.9870144128799438,0.013384731999963151,13.38473199996315,True
100,sc3,27,PSPower,2.011325953872789,0.0047976430000744585,4.7976430000744585,True
100,sc3,27,IW,1.7233907061855183,0.0009666150000384732,0.9666150000384732,True
100,sc3,27,Commensurate,1.8827480642132233,1.0754036249999217,1075.4036249999217,True
100,sc3,27,NPE,0.9360488653182983,0.00962982499993359,9.62982499993359,True
100,sc3,28,PSPower,1.8441234077013307,0.010488127999906283,10.488127999906283,True
100,sc3,28,IW,1.4810469812353266,0.003916165999953591,3.9161659999535914,True
100,sc3,28,Commensurate,1.5876967395313772,1.0868639069999517,1086.8639069999517,True
100,sc3,28,NPE,0.7785516977310181,0.007894856999996591,7.894856999996591,True
100,sc3,29,PSPower,2.1040526667661337,0.004905285000063486,4.905285000063486,True
100,sc3,29,IW,1.8387077632284612,0.0010504059999902893,1.0504059999902893,True
100,sc3,29,Commensurate,2.145649182663054,1.0619987700000593,1061.9987700000593,True
100,sc3,29,NPE,1.440564513206482,0.006194093999965844,6.194093999965844,True
100,sc3,30,PSPower,1.9778306572235218,0.005864856000016516,5.864856000016516,True
100,sc3,30,IW,1.7351087173486952,0.0009659569999485029,0.9659569999485029,True
100,sc3,30,Commensurate,1.9119659681463983,1.0504266039999948,1050.4266039999948,True
100,sc3,30,NPE,1.111876130104065,0.010609565999970982,10.609565999970982,True
100,sc3,31,PSPower,1.9935746305992412,0.006745099999989179,6.745099999989179,True
100,sc3,31,IW,1.6935684677174272,0.0009642759999906048,0.9642759999906048,True
100,sc3,31,Commensurate,1.9237828647691473,1.033030058999998,1033.030058999998,True
100,sc3,31,NPE,1.2246133089065552,0.010088598000038473,10.088598000038473,True
100,sc3,32,PSPower,1.9943340551812625,0.004973916000039935,4.973916000039935,True
100,sc3,32,IW,1.7412244797217429,0.0009657069999775558,0.9657069999775558,True
100,sc3,32,Commensurate,1.7278372021142965,1.0310874989999093,1031.0874989999093,True
100,sc3,32,NPE,1.2640854120254517,0.009932732000038413,9.932732000038413,True
100,sc3,33,PSPower,1.7670982152843189,0.004954531000066709,4.954531000066709,True
100,sc3,33,IW,1.4734310009716993,0.0009667799999988347,0.9667799999988347,True
100,sc3,33,Commensurate,1.6046634723954414,1.0563902000000098,1056.3902000000098,True
100,sc3,33,NPE,1.1991175413131714,0.008772270000008575,8.772270000008575,True
100,sc3,34,PSPower,1.9440842733050405,0.0069630390000838815,6.9630390000838815,True
100,sc3,34,IW,1.6376239636541685,0.000959428999976808,0.959428999976808,True
100,sc3,34,Commensurate,1.8714022970907513,1.0389450659999966,1038.9450659999966,True
100,sc3,34,NPE,1.2362920045852661,0.012090654999951767,12.090654999951767,True
100,sc3,35,PSPower,1.9684686687694197,0.0047431289999622095,4.7431289999622095,True
100,sc3,35,IW,1.7033275635191638,0.0009652869999854374,0.9652869999854374,True
100,sc3,35,Commensurate,1.9657609266262188,1.0639084260000118,1063.9084260000118,True
100,sc3,35,NPE,0.995526909828186,0.00941498000008778,9.41498000008778,True
100,sc3,36,PSPower,1.7649567657184804,0.005333948000043165,5.333948000043165,True
100,sc3,36,IW,1.538676452567255,0.0009077810000235331,0.9077810000235331,True
100,sc3,36,Commensurate,1.6016519775704432,1.047936740999944,1047.936740999944,True
100,sc3,36,NPE,1.084101915359497,0.009865240999943126,9.865240999943126,True
100,sc3,37,PSPower,1.9482705295958425,0.0047028220000129295,4.7028220000129295,True
100,sc3,37,IW,1.6215798628716445,0.001059577999967587,1.059577999967587,True
100,sc3,37,Commensurate,1.8067499087557897,1.0783669810000447,1078.3669810000447,True
100,sc3,37,NPE,1.2090073823928833,0.009876832000031754,9.876832000031754,True
100,sc3,38,PSPower,1.963874323794072,0.00740495299999111,7.40495299999111,True
100,sc3,38,IW,1.60420551032062,0.0010827820000258725,1.0827820000258725,True
100,sc3,38,Commensurate,1.9301394679472463,1.2006881290000138,1200.6881290000138,True
100,sc3,38,NPE,1.1870477199554443,0.013028044999941812,13.028044999941812,True
100,sc3,39,PSPower,2.1269903637554344,0.005420619999995324,5.420619999995324,True
100,sc3,39,IW,1.7285928655790372,0.0010481790000085311,1.0481790000085311,True
100,sc3,39,Commensurate,1.916477293563052,1.0704742489999717,1070.4742489999717,True
100,sc3,39,NPE,1.1581127643585205,0.009726082999918617,9.726082999918617,True
100,sc3,40,PSPower,2.0320903861013724,0.004756232999966414,4.756232999966414,True
100,sc3,40,IW,1.6729735255322877,0.0009684020000122473,0.9684020000122473,True
100,sc3,40,Commensurate,1.8650525077209577,1.0466470629999094,1046.6470629999094,True
100,sc3,40,NPE,1.4543482065200806,0.006073134000075697,6.073134000075697,True
100,sc3,41,PSPower,1.9905608180657293,0.006590505999952256,6.590505999952256,True
100,sc3,41,IW,1.7160390135712578,0.0010089590000461612,1.0089590000461612,True
100,sc3,41,Commensurate,2.0169170840660415,1.0590949050000518,1059.0949050000518,True
100,sc3,41,NPE,1.0282971858978271,0.006801327000061974,6.801327000061974,True
100,sc3,42,PSPower,2.1291766253077538,0.006431302999999389,6.431302999999389,True
100,sc3,42,IW,1.8436235196984325,0.0010819490000812948,1.0819490000812948,True
100,sc3,42,Commensurate,1.9843370717859847,1.0733433789999935,1073.3433789999935,True
100,sc3,42,NPE,1.394532561302185,0.010193140999945172,10.193140999945172,True
100,sc3,43,PSPower,1.9045093088340597,0.005335776000038095,5.335776000038095,True
100,sc3,43,IW,1.5556115913125856,0.0008690969999634035,0.8690969999634035,True
100,sc3,43,Commensurate,1.6739128040584812,1.012351251000041,1012.351251000041,True
100,sc3,43,NPE,1.4500243663787842,0.010351872999990519,10.351872999990519,True
100,sc3,44,PSPower,1.8533610952167543,0.005218520999960674,5.218520999960674,True
100,sc3,44,IW,1.6415275834190184,0.0010743969999111869,1.0743969999111869,True
100,sc3,44,Commensurate,1.85716461068541,1.0574481159999323,1057.4481159999323,True
100,sc3,44,NPE,1.0958346128463745,0.009351499999979751,9.351499999979751,True
100,sc3,45,PSPower,1.8522537813791131,0.005021601999942504,5.021601999942504,True
100,sc3,45,IW,1.5954650392963459,0.0009877389999246589,0.9877389999246589,True
100,sc3,45,Commensurate,1.7235071171432146,1.0630606500000113,1063.0606500000113,True
100,sc3,45,NPE,1.3927611112594604,0.006874168999956964,6.874168999956964,True
100,sc3,46,PSPower,1.8309621349653733,0.006125494999992043,6.125494999992043,True
100,sc3,46,IW,1.5539919917494798,0.0009992899999815563,0.9992899999815563,True
100,sc3,46,Commensurate,1.849269211745319,1.059858910999992,1059.858910999992,True
100,sc3,46,NPE,1.041806697845459,0.01295250999999098,12.95250999999098,True
100,sc3,47,PSPower,2.054881016722783,0.005280292000065856,5.280292000065856,True
100,sc3,47,IW,1.6471661216477165,0.0010177010000234077,1.0177010000234077,True
100,sc3,47,Commensurate,1.820408736059922,1.043160596000007,1043.160596000007,True
100,sc3,47,NPE,1.0218122005462646,0.009684809000077621,9.684809000077621,True
100,sc3,48,PSPower,2.018392746850545,0.007052853999994113,7.052853999994113,True
100,sc3,48,IW,1.6761056914184989,0.0009892219999301233,0.9892219999301233,True
100,sc3,48,Commensurate,1.9786008419563297,1.1295714580001004,1129.5714580001004,True
100,sc3,48,NPE,1.3022775650024414,0.012381408999999621,12.381408999999621,True
100,sc3,49,PSPower,1.8986494740492097,0.005290942999977233,5.290942999977233,True
100,sc3,49,IW,1.5201883476403313,0.0009581189999607886,0.9581189999607886,True
100,sc3,49,Commensurate,1.7538966622185688,1.108553325999992,1108.553325999992,True
100,sc3,49,NPE,0.9448680877685547,0.01112346999991587,11.12346999991587,True
100,sc4,0,PSPower,1.1631933911630918,0.009315439999909358,9.315439999909358,True
100,sc4,0,IW,1.115210109219618,0.0025351120000323135,2.5351120000323135,True
100,sc4,0,Commensurate,1.2007408624607956,1.07640358499998,1076.40358499998,True
100,sc4,0,NPE,1.2597484588623047,0.013637060999940331,13.637060999940331,True
100,sc4,1,PSPower,1.0073959661427456,0.005593728000008014,5.593728000008014,True
100,sc4,1,IW,0.9804089503140251,0.0010829670000020997,1.0829670000020997,True
100,sc4,1,Commensurate,0.9972508818948566,1.0870657080000683,1087.0657080000683,True
100,sc4,1,NPE,0.8650602102279663,0.013202157000023362,13.202157000023362,True
100,sc4,2,PSPower,0.9105130592447916,0.005683697999984361,5.683697999984361,True
100,sc4,2,IW,0.8920126501706965,0.0010432289999471323,1.0432289999471323,True
100,sc4,2,Commensurate,0.8753247067473269,1.0837468519999902,1083.7468519999902,True
100,sc4,2,NPE,1.2369767427444458,0.013772646999996141,13.772646999996141,True
100,sc4,3,PSPower,1.0996354799576338,0.0057655939999676775,5.7655939999676775,True
100,sc4,3,IW,1.0726538717416005,0.0010412410000526506,1.0412410000526506,True
100,sc4,3,Commensurate,1.1069662215852905,1.1232388409999885,1123.2388409999885,True
100,sc4,3,NPE,1.29878830909729,0.015226285000039752,15.226285000039752,True
100,sc4,4,PSPower,0.8262377600514758,0.00593067499994504,5.93067499994504,True
100,sc4,4,IW,0.7888813794274581,0.0010851419999653444,1.0851419999653444,True
100,sc4,4,Commensurate,0.8044837733332385,1.106519732000038,1106.519732000038,True
100,sc4,4,NPE,1.1510463953018188,0.010416790000022047,10.416790000022047,True
100,sc4,5,PSPower,0.8988822745606064,0.008472728000015195,8.472728000015195,True
100,sc4,5,IW,0.9190734055442558,0.001025546000050781,1.025546000050781,True
100,sc4,5,Commensurate,0.8734324032113784,1.1706371620000482,1170.6371620000482,True
100,sc4,5,NPE,0.9895859956741333,0.010860791000027348,10.860791000027348,True
100,sc4,6,PSPower,1.1518363961850375,0.009168483999928867,9.168483999928867,True
100,sc4,6,IW,1.1118351413222367,0.0010125090000201453,1.0125090000201453,True
100,sc4,6,Commensurate,1.1408380523360784,1.0892155750000256,1089.2155750000256,True
100,sc4,6,NPE,1.139695405960083,0.011410611999963294,11.410611999963294,True
100,sc4,7,PSPower,0.7934204142260772,0.005841130999897359,5.841130999897359,True
100,sc4,7,IW,0.8182349135064152,0.001017329999967842,1.017329999967842,True
100,sc4,7,Commensurate,0.8010228779687623,1.0817284109999719,1081.7284109999719,True
100,sc4,7,NPE,1.0730173587799072,0.014376227999946423,14.376227999946423,True
100,sc4,8,PSPower,1.166401439764941,0.005675172999985989,5.675172999985989,True
100,sc4,8,IW,1.1876101735457285,0.0010247440000057395,1.0247440000057395,True
100,sc4,8,Commensurate,1.092702369626012,1.1139819290000332,1113.9819290000332,True
100,sc4,8,NPE,1.2309552431106567,0.011084720999974707,11.084720999974707,True
100,sc4,9,PSPower,0.9773412618432601,0.011492248999957155,11.492248999957155,True
100,sc4,9,IW,0.9952208066636078,0.0009923549999939496,0.9923549999939496,True
100,sc4,9,Commensurate,0.9448712632171925,1.1586286440000322,1158.6286440000322,True
100,sc4,9,NPE,1.104272484779358,0.011733476000017617,11.733476000017617,True
100,sc4,10,PSPower,1.0693933351440186,0.011468685000068035,11.468685000068035,True
100,sc4,10,IW,1.0835748887331424,0.001104262000012568,1.104262000012568,True
100,sc4,10,Commensurate,1.025397591938447,1.0760733639999671,1076.0733639999671,True
100,sc4,10,NPE,1.3882235288619995,0.012242180999919583,12.242180999919583,True
100,sc4,11,PSPower,1.1640301193706637,0.011730141000043659,11.730141000043659,True
100,sc4,11,IW,1.1218706808222185,0.001023922999934257,1.023922999934257,True
100,sc4,11,Commensurate,1.194187927232182,1.080251813000018,1080.251813000018,True
100,sc4,11,NPE,1.3074941635131836,0.012851580000074136,12.851580000074136,True
100,sc4,12,PSPower,0.8624404597494875,0.005508501000008437,5.508501000008437,True
100,sc4,12,IW,0.8783153323389438,0.0010547139999061983,1.0547139999061983,True
100,sc4,12,Commensurate,0.8872374548023033,1.0319948549999935,1031.9948549999935,True
100,sc4,12,NPE,0.9992897510528564,0.013598076999983277,13.598076999983277,True
100,sc4,13,PSPower,0.8220201486814422,0.005568732000028831,5.568732000028831,True
100,sc4,13,IW,0.7912502659901072,0.001065513999947143,1.065513999947143,True
100,sc4,13,Commensurate,0.7965144834539413,1.0984191259999534,1098.4191259999534,True
100,sc4,13,NPE,0.9738693237304688,0.013514879000013025,13.514879000013025,True
100,sc4,14,PSPower,1.052001918923683,0.011198337999985597,11.198337999985597,True
100,sc4,14,IW,1.0148938442623794,0.003934312999945178,3.9343129999451776,True
100,sc4,14,Commensurate,1.0387341941720647,1.0927273910000395,1092.7273910000395,True
100,sc4,14,NPE,1.0591304302215576,0.01699849700003142,16.99849700003142,True
100,sc4,15,PSPower,1.2514592130332156,0.005907564000040111,5.907564000040111,True
100,sc4,15,IW,1.243532770917933,0.0010871040000210996,1.0871040000210996,True
100,sc4,15,Commensurate,1.2307821413667044,1.0967164620000176,1096.7164620000176,True
100,sc4,15,NPE,1.193063735961914,0.012275817000045208,12.275817000045208,True
100,sc4,16,PSPower,0.6784160804968897,0.005767467000055149,5.767467000055149,True
100,sc4,16,IW,0.679340781140584,0.0010967740000751292,1.0967740000751292,True
100,sc4,16,Commensurate,0.7021583421031846,1.1035919720000038,1103.5919720000038,True
100,sc4,16,NPE,0.6288160681724548,0.013400427999954445,13.400427999954445,True
100,sc4,17,PSPower,0.9104268553547746,0.005666467999958513,5.666467999958513,True
100,sc4,17,IW,0.8631136250060683,0.0010215869999683491,1.0215869999683491,True
100,sc4,17,Commensurate,0.8599848843969404,1.087461547000089,1087.461547000089,True
100,sc4,17,NPE,0.9762288331985474,0.013827722999963044,13.827722999963044,True
100,sc4,18,PSPower,1.3277774728435814,0.00560593099999096,5.60593099999096,True
100,sc4,18,IW,1.3166397094758016,0.0010275799999135415,1.0275799999135415,True
100,sc4,18,Commensurate,1.3084484665646023,1.1120523289999937,1112.0523289999937,True
100,sc4,18,NPE,1.3883869647979736,0.01910107000003336,19.10107000003336,True
100,sc4,19,PSPower,1.0758061205167395,0.006795592000003126,6.795592000003126,True
100,sc4,19,IW,1.039609769615418,0.000996235999991768,0.996235999991768,True
100,sc4,19,Commensurate,1.082559810072459,1.1397778199999493,1139.7778199999493,True
100,sc4,19,NPE,1.1291205883026123,0.012230692000002819,12.230692000002819,True
100,sc4,20,PSPower,1.0223176117605097,0.010784089000026142,10.784089000026142,True
100,sc4,20,IW,0.9900856740511147,0.0009734100000287071,0.9734100000287071,True
100,sc4,20,Commensurate,1.0112362240533734,1.1029327790000707,1102.9327790000707,True
100,sc4,20,NPE,1.0183522701263428,0.012241458000062266,12.241458000062266,True
100,sc4,21,PSPower,0.8069781201141681,0.011576495999975123,11.576495999975123,True
100,sc4,21,IW,0.8246661599980524,0.0009537390000105006,0.9537390000105006,True
100,sc4,21,Commensurate,0.8655791826003157,1.0659305259999883,1065.9305259999883,True
100,sc4,21,NPE,0.7761827707290649,0.012694205000002512,12.694205000002512,True
100,sc4,22,PSPower,0.9214056185609212,0.005304433999981484,5.304433999981484,True
100,sc4,22,IW,0.9071356982916707,0.000980027000082373,0.980027000082373,True
100,sc4,22,Commensurate,0.8938810726218196,1.0514756150000721,1051.4756150000721,True
100,sc4,22,NPE,1.1966192722320557,0.012311891000081232,12.311891000081232,True
100,sc4,23,PSPower,1.215616709230645,0.00486488499996085,4.86488499996085,True
100,sc4,23,IW,1.2377081023110375,0.0009665820000464009,0.9665820000464009,True
100,sc4,23,Commensurate,1.2279289833936358,1.0527183960000457,1052.7183960000457,True
100,sc4,23,NPE,1.3295484781265259,0.013466029999904094,13.466029999904094,True
100,sc4,24,PSPower,0.9393975713131256,0.005178643000022021,5.178643000022021,True
100,sc4,24,IW,0.8698260619047897,0.0009968570000182808,0.9968570000182808,True
100,sc4,24,Commensurate,0.9706017323081222,1.0742719790000592,1074.2719790000592,True
100,sc4,24,NPE,1.0164306163787842,0.012572482999985368,12.572482999985368,True
100,sc4,25,PSPower,1.2476213862914383,0.004896602999906463,4.896602999906463,True
100,sc4,25,IW,1.1855165109675763,0.00104931700002453,1.04931700002453,True
100,sc4,25,Commensurate,1.1867761741549598,1.0722870280000052,1072.2870280000052,True
100,sc4,25,NPE,1.4004727602005005,0.01980469800002993,19.80469800002993,True
100,sc4,26,PSPower,0.9718281032119654,0.014291658000047391,14.291658000047391,True
100,sc4,26,IW,0.9690494185218701,0.0009981140000263622,0.9981140000263622,True
100,sc4,26,Commensurate,0.9586633967001598,1.0721840809999321,1072.1840809999321,True
100,sc4,26,NPE,1.0475400686264038,0.015444086999991669,15.444086999991669,True
100,sc4,27,PSPower,1.0053871857009153,0.015267881999989186,15.267881999989186,True
100,sc4,27,IW,0.9450228454379056,0.0009424450000778961,0.9424450000778961,True
100,sc4,27,Commensurate,0.9708581753580131,1.073904101999915,1073.904101999915,True
100,sc4,27,NPE,1.1792844533920288,0.011019078999993326,11.019078999993326,True
100,sc4,28,PSPower,0.8755069218869085,0.008463253000059012,8.463253000059012,True
100,sc4,28,IW,0.911800235254475,0.0009813600000825318,0.9813600000825318,True
100,sc4,28,Commensurate,0.8843824985416199,1.0702780490000805,1070.2780490000805,True
100,sc4,28,NPE,0.9502032995223999,0.013310683999975481,13.310683999975481,True
100,sc4,29,PSPower,0.7844817288924991,0.0051880839999967066,5.1880839999967066,True
100,sc4,29,IW,0.7753840976218683,0.0009647289999747954,0.9647289999747954,True
100,sc4,29,Commensurate,0.8144267168814263,1.0926149110000551,1092.6149110000551,True
100,sc4,29,NPE,0.72688889503479,0.017186145000096076,17.186145000096076,True
100,sc4,30,PSPower,1.2076302977603806,0.012399121000044033,12.399121000044033,True
100,sc4,30,IW,1.2095561491507694,0.0010606959999677201,1.0606959999677201,True
100,sc4,30,Commensurate,1.1843192567822198,1.181956707999916,1181.956707999916,True
100,sc4,30,NPE,1.3849800825119019,0.014593257999990783,14.593257999990783,True
100,sc4,31,PSPower,1.0827676703450686,0.017201745999955165,17.201745999955165,True
100,sc4,31,IW,1.0707139756082542,0.0010069290000274123,1.0069290000274123,True
100,sc4,31,Commensurate,1.0586193249926217,1.0699839339999926,1069.9839339999926,True
100,sc4,31,NPE,1.2991859912872314,0.014614890999951058,14.614890999951058,True
100,sc4,32,PSPower,1.1101314745085684,0.014540925999995125,14.540925999995125,True
100,sc4,32,IW,1.055970860396676,0.0010789680000016233,1.0789680000016233,True
100,sc4,32,Commensurate,1.155575958231415,1.0545080660000394,1054.5080660000394,True
100,sc4,32,NPE,1.0283088684082031,0.013771034999990661,13.771034999990661,True
100,sc4,33,PSPower,1.1966824368778788,0.010188265000010688,10.188265000010688,True
100,sc4,33,IW,1.258134281533451,0.001265696000018579,1.265696000018579,True
100,sc4,33,Commensurate,1.1743064000556755,1.070219834999989,1070.219834999989,True
100,sc4,33,NPE,1.438690423965454,0.010134956999991118,10.134956999991118,True
100,sc4,34,PSPower,0.9725653754542382,0.008160594000059973,8.160594000059973,True
100,sc4,34,IW,0.8964015999914049,0.0010649719999946683,1.0649719999946683,True
100,sc4,34,Commensurate,0.9685851867652411,1.074363538000057,1074.363538000057,True
100,sc4,34,NPE,0.8594157695770264,0.01441662400009136,14.41662400009136,True
100,sc4,35,PSPower,0.644034226572679,0.00555732899999839,5.55732899999839,True
100,sc4,35,IW,0.6669853834145505,0.0011396610000247165,1.1396610000247165,True
100,sc4,35,Commensurate,0.6514431297004273,1.0984845429999268,1098.4845429999268,True
100,sc4,35,NPE,1.0237125158309937,0.010748182000043016,10.748182000043016,True
100,sc4,36,PSPower,1.0154343205041465,0.005911355999955958,5.911355999955958,True
100,sc4,36,IW,1.0420554833125066,0.0010977599999932863,1.0977599999932863,True
100,sc4,36,Commensurate,1.0017361030052008,1.1269416009999986,1126.9416009999986,True
100,sc4,36,NPE,1.1465461254119873,0.010765864999939367,10.765864999939367,True
100,sc4,37,PSPower,0.8466708735813422,0.006612418999907277,6.612418999907277,True
100,sc4,37,IW,0.8471759708140056,0.0010973989999456535,1.0973989999456535,True
100,sc4,37,Commensurate,0.915289875986138,1.0934285079999881,1093.4285079999881,True
100,sc4,37,NPE,0.9936877489089966,0.010586710999973548,10.586710999973548,True
100,sc4,38,PSPower,0.7953737584407198,0.005553943999984767,5.553943999984767,True
100,sc4,38,IW,0.7992465177962141,0.001019876999976077,1.019876999976077,True
100,sc4,38,Commensurate,0.8242700169208654,1.0809312229999932,1080.9312229999932,True
100,sc4,38,NPE,0.9387785196304321,0.010494151999978385,10.494151999978385,True
100,sc4,39,PSPower,1.0983572727247075,0.00586927699998796,5.86927699998796,True
100,sc4,39,IW,1.0385101297325445,0.0012382800000523275,1.2382800000523275,True
100,sc4,39,Commensurate,1.0910518699682645,1.0944134180000447,1094.4134180000447,True
100,sc4,39,NPE,1.1638646125793457,0.01026698700002271,10.26698700002271,True
100,sc4,40,PSPower,1.0365312952314834,0.00919845200007785,9.19845200007785,True
100,sc4,40,IW,1.0156253063686598,0.001039024999954563,1.039024999954563,True
100,sc4,40,Commensurate,1.0179409362952059,1.1136070530000097,1113.6070530000097,True
100,sc4,40,NPE,1.1527577638626099,0.0110870870000781,11.0870870000781,True
100,sc4,41,PSPower,0.8576812484212862,0.005706010999915634,5.706010999915634,True
100,sc4,41,IW,0.8720357537680337,0.0010373070000468942,1.0373070000468942,True
100,sc4,41,Commensurate,0.8898559302189736,1.0688772249999374,1068.8772249999374,True
100,sc4,41,NPE,1.0391091108322144,0.011161330999925667,11.161330999925667,True
100,sc4,42,PSPower,1.1160886947994755,0.007899472999952195,7.899472999952195,True
100,sc4,42,IW,1.0773302715399966,0.0010851089999732721,1.0851089999732721,True
100,sc4,42,Commensurate,1.09121699030971,1.0410155710000026,1041.0155710000026,True
100,sc4,42,NPE,1.3235701322555542,0.015663985000060165,15.663985000060165,True
100,sc4,43,PSPower,1.0616511617523723,0.005666942999937419,5.666942999937419,True
100,sc4,43,IW,1.0643989763863875,0.0010756210000408828,1.0756210000408828,True
100,sc4,43,Commensurate,1.0574850417414474,1.0504462060000606,1050.4462060000606,True
100,sc4,43,NPE,1.2275470495224,0.010739039000100092,10.739039000100092,True
100,sc4,44,PSPower,1.19654796743058,0.0058712799999511844,5.871279999951184,True
100,sc4,44,IW,1.1911104913509545,0.0009416710000778039,0.9416710000778039,True
100,sc4,44,Commensurate,1.1754793770001697,1.0569085800000266,1056.9085800000266,True
100,sc4,44,NPE,1.2607735395431519,0.011161102999949435,11.161102999949435,True
100,sc4,45,PSPower,1.0135360964217803,0.006159785000022566,6.159785000022566,True
100,sc4,45,IW,0.9670432161484533,0.0011332960000345338,1.1332960000345338,True
100,sc4,45,Commensurate,0.9727510928490649,1.076921126000002,1076.921126000002,True
100,sc4,45,NPE,1.3200849294662476,0.010675977999994757,10.675977999994757,True
100,sc4,46,PSPower,1.2671020172793575,0.009278013999960422,9.278013999960422,True
100,sc4,46,IW,1.2592900248568881,0.0012035239999477199,1.2035239999477199,True
100,sc4,46,Commensurate,1.2828638811890352,1.1098263149999639,1109.8263149999639,True
100,sc4,46,NPE,1.2891852855682373,0.013525251000032767,13.525251000032767,True
100,sc4,47,PSPower,1.1353376201746523,0.005503999000097792,5.503999000097792,True
100,sc4,47,IW,1.1637554777034054,0.0011592969999583147,1.1592969999583147,True
100,sc4,47,Commensurate,1.0543129383132042,1.0529329859999734,1052.9329859999734,True
100,sc4,47,NPE,1.4678326845169067,0.013481576999993194,13.481576999993194,True
100,sc4,48,PSPower,0.981997908949109,0.0056928789999801666,5.6928789999801666,True
100,sc4,48,IW,0.9888516095235949,0.001108719000058045,1.108719000058045,True
100,sc4,48,Commensurate,0.9594583937690675,1.0679346829999758,1067.9346829999758,True
100,sc4,48,NPE,1.3438599109649658,0.013118190999989565,13.118190999989565,True
100,sc4,49,PSPower,0.9884739844146399,0.005890546000046015,5.890546000046015,True
100,sc4,49,IW,1.053435849535647,0.001009344999943096,1.009344999943096,True
100,sc4,49,Commensurate,0.9612662890615843,1.0611464520000027,1061.1464520000027,True
100,sc4,49,NPE,1.0987443923950195,0.013722433999987516,13.722433999987516,True
100,sc5,0,PSPower,2.077264910470569,0.00553203099991606,5.53203099991606,True
100,sc5,0,IW,1.808118048733134,0.0011397170000009282,1.1397170000009282,True
100,sc5,0,Commensurate,2.085530007201206,1.1033160400000952,1103.3160400000952,True
100,sc5,0,NPE,1.0353257656097412,0.0158398370000441,15.8398370000441,True
100,sc5,1,PSPower,1.987349869144406,0.005634960000065803,5.634960000065803,True
100,sc5,1,IW,1.6643419377855928,0.0010680410000531992,1.0680410000531992,True
100,sc5,1,Commensurate,1.9161731028965645,1.1131936049999922,1113.1936049999922,True
100,sc5,1,NPE,1.0279417037963867,0.01395003799996175,13.95003799996175,True
100,sc5,2,PSPower,1.860689392895754,0.005024180999953387,5.024180999953387,True
100,sc5,2,IW,1.5173111259254037,0.0010178230000974509,1.0178230000974509,True
100,sc5,2,Commensurate,1.675368066370681,1.0231615530000226,1023.1615530000226,True
100,sc5,2,NPE,0.8921096324920654,0.0065333830000327,6.5333830000327,True
100,sc5,3,PSPower,1.937443981242393,0.007695737000062763,7.695737000062763,True
100,sc5,3,IW,1.510559164689106,0.001055306000012024,1.055306000012024,True
100,sc5,3,Commensurate,1.5517996373711167,1.033970556999975,1033.970556999975,True
100,sc5,3,NPE,0.8711738586425781,0.010298960999989504,10.298960999989504,True
100,sc5,4,PSPower,1.8258954165842625,0.006093238000062229,6.093238000062229,True
100,sc5,4,IW,1.5954748911254586,0.0009747039999865592,0.9747039999865592,True
100,sc5,4,Commensurate,1.7764520912289936,1.0554818429999386,1055.4818429999386,True
100,sc5,4,NPE,1.2090109586715698,0.011491806000094584,11.491806000094584,True
100,sc5,5,PSPower,2.0129931457345864,0.005149270000060824,5.149270000060824,True
100,sc5,5,IW,1.7836959339553895,0.0009479039999860106,0.9479039999860106,True
100,sc5,5,Commensurate,1.9570815034790972,1.0628064999999651,1062.8064999999651,True
100,sc5,5,NPE,1.2941277027130127,0.011139602000071136,11.139602000071136,True
100,sc5,6,PSPower,1.9804944225081285,0.010548740000103862,10.548740000103862,True
100,sc5,6,IW,1.7209561734496996,0.0010664260000794457,1.0664260000794457,True
100,sc5,6,Commensurate,1.9819904020669281,1.113755437000009,1113.755437000009,True
100,sc5,6,NPE,1.1942564249038696,0.010755723999977818,10.755723999977818,True
100,sc5,7,PSPower,1.9225414283672992,0.005789251999999578,5.789251999999578,True
100,sc5,7,IW,1.5608242688195377,0.0010542679999616666,1.0542679999616666,True
100,sc5,7,Commensurate,1.9114787975650454,1.1088438589999896,1108.8438589999896,True
100,sc5,7,NPE,1.0680339336395264,0.006099100000028557,6.099100000028557,True
100,sc5,8,PSPower,2.0873472786908485,0.0050822970000581336,5.082297000058134,True
100,sc5,8,IW,1.6546164172593443,0.0010376249999808351,1.0376249999808351,True
100,sc5,8,Commensurate,1.8308778361142917,1.0318033910000395,1031.8033910000395,True
100,sc5,8,NPE,1.2631406784057617,0.006246379000003799,6.246379000003799,True
100,sc5,9,PSPower,1.8140374355479063,0.006862414000011086,6.862414000011086,True
100,sc5,9,IW,1.4431201294694218,0.00105608299998039,1.05608299998039,True
100,sc5,9,Commensurate,1.6479925005411142,1.0612700040001073,1061.2700040001073,True
100,sc5,9,NPE,0.8385946750640869,0.009630964999928437,9.630964999928437,True
100,sc5,10,PSPower,1.8779888821026411,0.005539576000046509,5.539576000046509,True
100,sc5,10,IW,1.5334164925609515,0.0009576599999263635,0.9576599999263635,True
100,sc5,10,Commensurate,1.9318248523210504,1.1005633849999867,1100.5633849999867,True
100,sc5,10,NPE,1.0415865182876587,0.009574349999979859,9.574349999979859,True
100,sc5,11,PSPower,2.0036069882431966,0.007210606999933589,7.210606999933589,True
100,sc5,11,IW,1.6497689857928561,0.001002900999992562,1.002900999992562,True
100,sc5,11,Commensurate,1.6403639680019484,1.117749735000075,1117.749735000075,True
100,sc5,11,NPE,1.3798105716705322,0.007927334999976665,7.927334999976665,True
100,sc5,12,PSPower,1.8155080963286274,0.0054073879999805285,5.4073879999805285,True
100,sc5,12,IW,1.5036325112204814,0.0009627399999772024,0.9627399999772024,True
100,sc5,12,Commensurate,1.7191323598550448,1.0734075130000065,1073.4075130000065,True
100,sc5,12,NPE,1.3099560737609863,0.009142248000102882,9.142248000102882,True
100,sc5,13,PSPower,2.107867763791916,0.007945643000084601,7.945643000084601,True
100,sc5,13,IW,1.8200409763321665,0.0010436879999815574,1.0436879999815574,True
100,sc5,13,Commensurate,2.0878303855689757,1.0961160539999355,1096.1160539999355,True
100,sc5,13,NPE,1.1626455783843994,0.010179676999996445,10.179676999996445,True
100,sc5,14,PSPower,1.9014456202981551,0.005543102000046929,5.543102000046929,True
100,sc5,14,IW,1.538904207902089,0.0010101930000701032,1.0101930000701032,True
100,sc5,14,Commensurate,1.630831501213395,1.0736413370000264,1073.6413370000264,True
100,sc5,14,NPE,1.0905991792678833,0.009786074999965422,9.786074999965422,True
100,sc5,15,PSPower,2.0009918791737644,0.006258332000015798,6.258332000015798,True
100,sc5,15,IW,1.7017538989406875,0.0010117350000200531,1.0117350000200531,True
100,sc5,15,Commensurate,1.8758221448590808,1.0609266129999924,1060.9266129999924,True
100,sc5,15,NPE,1.1362085342407227,0.009695025000041824,9.695025000041824,True
100,sc5,16,PSPower,2.0503864288720983,0.00484090500003731,4.84090500003731,True
100,sc5,16,IW,1.7788979776167866,0.0011155820000112726,1.1155820000112726,True
100,sc5,16,Commensurate,2.06620560612051,1.0586858899999925,1058.6858899999925,True
100,sc5,16,NPE,1.0657455921173096,0.009447005999959401,9.447005999959401,True
100,sc5,17,PSPower,1.7539337904613854,0.004878555999994205,4.878555999994205,True
100,sc5,17,IW,1.5235189450025475,0.0009509420000313185,0.9509420000313185,True
100,sc5,17,Commensurate,1.6392522644722727,1.0697362480000265,1069.7362480000265,True
100,sc5,17,NPE,1.1369396448135376,0.010454522999907567,10.454522999907567,True
100,sc5,18,PSPower,1.8218242197996541,0.0061751949999688804,6.17519499996888,True
100,sc5,18,IW,1.4955957540279818,0.0010579839999991236,1.0579839999991236,True
100,sc5,18,Commensurate,1.7743480936335327,1.0368987979999247,1036.8987979999247,True
100,sc5,18,NPE,1.2889635562896729,0.012962663000052999,12.962663000052999,True
100,sc5,19,PSPower,1.9237683841271254,0.005472153000027902,5.472153000027902,True
100,sc5,19,IW,1.5663525049668423,0.0009645049999562616,0.9645049999562616,True
100,sc5,19,Commensurate,1.8246414394239046,1.0402747709999858,1040.2747709999858,True
100,sc5,19,NPE,1.076583981513977,0.012352947000067616,12.352947000067616,True
100,sc5,20,PSPower,1.771458023071836,0.010625419000007241,10.625419000007241,True
100,sc5,20,IW,1.4705972038750466,0.0009583490000295569,0.9583490000295569,True
100,sc5,20,Commensurate,1.701266846944035,1.0322974859999476,1032.2974859999476,True
100,sc5,20,NPE,0.9920505285263062,0.009374156000035327,9.374156000035327,True
100,sc5,21,PSPower,2.046054492475177,0.004972681000026569,4.972681000026569,True
100,sc5,21,IW,1.7953926012744168,0.0009753959999443396,0.9753959999443396,True
100,sc5,21,Commensurate,1.8825210224132811,1.0933318359999475,1093.3318359999475,True
100,sc5,21,NPE,1.027422547340393,0.012512229999970259,12.512229999970259,True
100,sc5,22,PSPower,1.8364175126580777,0.004673023999998804,4.673023999998804,True
100,sc5,22,IW,1.541991394734824,0.0010536809999166508,1.0536809999166508,True
100,sc5,22,Commensurate,1.869051446188933,1.1295294899999817,1129.5294899999817,True
100,sc5,22,NPE,1.081925868988037,0.006583356999954049,6.583356999954049,True
100,sc5,23,PSPower,2.038752172567407,0.007276708999938819,7.276708999938819,True
100,sc5,23,IW,1.8162388807225216,0.0009606739999981073,0.9606739999981073,True
100,sc5,23,Commensurate,2.0202829956281434,1.0401316769999767,1040.1316769999767,True
100,sc5,23,NPE,1.3976564407348633,0.012929263999922114,12.929263999922114,True
100,sc5,24,PSPower,1.914610623852069,0.004972918000021309,4.972918000021309,True
100,sc5,24,IW,1.7034388944729042,0.0009552120000080322,0.9552120000080322,True
100,sc5,24,Commensurate,1.8592915174050435,1.0610212299999375,1061.0212299999375,True
100,sc5,24,NPE,0.946914553642273,0.00902264399996966,9.02264399996966,True
100,sc5,25,PSPower,1.9805370024748725,0.004789170999970338,4.789170999970338,True
100,sc5,25,IW,1.7500314357094842,0.0009707629999411438,0.9707629999411438,True
100,sc5,25,Commensurate,1.7756171183155034,1.0742218079999475,1074.2218079999475,True
100,sc5,25,NPE,1.2134755849838257,0.00596058799999355,5.96058799999355,True
100,sc5,26,PSPower,1.943980598978694,0.009018170999979702,9.018170999979702,True
100,sc5,26,IW,1.6343293423853198,0.0010349419999329257,1.0349419999329257,True
100,sc5,26,Commensurate,1.715324406549019,1.063428445999989,1063.428445999989,True
100,sc5,26,NPE,1.111301302909851,0.01260915400007434,12.60915400007434,True
100,sc5,27,PSPower,2.060990245962609,0.005353131999981997,5.353131999981997,True
100,sc5,27,IW,1.9026725253155647,0.0009496169999465565,0.9496169999465565,True
100,sc5,27,Commensurate,2.0039459831029705,1.1003043900000193,1100.3043900000193,True
100,sc5,27,NPE,1.232666254043579,0.011392205999982252,11.392205999982252,True
100,sc5,28,PSPower,1.9324136821802749,0.014224770999931025,14.224770999931025,True
100,sc5,28,IW,1.6541596750642478,0.0011106299999710245,1.1106299999710245,True
100,sc5,28,Commensurate,1.9122191857404192,1.0540296509999507,1054.0296509999507,True
100,sc5,28,NPE,1.0843687057495117,0.01263163099997655,12.63163099997655,True
100,sc5,29,PSPower,2.0486809032988957,0.005350391999968451,5.350391999968451,True
100,sc5,29,IW,1.7090938653159684,0.0010820589999411823,1.0820589999411823,True
100,sc5,29,Commensurate,2.0470443514537515,1.0641699529999187,1064.1699529999187,True
100,sc5,29,NPE,0.949950098991394,0.007218402999910722,7.218402999910722,True
100,sc5,30,PSPower,1.821869204507918,0.006281124999986787,6.281124999986787,True
100,sc5,30,IW,1.5226464006147111,0.0010519129999693178,1.0519129999693178,True
100,sc5,30,Commensurate,1.7546731588887068,1.0367819609999742,1036.7819609999742,True
100,sc5,30,NPE,1.0768218040466309,0.006887329000051068,6.887329000051068,True
100,sc5,31,PSPower,1.9996615078154696,0.005394518999992215,5.394518999992215,True
100,sc5,31,IW,1.6590925849341718,0.0010868499999787673,1.0868499999787673,True
100,sc5,31,Commensurate,1.7634935795408764,1.0397963550000213,1039.7963550000213,True
100,sc5,31,NPE,1.3109592199325562,0.009582510000086586,9.582510000086586,True
100,sc5,32,PSPower,2.0232358030467656,0.005258678000018335,5.258678000018335,True
100,sc5,32,IW,1.7009588940913118,0.0009846780000088984,0.9846780000088984,True
100,sc5,32,Commensurate,2.0333955349776414,1.0785745819999875,1078.5745819999875,True
100,sc5,32,NPE,1.2140334844589233,0.014681082999913997,14.681082999913997,True
100,sc5,33,PSPower,2.0324372176574372,0.005991517000097701,5.991517000097701,True
100,sc5,33,IW,1.6856591255647058,0.001059844999986126,1.059844999986126,True
100,sc5,33,Commensurate,1.8479860463636149,1.0909505590000208,1090.9505590000208,True
100,sc5,33,NPE,1.109052062034607,0.007567691999952331,7.567691999952331,True
100,sc5,34,PSPower,1.9859866178587329,0.005228139999985615,5.228139999985615,True
100,sc5,34,IW,1.7226578625783824,0.0010339770000200588,1.0339770000200588,True
100,sc5,34,Commensurate,1.9283052536858578,1.058804175999967,1058.804175999967,True
100,sc5,34,NPE,1.2394201755523682,0.010610787000018718,10.610787000018718,True
100,sc5,35,PSPower,1.8823729598401209,0.006065423000109149,6.065423000109149,True
100,sc5,35,IW,1.6356550084962758,0.001025774999902751,1.025774999902751,True
100,sc5,35,Commensurate,1.741811724674558,1.0697241149999854,1069.7241149999854,True
100,sc5,35,NPE,0.9822973012924194,0.013092590999917775,13.092590999917775,True
100,sc5,36,PSPower,2.0176614057102724,0.005147384999986571,5.147384999986571,True
100,sc5,36,IW,1.7477392360633348,0.001021016999970925,1.021016999970925,True
100,sc5,36,Commensurate,1.81352743296166,1.0610044500000413,1061.0044500000413,True
100,sc5,36,NPE,1.1758829355239868,0.006487676999995529,6.487676999995529,True
100,sc5,37,PSPower,1.905289946036513,0.00631367500000124,6.31367500000124,True
100,sc5,37,IW,1.6379809575985471,0.0011769349999894985,1.1769349999894985,True
100,sc5,37,Commensurate,1.8634259088747476,1.0765761359999715,1076.5761359999715,True
100,sc5,37,NPE,1.051716685295105,0.010121413999968354,10.121413999968354,True
100,sc5,38,PSPower,1.9091798420346864,0.005952736999915942,5.952736999915942,True
100,sc5,38,IW,1.5833134178186483,0.0011095400000158406,1.1095400000158406,True
100,sc5,38,Commensurate,1.8547139083903381,1.0699075889999676,1069.9075889999676,True
100,sc5,38,NPE,1.0989984273910522,0.007094010999935563,7.094010999935563,True
100,sc5,39,PSPower,2.076418516835221,0.006997488000024532,6.997488000024532,True
100,sc5,39,IW,1.8492823812164547,0.0010854780000499886,1.0854780000499886,True
100,sc5,39,Commensurate,1.9148986093228395,1.064054646000045,1064.054646000045,True
100,sc5,39,NPE,1.4820373058319092,0.014786781999987397,14.786781999987397,True
100,sc5,40,PSPower,1.8609565758628637,0.006693249000022661,6.693249000022661,True
100,sc5,40,IW,1.5230018289425404,0.0011004460000094696,1.1004460000094696,True
100,sc5,40,Commensurate,1.7310614158647122,1.069633447000001,1069.633447000001,True
100,sc5,40,NPE,0.8582168817520142,0.01096295199999986,10.96295199999986,True
100,sc5,41,PSPower,2.028797310635862,0.0056683190000512695,5.6683190000512695,True
100,sc5,41,IW,1.7458755320392954,0.0010206779999180071,1.0206779999180071,True
100,sc5,41,Commensurate,2.0850220591123745,1.055321561000028,1055.321561000028,True
100,sc5,41,NPE,1.3456645011901855,0.010699599000076887,10.699599000076887,True
100,sc5,42,PSPower,2.0397864322530226,0.00547894900000756,5.47894900000756,True
100,sc5,42,IW,1.6648145293973275,0.0010031939999635142,1.0031939999635142,True
100,sc5,42,Commensurate,2.041635544778837,1.0978164549999292,1097.8164549999292,True
100,sc5,42,NPE,1.0064836740493774,0.009590580999997655,9.590580999997655,True
100,sc5,43,PSPower,1.789689104904228,0.007247406000033152,7.247406000033152,True
100,sc5,43,IW,1.357722003002655,0.0011061879999942903,1.1061879999942903,True
100,sc5,43,Commensurate,1.3548191271534333,1.1377621399999498,1137.7621399999498,True
100,sc5,43,NPE,0.8925652503967285,0.011965755000005629,11.965755000005629,True
100,sc5,44,PSPower,1.9695903883146675,0.0058208010000271315,5.8208010000271315,True
100,sc5,44,IW,1.7494500582123456,0.0010880209999868384,1.0880209999868384,True
100,sc5,44,Commensurate,1.9640533816902257,1.0504719619999605,1050.4719619999605,True
100,sc5,44,NPE,1.3260480165481567,0.007090102999995906,7.090102999995906,True
100,sc5,45,PSPower,2.100004943185475,0.006327468999984376,6.327468999984376,True
100,sc5,45,IW,1.8412247754630056,0.001016961999994237,1.016961999994237,True
100,sc5,45,Commensurate,1.9967013657107417,1.0593639559999701,1059.3639559999701,True
100,sc5,45,NPE,1.0700684785842896,0.010401821000073141,10.401821000073141,True
100,sc5,46,PSPower,1.9875833237549931,0.005587913999988814,5.587913999988814,True
100,sc5,46,IW,1.6851180234205647,0.0009753939999654904,0.9753939999654904,True
100,sc5,46,Commensurate,2.0018154159667265,1.0451227820000213,1045.1227820000213,True
100,sc5,46,NPE,1.0240670442581177,0.010089431999972476,10.089431999972476,True
100,sc5,47,PSPower,2.1656342794504493,0.009233826000013323,9.233826000013323,True
100,sc5,47,IW,1.989511044903651,0.0010082439999905546,1.0082439999905546,True
100,sc5,47,Commensurate,2.1366724730615223,1.0693407730000217,1069.3407730000217,True
100,sc5,47,NPE,1.2207051515579224,0.01337714400006007,13.37714400006007,True
100,sc5,48,PSPower,1.862991788346447,0.005665104999934556,5.665104999934556,True
100,sc5,48,IW,1.5375232838381248,0.001111470999944686,1.111470999944686,True
100,sc5,48,Commensurate,1.9397644380566053,1.0939802829999508,1093.9802829999508,True
100,sc5,48,NPE,1.2494522333145142,0.007193398000026718,7.193398000026718,True
100,sc5,49,PSPower,1.937976495584705,0.005601099000045906,5.601099000045906,True
100,sc5,49,IW,1.5962782746393864,0.0010885190000635703,1.0885190000635703,True
100,sc5,49,Commensurate,1.7429324210767663,1.0496626489999699,1049.6626489999699,True
100,sc5,49,NPE,1.1112840175628662,0.010315882999975656,10.315882999975656,True
100,sc6,0,PSPower,1.3460280572697303,0.006109300999924017,6.109300999924017,True
100,sc6,0,IW,1.1307618803347472,0.0010333860000173445,1.0333860000173445,True
100,sc6,0,Commensurate,1.339632268995046,1.0588690469999165,1058.8690469999165,True
100,sc6,0,NPE,1.1321073770523071,0.011035969999966255,11.035969999966255,True
100,sc6,1,PSPower,1.3825665202694524,0.006123723000087011,6.123723000087011,True
100,sc6,1,IW,1.1065093801801351,0.0010693269999819677,1.0693269999819677,True
100,sc6,1,Commensurate,1.1843885608891815,1.0578268279999747,1057.8268279999747,True
100,sc6,1,NPE,1.0084196329116821,0.009986582000010458,9.986582000010458,True
100,sc6,2,PSPower,1.1687310468779821,0.0071516550000296775,7.1516550000296775,True
100,sc6,2,IW,0.9421627914138373,0.001131434000058107,1.131434000058107,True
100,sc6,2,Commensurate,1.0939364596090777,1.045006654999952,1045.006654999952,True
100,sc6,2,NPE,0.8206751346588135,0.010520515999928648,10.520515999928648,True
100,sc6,3,PSPower,0.9977869156379071,0.006082495999976345,6.082495999976345,True
100,sc6,3,IW,0.8438434397939985,0.0010195300000077623,1.0195300000077623,True
100,sc6,3,Commensurate,0.8666491758686465,1.1062286119999953,1106.2286119999953,True
100,sc6,3,NPE,0.781317949295044,0.014548694000040996,14.548694000040996,True
100,sc6,4,PSPower,1.464161728984022,0.01421505200005413,14.21505200005413,True
100,sc6,4,IW,1.2097073241961291,0.0010850859999891327,1.0850859999891327,True
100,sc6,4,Commensurate,1.3416442016156134,1.1394250759999522,1139.4250759999522,True
100,sc6,4,NPE,0.8673731088638306,0.014053028000034828,14.053028000034828,True
100,sc6,5,PSPower,1.0966404685812436,0.0062846470000295085,6.2846470000295085,True
100,sc6,5,IW,0.8162610456415388,0.0010183260000076189,1.0183260000076189,True
100,sc6,5,Commensurate,1.0765697508237704,1.0664648370000123,1066.4648370000123,True
100,sc6,5,NPE,0.9881901741027832,0.013361088000010568,13.361088000010568,True
100,sc6,6,PSPower,1.2131686815232121,0.005905580999979065,5.905580999979065,True
100,sc6,6,IW,0.9738861338482119,0.0010814229999596137,1.0814229999596137,True
100,sc6,6,Commensurate,1.0590014632821658,1.0534072530000458,1053.4072530000458,True
100,sc6,6,NPE,1.0440322160720825,0.01332829499995114,13.32829499995114,True
100,sc6,7,PSPower,1.3175065007114293,0.005705215000034514,5.705215000034514,True
100,sc6,7,IW,1.015393154750833,0.0010793850000254679,1.0793850000254679,True
100,sc6,7,Commensurate,1.206164189581705,1.0790097839999362,1079.0097839999362,True
100,sc6,7,NPE,1.006003975868225,0.016029559000003246,16.029559000003246,True
100,sc6,8,PSPower,1.4984232431012123,0.005488827000021956,5.488827000021956,True
100,sc6,8,IW,1.2519699506308863,0.0010832829999571914,1.0832829999571914,True
100,sc6,8,Commensurate,1.3318569613764968,1.0925699900000154,1092.5699900000154,True
100,sc6,8,NPE,1.0964385271072388,0.014907623999988573,14.907623999988573,True
100,sc6,9,PSPower,1.261485542029901,0.014583484000013414,14.583484000013414,True
100,sc6,9,IW,0.9575403545106453,0.0010220980000212876,1.0220980000212876,True
100,sc6,9,Commensurate,1.0599934544991967,1.0731229350000149,1073.1229350000149,True
100,sc6,9,NPE,0.896625280380249,0.013909424999951625,13.909424999951625,True
100,sc6,10,PSPower,1.1099785982037442,0.006042066000077284,6.042066000077284,True
100,sc6,10,IW,0.8731923783260985,0.0010234469999659268,1.0234469999659268,True
100,sc6,10,Commensurate,1.0374116423687318,1.0552236080000057,1055.2236080000057,True
100,sc6,10,NPE,0.9188473224639893,0.01661425700001473,16.61425700001473,True
100,sc6,11,PSPower,1.0933683405937096,0.012151771000048939,12.151771000048939,True
100,sc6,11,IW,0.933308600201161,0.0010379329999068432,1.0379329999068432,True
100,sc6,11,Commensurate,0.9355889269044076,1.0485848609999948,1048.5848609999948,True
100,sc6,11,NPE,0.8906234502792358,0.013927532000025167,13.927532000025167,True
100,sc6,12,PSPower,1.397857226590856,0.005659282999999959,5.659282999999959,True
100,sc6,12,IW,1.1930158970140856,0.0010403859999996712,1.0403859999996712,True
100,sc6,12,Commensurate,1.2943006842656921,1.065787293000085,1065.787293000085,True
100,sc6,12,NPE,0.963650107383728,0.013524667000069712,13.524667000069712,True
100,sc6,13,PSPower,1.339312751915776,0.009816670000077465,9.816670000077465,True
100,sc6,13,IW,1.1635513842517402,0.0010858249999046166,1.0858249999046166,True
100,sc6,13,Commensurate,1.1637833832772575,1.0852162799999405,1085.2162799999405,True
100,sc6,13,NPE,1.1939573287963867,0.010706401999982518,10.706401999982518,True
100,sc6,14,PSPower,1.3677438981341632,0.005546296999909828,5.546296999909828,True
100,sc6,14,IW,1.0813432722065244,0.0010216440000476723,1.0216440000476723,True
100,sc6,14,Commensurate,1.295439121508416,1.113066625999977,1113.066625999977,True
100,sc6,14,NPE,0.9743471145629883,0.011648285999967811,11.648285999967811,True
100,sc6,15,PSPower,1.0979263639420258,0.007928039999910652,7.928039999910652,True
100,sc6,15,IW,0.8257869321862644,0.0010188249999600885,1.0188249999600885,True
100,sc6,15,Commensurate,0.9740713662598788,1.101976522999962,1101.976522999962,True
100,sc6,15,NPE,0.8340094089508057,0.013752858999964701,13.752858999964701,True
100,sc6,16,PSPower,1.4218897390300778,0.005891010000027563,5.891010000027563,True
100,sc6,16,IW,1.241040405330569,0.0010770510000384093,1.0770510000384093,True
100,sc6,16,Commensurate,1.356859608692957,1.0611610059999066,1061.1610059999066,True
100,sc6,16,NPE,1.1615962982177734,0.010576598000056947,10.576598000056947,True
100,sc6,17,PSPower,1.333683551833568,0.00929750900002091,9.29750900002091,True
100,sc6,17,IW,0.9800741246314288,0.0010544709999749102,1.0544709999749102,True
100,sc6,17,Commensurate,0.9287170709170921,1.0507643380000218,1050.7643380000218,True
100,sc6,17,NPE,1.075419306755066,0.013780028999917704,13.780028999917704,True
100,sc6,18,PSPower,1.398061438728044,0.01234498300004816,12.34498300004816,True
100,sc6,18,IW,1.1275894794480914,0.0010667249999869455,1.0667249999869455,True
100,sc6,18,Commensurate,1.2502924858561781,1.1372029010000233,1137.2029010000233,True
100,sc6,18,NPE,1.0303010940551758,0.011209728000039831,11.209728000039831,True
100,sc6,19,PSPower,1.310775776552535,0.0059889890000022206,5.988989000002221,True
100,sc6,19,IW,1.125968844703796,0.0011022500000308355,1.1022500000308355,True
100,sc6,19,Commensurate,1.1701671878250937,1.1067692510000597,1106.7692510000597,True
100,sc6,19,NPE,1.2612539529800415,0.01779072899989842,17.79072899989842,True
100,sc6,20,PSPower,1.2934692686445637,0.011011224999947444,11.011224999947444,True
100,sc6,20,IW,1.0822344556177217,0.0011841360000062195,1.1841360000062195,True
100,sc6,20,Commensurate,1.274924640209082,1.0682106909999902,1068.2106909999902,True
100,sc6,20,NPE,1.0587387084960938,0.013611437999998088,13.611437999998088,True
100,sc6,21,PSPower,1.3928581313072472,0.006130551999945055,6.130551999945055,True
100,sc6,21,IW,1.1354508977968352,0.0010928289999583285,1.0928289999583285,True
100,sc6,21,Commensurate,1.2787327755748783,1.0462433330000067,1046.2433330000067,True
100,sc6,21,NPE,1.0560543537139893,0.010300739000058456,10.300739000058456,True
100,sc6,22,PSPower,1.5505859153000368,0.011385648999976183,11.385648999976183,True
100,sc6,22,IW,1.2533765378257722,0.0010660039999947912,1.0660039999947912,True
100,sc6,22,Commensurate,1.3470690904460592,1.0798453500000278,1079.8453500000278,True
100,sc6,22,NPE,1.264098882675171,0.01077744300005179,10.77744300005179,True
100,sc6,23,PSPower,1.1239148084026707,0.006937660000062351,6.937660000062351,True
100,sc6,23,IW,0.8806444657299957,0.0010923629999979312,1.0923629999979312,True
100,sc6,23,Commensurate,1.0380177352540245,1.1267446790000122,1126.7446790000122,True
100,sc6,23,NPE,0.994945764541626,0.010769412000058765,10.769412000058765,True
100,sc6,24,PSPower,1.4260363109458845,0.006118180000044049,6.118180000044049,True
100,sc6,24,IW,1.1862219863768408,0.0011447239999142766,1.1447239999142766,True
100,sc6,24,Commensurate,1.3965569185660716,1.1053822669999818,1105.3822669999818,True
100,sc6,24,NPE,0.9446250200271606,0.01427773500006424,14.27773500006424,True
100,sc6,25,PSPower,1.420790342133241,0.008654820000060681,8.654820000060681,True
100,sc6,25,IW,1.1874291241244874,0.0010896679999632397,1.0896679999632397,True
100,sc6,25,Commensurate,1.373776944149099,1.0899287390000154,1089.9287390000154,True
100,sc6,25,NPE,1.0693411827087402,0.01717048899990914,17.17048899990914,True
100,sc6,26,PSPower,1.3661971084675582,0.01220889800003988,12.20889800003988,True
100,sc6,26,IW,1.0847256858366026,0.0010136049999118768,1.0136049999118768,True
100,sc6,26,Commensurate,1.167168293328511,1.0357164870000588,1035.7164870000588,True
100,sc6,26,NPE,1.0336672067642212,0.013985057000013512,13.985057000013512,True
100,sc6,27,PSPower,0.954329791236421,0.006267182999977194,6.267182999977194,True
100,sc6,27,IW,0.7340310091435622,0.0010676960000637337,1.0676960000637337,True
100,sc6,27,Commensurate,0.9889101475229852,1.0628027739999197,1062.8027739999197,True
100,sc6,27,NPE,0.8482362031936646,0.013840586999890547,13.840586999890547,True
100,sc6,28,PSPower,1.1897394799166812,0.011889019000022927,11.889019000022927,True
100,sc6,28,IW,0.9077065132555117,0.0010723179999558852,1.0723179999558852,True
100,sc6,28,Commensurate,1.0666549789879518,1.081725712999969,1081.725712999969,True
100,sc6,28,NPE,0.8735024929046631,0.013934312999936083,13.934312999936083,True
100,sc6,29,PSPower,1.3495364189741654,0.006377602000043225,6.377602000043225,True
100,sc6,29,IW,1.143228409497589,0.001083714000060354,1.083714000060354,True
100,sc6,29,Commensurate,1.2284212151002936,1.1048683620000475,1104.8683620000475,True
100,sc6,29,NPE,1.4725947380065918,0.01259487300001183,12.59487300001183,True
100,sc6,30,PSPower,1.6008314320920245,0.015373413000020264,15.373413000020264,True
100,sc6,30,IW,1.3483432543038194,0.0010825329999306632,1.0825329999306632,True
100,sc6,30,Commensurate,1.3239051277195926,1.0603525960000297,1060.3525960000297,True
100,sc6,30,NPE,1.3163899183273315,0.012064501000054406,12.064501000054406,True
100,sc6,31,PSPower,1.0896610477483715,0.004851207999990947,4.851207999990947,True
100,sc6,31,IW,0.8955884029468496,0.0009517889999415274,0.9517889999415274,True
100,sc6,31,Commensurate,1.0033741031356536,1.0346164210000097,1034.6164210000097,True
100,sc6,31,NPE,1.2093321084976196,0.012644003999980669,12.644003999980669,True
100,sc6,32,PSPower,1.264744291953496,0.00503660200001832,5.03660200001832,True
100,sc6,32,IW,0.9413952030349966,0.0009809949999635137,0.9809949999635137,True
100,sc6,32,Commensurate,0.9915722936504021,1.0215319080000427,1021.5319080000427,True
100,sc6,32,NPE,0.8060994148254395,0.012504411000008986,12.504411000008986,True
100,sc6,33,PSPower,1.4707071801283096,0.014124557000059212,14.124557000059212,True
100,sc6,33,IW,1.2145867310141751,0.0009530280000262792,0.9530280000262792,True
100,sc6,33,Commensurate,1.3851184924688413,1.063246076999917,1063.246076999917,True
100,sc6,33,NPE,1.1950678825378418,0.024448429000017313,24.448429000017313,True
100,sc6,34,PSPower,1.4715157253229736,0.02901899300002242,29.01899300002242,True
100,sc6,34,IW,1.1849871294447494,0.004863630000045305,4.863630000045305,True
100,sc6,34,Commensurate,1.3727805051770139,1.0613416659999757,1061.3416659999757,True
100,sc6,34,NPE,0.8186079263687134,0.012617798999940533,12.617798999940533,True
100,sc6,35,PSPower,1.2093104290509609,0.013689632000023266,13.689632000023266,True
100,sc6,35,IW,1.0358111644559038,0.003962928999953874,3.962928999953874,True
100,sc6,35,Commensurate,1.0929436342338443,1.1142064590000018,1114.2064590000018,True
100,sc6,35,NPE,1.0408155918121338,0.017606523999916135,17.606523999916135,True
100,sc6,36,PSPower,1.3675956616985323,0.026446645000078206,26.446645000078206,True
100,sc6,36,IW,1.152200943938955,0.0011785880000161342,1.1785880000161342,True
100,sc6,36,Commensurate,1.4048691973750338,1.0562123500000098,1056.2123500000098,True
100,sc6,36,NPE,1.077707290649414,0.015977315000100134,15.977315000100134,True
100,sc6,37,PSPower,1.2242799120666552,0.0094239690000677,9.4239690000677,True
100,sc6,37,IW,0.9108812527188533,0.001036018999911903,1.036018999911903,True
100,sc6,37,Commensurate,1.0408138833201952,1.0536272949999557,1053.6272949999557,True
100,sc6,37,NPE,0.9679569005966187,0.013706461999959174,13.706461999959174,True
100,sc6,38,PSPower,1.6288511917448092,0.0058102540000390945,5.8102540000390945,True
100,sc6,38,IW,1.305910770270004,0.001154326999994737,1.154326999994737,True
100,sc6,38,Commensurate,1.4192360949668033,1.0912829640000155,1091.2829640000155,True
100,sc6,38,NPE,1.0897027254104614,0.013543111999979374,13.543111999979374,True
100,sc6,39,PSPower,1.5367959029029359,0.005935718999921846,5.935718999921846,True
100,sc6,39,IW,1.215936342044921,0.001106823999975859,1.106823999975859,True
100,sc6,39,Commensurate,1.4500008301593756,1.1069258229999832,1106.9258229999832,True
100,sc6,39,NPE,1.2071666717529297,0.013825315999952181,13.825315999952181,True
100,sc6,40,PSPower,1.520034256844993,0.005657407999933639,5.657407999933639,True
100,sc6,40,IW,1.3083939856885058,0.0010523400000010952,1.0523400000010952,True
100,sc6,40,Commensurate,1.5060979934538041,1.0821150379999835,1082.1150379999835,True
100,sc6,40,NPE,1.3919451236724854,0.013069038000026012,13.069038000026012,True
100,sc6,41,PSPower,1.4255578395982573,0.0071522289999848,7.1522289999848,True
100,sc6,41,IW,1.2334676764751846,0.0009473320000097374,0.9473320000097374,True
100,sc6,41,Commensurate,1.2713000245233792,1.0635806880000018,1063.5806880000018,True
100,sc6,41,NPE,1.1379982233047485,0.02535130000001118,25.35130000001118,True
100,sc6,42,PSPower,1.5318671180144323,0.005608972000004542,5.608972000004542,True
100,sc6,42,IW,1.1717812061829247,0.0011819009999953778,1.1819009999953778,True
100,sc6,42,Commensurate,1.4602586647730067,1.0350415310000471,1035.0415310000471,True
100,sc6,42,NPE,1.2100950479507446,0.014025765000042156,14.025765000042156,True
100,sc6,43,PSPower,1.273992115973429,0.00896749500009264,8.96749500009264,True
100,sc6,43,IW,1.0077237644416945,0.0010904509999818401,1.0904509999818401,True
100,sc6,43,Commensurate,1.2110028515069375,1.056812730000047,1056.812730000047,True
100,sc6,43,NPE,1.1705689430236816,0.011799685000028148,11.799685000028148,True
100,sc6,44,PSPower,1.5067425610743128,0.005918536999956814,5.918536999956814,True
100,sc6,44,IW,1.2327746201438314,0.001084525000010217,1.084525000010217,True
100,sc6,44,Commensurate,1.2655101888052782,1.0489902260000008,1048.9902260000008,True
100,sc6,44,NPE,1.347360610961914,0.013832328000034977,13.832328000034977,True
100,sc6,45,PSPower,1.0932741636111185,0.011011178999979165,11.011178999979165,True
100,sc6,45,IW,0.8569689149069086,0.0009914709999065963,0.9914709999065963,True
100,sc6,45,Commensurate,0.9675335255860289,1.1241128619999472,1124.1128619999472,True
100,sc6,45,NPE,0.8803391456604004,0.010735694999993939,10.735694999993939,True
100,sc6,46,PSPower,1.4578657074422026,0.0121959869999273,12.1959869999273,True
100,sc6,46,IW,1.2410621076494524,0.001015918000007332,1.015918000007332,True
100,sc6,46,Commensurate,1.4077410753771813,1.1151842259999967,1115.1842259999967,True
100,sc6,46,NPE,1.0311436653137207,0.0133555019999676,13.3555019999676,True
100,sc6,47,PSPower,1.23982332633402,0.006359468999903584,6.359468999903584,True
100,sc6,47,IW,0.9698252517972628,0.0010145210000018778,1.0145210000018778,True
100,sc6,47,Commensurate,1.2109774040623091,1.0788829240000268,1078.8829240000268,True
100,sc6,47,NPE,1.0509991645812988,0.010614910999947824,10.614910999947824,True
100,sc6,48,PSPower,1.1683864566805808,0.006203481999932592,6.203481999932592,True
100,sc6,48,IW,0.9908231191452779,0.0011050620000787603,1.1050620000787603,True
100,sc6,48,Commensurate,1.2280515210838312,1.073494668999956,1073.494668999956,True
100,sc6,48,NPE,0.967841625213623,0.007122333999973307,7.122333999973307,True
100,sc6,49,PSPower,1.3429263202763857,0.010100953000005575,10.100953000005575,True
100,sc6,49,IW,1.0572937094202406,0.001088361000029181,1.088361000029181,True
100,sc6,49,Commensurate,1.2346654144126643,1.0957048259999738,1095.7048259999738,True
100,sc6,49,NPE,0.9956239461898804,0.00788654099994801,7.886540999948011,True
