Nc,scenario,rep,method,theta_hat,ci_low,ci_high,theta_true
50,sc1,0,PSPower,1.1403154836986618,0.9388168853748304,1.341814082022493,1.0
50,sc1,0,IW,1.138197225750629,0.8797617847862536,1.3966326667150044,1.0
50,sc1,0,Commensurate,1.1241683794003416,0.9257855660919723,1.3205677948615673,1.0
50,sc1,0,NPE,1.2886533737182617,0.6250377103589138,1.9344319227312254,1.0
50,sc1,1,PSPower,0.7844558942873686,0.5643166410051459,1.0045951475695913,1.0
50,sc1,1,IW,0.8865342751375583,0.5808659531745172,1.1922025971005996,1.0
50,sc1,1,Commensurate,0.811622575661097,0.5996326264161455,1.017058858836885,1.0
50,sc1,1,NPE,1.3072954416275024,0.6216190601544154,1.9888192392303667,1.0
50,sc1,2,PSPower,0.9623488183323347,0.723110155297576,1.2015874813670933,1.0
50,sc1,2,IW,1.024840476987789,0.7160250353047499,1.3336559186708281,1.0
50,sc1,2,Commensurate,0.9974025278466184,0.7850312884458407,1.2125037194085166,1.0
50,sc1,2,NPE,1.4534319639205933,0.8288005305481239,2.0698169003477225,1.0
50,sc1,3,PSPower,1.129736346671063,0.9349690100971971,1.324503683244929,1.0
50,sc1,3,IW,1.1680394725003478,0.9068823262567736,1.429196618743922,1.0
50,sc1,3,Commensurate,1.1210164738248118,0.909702926115013,1.3285490345055302,1.0
50,sc1,3,NPE,1.411058783531189,0.7401177815005493,2.084920717691684,1.0
50,sc1,4,PSPower,1.2182707248354492,0.9942512814653688,1.4422901682055296,1.0
50,sc1,4,IW,1.159250384084416,0.8649050672118723,1.4535957009569596,1.0
50,sc1,4,Commensurate,1.2326847266159306,1.0187014898512754,1.44558804998694,1.0
50,sc1,4,NPE,1.0662251710891724,0.5695342382560511,1.58889725313477,1.0
50,sc1,5,PSPower,1.0557593033171488,0.8324272081883616,1.279091398445936,1.0
50,sc1,5,IW,1.1186033747942103,0.821231913757996,1.4159748358304247,1.0
50,sc1,5,Commensurate,1.0707563843805046,0.8520274432236338,1.299524709050346,1.0
50,sc1,5,NPE,1.3449828624725342,0.7926834532731379,1.9218267779737668,1.0
50,sc1,6,PSPower,1.0336473222906943,0.8730000117706007,1.194294632810788,1.0
50,sc1,6,IW,0.9688868103584046,0.7453677875718792,1.19240583314493,1.0
50,sc1,6,Commensurate,1.024688946320362,0.8351750758961941,1.2110869913046822,1.0
50,sc1,6,NPE,1.1803780794143677,0.5867826313592558,1.7847754783634942,1.0
50,sc1,7,PSPower,1.124633844627993,0.8704841531662184,1.3787835360897678,1.0
50,sc1,7,IW,1.1373757512231508,0.7901758808054684,1.4845756216408332,1.0
50,sc1,7,Commensurate,1.0858885351831764,0.8547071872917636,1.297878053865821,1.0
50,sc1,7,NPE,1.6600018739700317,1.000538323067051,2.285892793354803,1.0
50,sc1,8,PSPower,1.0791314470676119,0.8322167978708582,1.3260460962643656,1.0
50,sc1,8,IW,1.0285530033954522,0.7135501230850273,1.3435558837058772,1.0
50,sc1,8,Commensurate,1.082072096918219,0.8693434703720535,1.2922771928286747,1.0
50,sc1,8,NPE,1.059490442276001,0.4594540473223507,1.6507318166649045,1.0
50,sc1,9,PSPower,1.0820758140188451,0.8643897186882825,1.2997619093494077,1.0
50,sc1,9,IW,1.0525640187214256,0.7446665176285568,1.3604615198142942,1.0
50,sc1,9,Commensurate,1.055895823637327,0.8407078857399958,1.2612537352336273,1.0
50,sc1,9,NPE,1.4283394813537598,0.808103776884105,2.0458153753859634,1.0
50,sc1,10,PSPower,0.8699067542586031,0.6155777149696418,1.1242357935475644,1.0
50,sc1,10,IW,0.8445732860075795,0.5365513154150008,1.1525952566001583,1.0
50,sc1,10,Commensurate,0.9105569673297775,0.6950008905662453,1.131636704540516,1.0
50,sc1,10,NPE,1.2020683288574219,0.4790229441662093,1.9061702067919297,1.0
50,sc1,11,PSPower,1.1217776102302692,0.9367394347262554,1.306815785734283,1.0
50,sc1,11,IW,1.0763334547959218,0.8287708279145091,1.3238960816773346,1.0
50,sc1,11,Commensurate,1.1183675220986842,0.9297805752660132,1.3121917041428597,1.0
50,sc1,11,NPE,1.1084195375442505,0.4632747990906604,1.7387976548395274,1.0
50,sc1,12,PSPower,1.1449317854157612,0.9354254397103525,1.35443813112117,1.0
50,sc1,12,IW,1.1412682232208196,0.860787076847627,1.421749369594012,1.0
50,sc1,12,Commensurate,1.1239260519088536,0.9153229091050116,1.328728171960489,1.0
50,sc1,12,NPE,1.4057247638702393,0.908517034298728,1.8972684558040758,1.0
50,sc1,13,PSPower,1.067953975147836,0.8552381930603922,1.2806697572352799,1.0
50,sc1,13,IW,1.1103081384682432,0.8258695551556586,1.3947467217808276,1.0
50,sc1,13,Commensurate,1.0396653658711215,0.8472333484124882,1.2386340892570338,1.0
50,sc1,13,NPE,1.2239768505096436,0.5773207560833264,1.8696177856901732,1.0
50,sc1,14,PSPower,1.0318877907720325,0.8063564287264129,1.2574191528176522,1.0
50,sc1,14,IW,1.0160221954392195,0.70616462959541,1.3258797612830289,1.0
50,sc1,14,Commensurate,1.030218512204765,0.8146622411860537,1.24686564982235,1.0
50,sc1,14,NPE,1.1467827558517456,0.5089144870818372,1.7581818226030883,1.0
50,sc1,15,PSPower,1.0928106620674474,0.8818749238480279,1.3037464002868668,1.0
50,sc1,15,IW,1.0808837815478545,0.8207813759858402,1.3409861871098687,1.0
50,sc1,15,Commensurate,1.1155455450690295,0.9294596899153391,1.297702257071227,1.0
50,sc1,15,NPE,0.9230227470397949,0.32960001357301266,1.5135390723203266,1.0
50,sc1,16,PSPower,0.9954603600043814,0.8282163142630594,1.1627044057457034,1.0
50,sc1,16,IW,0.8402082263653782,0.6092087503626554,1.0712077023681008,1.0
50,sc1,16,Commensurate,0.9744492650730604,0.8000543996058113,1.1532636322245988,1.0
50,sc1,16,NPE,0.8957957625389099,0.2442653349441737,1.523590025755704,1.0
50,sc1,17,PSPower,1.227173675731221,1.058899515950098,1.395447835512344,1.0
50,sc1,17,IW,1.2777834004649444,1.0544827818633802,1.5010840190665087,1.0
50,sc1,17,Commensurate,1.2172281602067998,1.0319541049418532,1.4035731020087836,1.0
50,sc1,17,NPE,1.6153568029403687,1.0642216414634185,2.1553776265793316,1.0
50,sc1,18,PSPower,1.1227017210069858,0.9241830123882925,1.321220429625679,1.0
50,sc1,18,IW,1.165687098770306,0.8927671733829485,1.4386070241576636,1.0
50,sc1,18,Commensurate,1.1104030628361043,0.900707682374535,1.3131659571649041,1.0
50,sc1,18,NPE,1.1770673990249634,0.6235655225453935,1.7376597230869923,1.0
50,sc1,19,PSPower,0.8585456049895,0.6584403758332978,1.0586508341457024,1.0
50,sc1,19,IW,0.8546434172411327,0.5744313823077647,1.1348554521745007,1.0
50,sc1,19,Commensurate,0.8327623075795421,0.6321121083948567,1.0381914748229997,1.0
50,sc1,19,NPE,1.211254358291626,0.5958373890831042,1.829400626047049,1.0
50,sc1,20,PSPower,0.852584447723018,0.6386878177469157,1.0664810776991203,1.0
50,sc1,20,IW,0.8402434552380726,0.556987977330574,1.1234989331455711,1.0
50,sc1,20,Commensurate,0.8260959091621906,0.6187341587051708,1.0192702584376871,1.0
50,sc1,20,NPE,0.9001928567886353,0.3024110210341779,1.514745688576907,1.0
50,sc1,21,PSPower,1.0930352281117337,0.8793696443100767,1.3067008119133907,1.0
50,sc1,21,IW,1.1206893967505553,0.840144772671346,1.4012340208297647,1.0
50,sc1,21,Commensurate,1.0725933362555802,0.8598705012459961,1.2729267940191367,1.0
50,sc1,21,NPE,1.2458956241607666,0.654737556037256,1.8339568637662114,1.0
50,sc1,22,PSPower,0.9812488296432645,0.7788813332539749,1.183616326032554,1.0
50,sc1,22,IW,0.9174420801103383,0.6516364232965628,1.183247736924114,1.0
50,sc1,22,Commensurate,0.9367610846118614,0.726265445738959,1.1468758635954248,1.0
50,sc1,22,NPE,0.8483413457870483,0.3223205969074844,1.383703911146278,1.0
50,sc1,23,PSPower,1.0206319452932129,0.8310080146985018,1.210255875887924,1.0
50,sc1,23,IW,1.1066194541641876,0.8590131233487228,1.3542257849796524,1.0
50,sc1,23,Commensurate,1.0450609795764698,0.8628255757399144,1.224645856693731,1.0
50,sc1,23,NPE,1.4259361028671265,0.8495514281107646,2.014767473654961,1.0
50,sc1,24,PSPower,1.0411362707549618,0.8562243294750453,1.2260482120348783,1.0
50,sc1,24,IW,0.9723626603126976,0.7321794500576989,1.2125458705676964,1.0
50,sc1,24,Commensurate,1.028077313027975,0.8172281476360865,1.2455603214647073,1.0
50,sc1,24,NPE,1.6995551586151123,1.003556697993066,2.401208537700694,1.0
50,sc1,25,PSPower,0.9939840997392292,0.7604007040101806,1.2275674954682778,1.0
50,sc1,25,IW,0.9315368888455903,0.6423604396779705,1.22071333801321,1.0
50,sc1,25,Commensurate,0.984153931281606,0.7731830722478448,1.1963315616205332,1.0
50,sc1,25,NPE,0.9511935710906982,0.3842752417758792,1.500439215334146,1.0
50,sc1,26,PSPower,0.9912871514321758,0.7840544603798727,1.198519842484479,1.0
50,sc1,26,IW,0.8980197625058177,0.6181693238231447,1.1778702011884907,1.0
50,sc1,26,Commensurate,0.9878990242089664,0.7834008937578286,1.189356631610709,1.0
50,sc1,26,NPE,0.8510525822639465,0.22767721179252734,1.4860653185408694,1.0
50,sc1,27,PSPower,1.0073984759804269,0.7701569167085868,1.244640035252267,1.0
50,sc1,27,IW,0.9848119602029196,0.6665390351845661,1.303084885221273,1.0
50,sc1,27,Commensurate,1.0143426612003528,0.7920862595962607,1.2420572364175286,1.0
50,sc1,27,NPE,1.340734601020813,0.7680185458755487,1.909306862475596,1.0
50,sc1,28,PSPower,0.9903518721091361,0.7469713897156232,1.233732354502649,1.0
50,sc1,28,IW,1.0600809422983077,0.7211337860425244,1.399028098554091,1.0
50,sc1,28,Commensurate,1.0170517540848438,0.7765774844516793,1.2458502549350519,1.0
50,sc1,28,NPE,1.2811590433120728,0.5757928769813646,1.9874098286546262,1.0
50,sc1,29,PSPower,0.9208433780475175,0.7159601089227297,1.1257266471723053,1.0
50,sc1,29,IW,0.9530743454423981,0.6601038502760015,1.2460448406087947,1.0
50,sc1,29,Commensurate,0.9315215993303668,0.7424154744774623,1.1208161964716343,1.0
50,sc1,29,NPE,1.1141725778579712,0.5249104189483331,1.702834342960048,1.0
50,sc1,30,PSPower,0.9916410445440539,0.8246609700465843,1.1586211190415234,1.0
50,sc1,30,IW,1.0604140862690827,0.82686422021037,1.2939639523277955,1.0
50,sc1,30,Commensurate,1.0082779891622542,0.8212994854231942,1.194680842925041,1.0
50,sc1,30,NPE,1.2396056652069092,0.6380324458822854,1.8558890677087276,1.0
50,sc1,31,PSPower,1.1460479277795954,0.9919369087659357,1.300158946793255,1.0
50,sc1,31,IW,1.2144154803180562,1.0165607430084846,1.4122702176276278,1.0
50,sc1,31,Commensurate,1.1800993020453623,1.0152148529562675,1.3476235987290242,1.0
50,sc1,31,NPE,1.3360422849655151,0.7400911196262677,1.9461749692291552,1.0
50,sc1,32,PSPower,0.8503040809901836,0.6392315974670099,1.0613765645133573,1.0
50,sc1,32,IW,0.9121967168500761,0.6359699687852636,1.1884234649148886,1.0
50,sc1,32,Commensurate,0.8315015907079862,0.6389409852629423,1.030108538191391,1.0
50,sc1,32,NPE,1.0884064435958862,0.3505564139952083,1.8206177414754103,1.0
50,sc1,33,PSPower,0.9490746183798066,0.7443115810482,1.153837655711413,1.0
50,sc1,33,IW,1.0177530643998676,0.750333380062004,1.2851727487377311,1.0
50,sc1,33,Commensurate,0.9489252597260683,0.754377261270199,1.1390768153718067,1.0
50,sc1,33,NPE,1.1670012474060059,0.5413522387234827,1.798592209484482,1.0
50,sc1,34,PSPower,0.849217422012069,0.643765209227076,1.0546696347970619,1.0
50,sc1,34,IW,0.9304522346323983,0.6542685883916044,1.2066358808731923,1.0
50,sc1,34,Commensurate,0.8611221283981405,0.6438000533426574,1.0794771050353793,1.0
50,sc1,34,NPE,1.3357887268066406,0.6090719551288465,2.0642924361215815,1.0
50,sc1,35,PSPower,1.1005026809200844,0.9062666320454977,1.294738729794671,1.0
50,sc1,35,IW,1.222428303324007,0.9525059761765737,1.4923506304714405,1.0
50,sc1,35,Commensurate,1.1141099560615055,0.9065019499754374,1.3189881406602006,1.0
50,sc1,35,NPE,1.3905677795410156,0.7886823761359454,1.9859003168541707,1.0
50,sc1,36,PSPower,1.0252720102462032,0.7882817800947571,1.2622622403976493,1.0
50,sc1,36,IW,1.111951031026404,0.8064024367105754,1.4174996253422325,1.0
50,sc1,36,Commensurate,1.0117870195411212,0.7900800742343992,1.227948510050038,1.0
50,sc1,36,NPE,1.2536052465438843,0.6518750702604458,1.8557728607158477,1.0
50,sc1,37,PSPower,1.0057165745354772,0.8223049436850246,1.1891282053859298,1.0
50,sc1,37,IW,1.032768197075809,0.7753031964830092,1.2902331976686088,1.0
50,sc1,37,Commensurate,0.9959931718571363,0.8083711786213271,1.1812795412703834,1.0
50,sc1,37,NPE,1.1342980861663818,0.5355906330037575,1.7374324402000494,1.0
50,sc1,38,PSPower,1.103564666408078,0.9018322680000523,1.3052970648161037,1.0
50,sc1,38,IW,1.0664010659207346,0.802377474968778,1.3304246568726912,1.0
50,sc1,38,Commensurate,1.1149032257475637,0.9109192396011757,1.308506267927522,1.0
50,sc1,38,NPE,1.3738335371017456,0.7903831321961778,1.944192242724667,1.0
50,sc1,39,PSPower,1.1430404332007371,0.9355700988135501,1.3505107675879242,1.0
50,sc1,39,IW,1.0958643952879243,0.8133721915573136,1.3783565990185351,1.0
50,sc1,39,Commensurate,1.141937457092403,0.9384440490222605,1.3357264937629927,1.0
50,sc1,39,NPE,1.2899088859558105,0.6544974367748082,1.9246081248329674,1.0
50,sc1,40,PSPower,0.8919658248854155,0.7085365852708726,1.0753950644999584,1.0
50,sc1,40,IW,0.8946665171073456,0.6514737169609978,1.1378593172536933,1.0
50,sc1,40,Commensurate,0.8930616932016069,0.7055965203534743,1.0795898271128186,1.0
50,sc1,40,NPE,0.9800447225570679,0.49276162071903223,1.4652695914975162,1.0
50,sc1,41,PSPower,1.3898286934283597,1.1668612610655205,1.612796125791199,1.0
50,sc1,41,IW,1.3650297658335906,1.0432837358724671,1.686775795794714,1.0
50,sc1,41,Commensurate,1.379235082420535,1.1448364658235644,1.6115618728290613,1.0
50,sc1,41,NPE,1.4788310527801514,0.8613323362852516,2.0732465913062836,1.0
50,sc1,42,PSPower,0.9167139547439014,0.6965347083891668,1.1368932010986361,1.0
50,sc1,42,IW,0.9555941894868599,0.6698067875996725,1.2413815913740474,1.0
50,sc1,42,Commensurate,0.9091860591935934,0.7094693683041018,1.1061327162958772,1.0
50,sc1,42,NPE,1.1739305257797241,0.5150137283834336,1.844829743202228,1.0
50,sc1,43,PSPower,0.9761390604481244,0.763359641244967,1.1889184796512817,1.0
50,sc1,43,IW,1.0365810556646233,0.7422934517895702,1.3308686595396764,1.0
50,sc1,43,Commensurate,0.9655997851449704,0.7430055454975844,1.1758868623926688,1.0
50,sc1,43,NPE,1.1279692649841309,0.489885297703422,1.7707797997750645,1.0
50,sc1,44,PSPower,0.8107618989440283,0.6346809374415805,0.9868428604464761,1.0
50,sc1,44,IW,0.7938598071431708,0.5497407331809276,1.037978881105414,1.0
50,sc1,44,Commensurate,0.8318870044550899,0.6349800916974908,1.040829886304291,1.0
50,sc1,44,NPE,0.9215860366821289,0.3307370936764232,1.5496021746408168,1.0
50,sc1,45,PSPower,1.1937552452481603,0.9956103445059937,1.3919001459903269,1.0
50,sc1,45,IW,1.2680624462421413,0.9938621270908513,1.5422627653934313,1.0
50,sc1,45,Commensurate,1.1974977933246342,0.9959146128287916,1.4135880268288217,1.0
50,sc1,45,NPE,1.2433810234069824,0.6316319013334716,1.8737721892377954,1.0
50,sc1,46,PSPower,1.0033704974040714,0.7834649532211718,1.223276041586971,1.0
50,sc1,46,IW,1.0352241633166082,0.7486517941479272,1.3217965324852892,1.0
50,sc1,46,Commensurate,0.986345103099754,0.7998169843627739,1.171717028279899,1.0
50,sc1,46,NPE,1.1018426418304443,0.3497487873374725,1.806699848184412,1.0
50,sc1,47,PSPower,0.8091980344576054,0.6404892775565378,0.977906791358673,1.0
50,sc1,47,IW,0.8745317374722279,0.6465092438544531,1.1025542310900027,1.0
50,sc1,47,Commensurate,0.8068537434987872,0.6236913877912749,0.9963743229044068,1.0
50,sc1,47,NPE,0.7698708176612854,0.23672352239528333,1.3115659034605107,1.0
50,sc1,48,PSPower,0.9493363668611794,0.766662455286156,1.132010278436203,1.0
50,sc1,48,IW,1.1096036351994105,0.8627242729441484,1.3564829974546726,1.0
50,sc1,48,Commensurate,0.9915518455492873,0.7906805695556692,1.195540596506172,1.0
50,sc1,48,NPE,1.292386531829834,0.6464598475261502,1.9271991437162939,1.0
50,sc1,49,PSPower,0.7730197226459922,0.5845210275354666,0.9615184177565177,1.0
50,sc1,49,IW,0.9506984476675401,0.7038541700168404,1.1975427253182398,1.0
50,sc1,49,Commensurate,0.82343467038738,0.6123210869609779,1.0365288103224561,1.0
50,sc1,49,NPE,1.5405614376068115,0.9019041134928816,2.1856130723983327,1.0
50,sc2,0,PSPower,1.2911453178808705,0.93934305565517,1.6429475801065712,1.0
50,sc2,0,IW,1.2272909643955945,0.8545620957505451,1.6000198330406439,1.0
50,sc2,0,Commensurate,1.181173811790909,0.8865102947464545,1.4769760800564955,1.0
50,sc2,0,NPE,1.3323150873184204,0.6773884420018469,1.941415585946364,1.0
50,sc2,1,PSPower,0.8140850014621543,0.454877871255986,1.1732921316683227,1.0
50,sc2,1,IW,0.7186477576535374,0.2995841283608842,1.1377113869461906,1.0
50,sc2,1,Commensurate,0.8073964524457742,0.49863630495081235,1.1312537161802825,1.0
50,sc2,1,NPE,0.7605630159378052,0.21208240328619915,1.300849998363565,1.0
50,sc2,2,PSPower,0.9508751469366965,0.6490605827527117,1.2526897111206812,1.0
50,sc2,2,IW,1.0083967240097287,0.6762982700086597,1.3404951780107977,1.0
50,sc2,2,Commensurate,0.9846108907151084,0.7087931157705031,1.2607692435512403,1.0
50,sc2,2,NPE,1.4137279987335205,0.7617695421056333,2.0720010987999737,1.0
50,sc2,3,PSPower,1.061897015310148,0.8031734821463079,1.320620548473988,1.0
50,sc2,3,IW,1.103461660063999,0.8008633808272544,1.4060599393007438,1.0
50,sc2,3,Commensurate,1.1017595564133866,0.8478777535379326,1.3647186585419173,1.0
50,sc2,3,NPE,1.4653117656707764,0.8128161372291206,2.121841688729661,1.0
50,sc2,4,PSPower,0.9521096354915306,0.59205813865296,1.3121611323301012,1.0
50,sc2,4,IW,0.8879630632536787,0.4809530885542428,1.2949730379531146,1.0
50,sc2,4,Commensurate,0.8859257453111444,0.5624101323266764,1.2190046922231903,1.0
50,sc2,4,NPE,1.4916365146636963,0.8018776084016984,2.1621891745788315,1.0
50,sc2,5,PSPower,1.0239764012564567,0.7491005094938485,1.298852293019065,1.0
50,sc2,5,IW,1.044958226447822,0.7446413277780777,1.3452751251175665,1.0
50,sc2,5,Commensurate,1.0683690655827485,0.8051396037187077,1.3393763649823316,1.0
50,sc2,5,NPE,1.2556747198104858,0.662953094093428,1.8458484278318055,1.0
50,sc2,6,PSPower,1.1423743694815087,0.8429914292716262,1.4417573096913912,1.0
50,sc2,6,IW,1.2085038169722626,0.8863545018513168,1.5306531320932084,1.0
50,sc2,6,Commensurate,1.1526075423829565,0.8832954336105578,1.424033565337337,1.0
50,sc2,6,NPE,1.3187695741653442,0.6290554537392218,1.9840718528763412,1.0
50,sc2,7,PSPower,0.7165775982595521,0.5014047681496089,0.9317504283694954,1.0
50,sc2,7,IW,0.7226014547057986,0.48881190710785194,0.9563910023037453,1.0
50,sc2,7,Commensurate,0.7592976420153698,0.5242009683777897,1.0030186841723598,1.0
50,sc2,7,NPE,0.9268819093704224,0.4341780162037568,1.4399428465552724,1.0
50,sc2,8,PSPower,0.8878664270264645,0.517947501918183,1.257785352134746,1.0
50,sc2,8,IW,0.9076131425319316,0.4983668937388899,1.3168593913249733,1.0
50,sc2,8,Commensurate,0.8933936959379957,0.5691688201689504,1.2199564208881475,1.0
50,sc2,8,NPE,1.0537995100021362,0.4736284199116981,1.6459178145236375,1.0
50,sc2,9,PSPower,1.2544692410887173,0.8958782864339889,1.6130601957434456,1.0
50,sc2,9,IW,1.2083746249438245,0.8136635385945137,1.6030857112931354,1.0
50,sc2,9,Commensurate,1.2395197189366003,0.9073987890715987,1.5636290972983098,1.0
50,sc2,9,NPE,1.249956488609314,0.5935408726790072,1.899227259743972,1.0
50,sc2,10,PSPower,0.9945282290957828,0.7370409903907567,1.2520154678008089,1.0
50,sc2,10,IW,0.9447822521890042,0.6571623774738996,1.232402126904109,1.0
50,sc2,10,Commensurate,0.9987453505911187,0.7402015800816804,1.2561924721901752,1.0
50,sc2,10,NPE,1.1269572973251343,0.5443917790857182,1.7213668271107658,1.0
50,sc2,11,PSPower,0.8184369667237384,0.48167280578695737,1.1552011276605194,1.0
50,sc2,11,IW,0.7753795730976107,0.39943719476380846,1.151321951431413,1.0
50,sc2,11,Commensurate,0.7664062572587533,0.45484350078819813,1.0739313240730677,1.0
50,sc2,11,NPE,1.0407265424728394,0.40786908487565604,1.666803703793695,1.0
50,sc2,12,PSPower,0.8731123531583076,0.6468650985856872,1.099359607730928,1.0
50,sc2,12,IW,0.8752017818774774,0.6177739483430131,1.1326296154119417,1.0
50,sc2,12,Commensurate,0.8213539195489289,0.5734701724599665,1.0699174965392668,1.0
50,sc2,12,NPE,1.203704595565796,0.5530032001801236,1.8643829456348042,1.0
50,sc2,13,PSPower,0.9696494727861505,0.6917571438777186,1.2475418016945825,1.0
50,sc2,13,IW,0.9898878620055697,0.6834563190915415,1.2963194049195979,1.0
50,sc2,13,Commensurate,1.0120803196879573,0.740480624141922,1.2793049587621137,1.0
50,sc2,13,NPE,1.124562382698059,0.5050109327158828,1.769561279061687,1.0
50,sc2,14,PSPower,1.0302809967362463,0.7461959011843596,1.3143660922881328,1.0
50,sc2,14,IW,0.9777807733399203,0.6694579745641926,1.286103572115648,1.0
50,sc2,14,Commensurate,1.0469488319546667,0.759170180037046,1.325153476051996,1.0
50,sc2,14,NPE,0.8628937005996704,0.3412735000559778,1.3821534307406897,1.0
50,sc2,15,PSPower,0.892982055348022,0.6159660033361907,1.1699981073598533,1.0
50,sc2,15,IW,0.8803795578836612,0.5744014566146272,1.1863576591526952,1.0
50,sc2,15,Commensurate,0.8078635126592442,0.5572474175980656,1.0615847832315766,1.0
50,sc2,15,NPE,1.2006276845932007,0.6176976512903201,1.7985345601273006,1.0
50,sc2,16,PSPower,1.0751764610512768,0.7924515747582264,1.3579013473443273,1.0
50,sc2,16,IW,1.069901918257997,0.769368830276173,1.370435006239821,1.0
50,sc2,16,Commensurate,1.0229418267671948,0.760496286092242,1.2981989473963202,1.0
50,sc2,16,NPE,1.3392332792282104,0.6260450410200447,2.0521858410207465,1.0
50,sc2,17,PSPower,1.0418985947068666,0.7899568648623047,1.2938403245514287,1.0
50,sc2,17,IW,1.0017835002310982,0.7234672529909901,1.2800997474712061,1.0
50,sc2,17,Commensurate,0.9633226700418247,0.7230410407335345,1.2112320681946414,1.0
50,sc2,17,NPE,1.011460304260254,0.2973569746877986,1.714371730308186,1.0
50,sc2,18,PSPower,0.9919740710175979,0.6603101407218384,1.3236380013133575,1.0
50,sc2,18,IW,0.9712266805315359,0.5988267257340802,1.3436266353289916,1.0
50,sc2,18,Commensurate,1.0296700980947258,0.7309770973825179,1.3251401765420405,1.0
50,sc2,18,NPE,1.061277985572815,0.46142179105420905,1.6420241591519182,1.0
50,sc2,19,PSPower,0.8115784455344899,0.5385380594672367,1.084618831601743,1.0
50,sc2,19,IW,0.8147553550143555,0.5131085631076708,1.1164021469210401,1.0
50,sc2,19,Commensurate,0.8139749687719632,0.5558188959305751,1.0852479078503674,1.0
50,sc2,19,NPE,1.2485650777816772,0.6938149541120381,1.8164760308848997,1.0
50,sc2,20,PSPower,0.818531457257951,0.5229296238052359,1.114133290710666,1.0
50,sc2,20,IW,0.755071270166003,0.4271584897486689,1.082984050583337,1.0
50,sc2,20,Commensurate,0.7730137365371865,0.4935274234601015,1.0420710108594637,1.0
50,sc2,20,NPE,0.7829641103744507,0.18988462991014513,1.352915757540703,1.0
50,sc2,21,PSPower,0.8735781498165825,0.5725873104163035,1.1745689892168616,1.0
50,sc2,21,IW,0.9054672226651576,0.5787905377493121,1.232143907581003,1.0
50,sc2,21,Commensurate,0.8398519765754084,0.5560978115572663,1.12322786416147,1.0
50,sc2,21,NPE,1.004402995109558,0.5330155205067032,1.4506879287090106,1.0
50,sc2,22,PSPower,1.356903000219761,1.017261301728916,1.696544698710606,1.0
50,sc2,22,IW,1.2732047540544806,0.8898121724038754,1.6565973357050858,1.0
50,sc2,22,Commensurate,1.3370222783100034,1.0339181323169313,1.6591648283452085,1.0
50,sc2,22,NPE,1.5906132459640503,1.0464058174580135,2.149742808929076,1.0
50,sc2,23,PSPower,1.17099586874572,0.8896585678501189,1.4523331696413213,1.0
50,sc2,23,IW,1.126145428886446,0.8142784343175159,1.4380124234553762,1.0
50,sc2,23,Commensurate,1.0991997931684887,0.8266537386173696,1.3632162596718207,1.0
50,sc2,23,NPE,1.4723641872406006,0.855327210796827,2.0885595716227887,1.0
50,sc2,24,PSPower,1.0629913873604109,0.7374243506062454,1.3885584241145763,1.0
50,sc2,24,IW,1.1149919976432197,0.7354776031075292,1.4945063921789101,1.0
50,sc2,24,Commensurate,1.0563406441225542,0.7636004163610587,1.3493782441500444,1.0
50,sc2,24,NPE,1.8227232694625854,1.1626094172123878,2.4867640431573363,1.0
50,sc2,25,PSPower,1.3314467541985784,1.0268459949999516,1.6360475133972052,1.0
50,sc2,25,IW,1.3167820972181712,0.9588182842201299,1.6747459102162123,1.0
50,sc2,25,Commensurate,1.326506655437982,1.0601034112787766,1.5996913919162496,1.0
50,sc2,25,NPE,1.7316348552703857,1.059986302125307,2.400674581009496,1.0
50,sc2,26,PSPower,0.7354854590966611,0.4394854552630209,1.0314854629303012,1.0
50,sc2,26,IW,0.7015813871617588,0.361175301897836,1.0419874724256815,1.0
50,sc2,26,Commensurate,0.7027710485880644,0.42654138424464744,0.9640514901099537,1.0
50,sc2,26,NPE,1.1355743408203125,0.5339183971949002,1.7314452918800303,1.0
50,sc2,27,PSPower,1.1553149543973107,0.8634351890106423,1.4471947197839792,1.0
50,sc2,27,IW,1.1716377077771054,0.8407306595397095,1.5025447560145013,1.0
50,sc2,27,Commensurate,1.1909725001704965,0.9141242480633494,1.46267099505238,1.0
50,sc2,27,NPE,1.3052833080291748,0.7227470924555418,1.8972364733691776,1.0
50,sc2,28,PSPower,0.9907716503174171,0.7171572593366732,1.264386041298161,1.0
50,sc2,28,IW,0.9863625955755333,0.6961803529462391,1.2765448382048274,1.0
50,sc2,28,Commensurate,1.0314830585406516,0.7769210536587193,1.2891238593112655,1.0
50,sc2,28,NPE,1.568138837814331,0.9925571261543235,2.170041419834058,1.0
50,sc2,29,PSPower,0.8649068900166595,0.5963317693312472,1.133482010702072,1.0
50,sc2,29,IW,0.8951278859018408,0.5954573769120222,1.1947983948916594,1.0
50,sc2,29,Commensurate,0.8780314700402814,0.6263301154807052,1.1276818781445852,1.0
50,sc2,29,NPE,1.3287322521209717,0.6133251099596296,2.048247336335998,1.0
50,sc2,30,PSPower,0.9160390481773438,0.5995591063435508,1.2325189900111369,1.0
50,sc2,30,IW,0.9209914065407263,0.570484225465956,1.2714985876154965,1.0
50,sc2,30,Commensurate,0.9897397540731262,0.6930741599341644,1.2813305917524094,1.0
50,sc2,30,NPE,1.1642868518829346,0.5224856879733011,1.7687476609098207,1.0
50,sc2,31,PSPower,0.7916795898664641,0.47239067395214096,1.1109685057807872,1.0
50,sc2,31,IW,0.7467940389711537,0.3920671452007195,1.1015209327415878,1.0
50,sc2,31,Commensurate,0.8293406912309277,0.5343873976397832,1.1232838623829877,1.0
50,sc2,31,NPE,1.0211066007614136,0.3755638927027773,1.6978101069729534,1.0
50,sc2,32,PSPower,0.8177038696961889,0.46870190247379995,1.1667058369185779,1.0
50,sc2,32,IW,0.795630438154723,0.41015384591241394,1.1811070303970321,1.0
50,sc2,32,Commensurate,0.8237457334116738,0.5028124774114818,1.127043336862032,1.0
50,sc2,32,NPE,1.1108837127685547,0.3544901844375398,1.8587625002775612,1.0
50,sc2,33,PSPower,1.0336469175690008,0.6954050097855101,1.3718888253524915,1.0
50,sc2,33,IW,0.9172738191563152,0.5470077300756806,1.2875399082369499,1.0
50,sc2,33,Commensurate,1.113470776019089,0.8106057562771358,1.419742313406489,1.0
50,sc2,33,NPE,0.9297345280647278,0.3061031987587576,1.546961890113728,1.0
50,sc2,34,PSPower,1.071779640543572,0.8001044580892296,1.3434548229979144,1.0
50,sc2,34,IW,0.9939211647779966,0.6901863421732148,1.2976559873827784,1.0
50,sc2,34,Commensurate,1.0457370245076514,0.785498859840868,1.3049547099298602,1.0
50,sc2,34,NPE,1.1218011379241943,0.4834187363484797,1.7419119748250043,1.0
50,sc2,35,PSPower,0.8155496026953699,0.5289629328760277,1.1021362725147121,1.0
50,sc2,35,IW,0.8415121750331879,0.527263046655331,1.1557613034110448,1.0
50,sc2,35,Commensurate,0.8001554093039581,0.5126197433721302,1.0800129675530479,1.0
50,sc2,35,NPE,1.2623600959777832,0.5852657111859634,1.9359789080903456,1.0
50,sc2,36,PSPower,1.092342216294863,0.8619080568312516,1.3227763757584745,1.0
50,sc2,36,IW,1.1195551330453755,0.8604719608337614,1.3786383052569895,1.0
50,sc2,36,Commensurate,1.1392610474453542,0.9090352699053279,1.3793433827667645,1.0
50,sc2,36,NPE,1.5745457410812378,1.0535797811219798,2.0868511957772693,1.0
50,sc2,37,PSPower,0.9436032830758524,0.6621709643298496,1.2250356018218551,1.0
50,sc2,37,IW,0.9830819933257858,0.6767600310899045,1.2894039555616672,1.0
50,sc2,37,Commensurate,0.9961820644483235,0.7456825174224746,1.2476884094376162,1.0
50,sc2,37,NPE,1.5449986457824707,0.8170577076712906,2.2726538275227486,1.0
50,sc2,38,PSPower,0.9840647951578076,0.7115362513120242,1.256593339003591,1.0
50,sc2,38,IW,0.9925377691719935,0.6903839944614965,1.2946915438824906,1.0
50,sc2,38,Commensurate,1.011804922306522,0.7553452868048608,1.2662848788101642,1.0
50,sc2,38,NPE,1.3949288129806519,0.6987723336460089,2.0731218075933104,1.0
50,sc2,39,PSPower,0.910653407947013,0.6559208734838469,1.1653859424101791,1.0
50,sc2,39,IW,0.9340445119097626,0.6272159745510857,1.2408730492684394,1.0
50,sc2,39,Commensurate,0.9303101207333538,0.6621792516818916,1.2056651068612316,1.0
50,sc2,39,NPE,1.1952263116836548,0.5384144764095803,1.8431546354465416,1.0
50,sc2,40,PSPower,1.1146715970494532,0.8187710246534299,1.4105721694454765,1.0
50,sc2,40,IW,1.0437360450044337,0.6817419960735247,1.4057300939353428,1.0
50,sc2,40,Commensurate,1.0442894116865387,0.7442967588609084,1.3586467259335784,1.0
50,sc2,40,NPE,1.1815578937530518,0.5019232614060096,1.863909354390038,1.0
50,sc2,41,PSPower,1.0379243586450844,0.7776586174031617,1.298190099887007,1.0
50,sc2,41,IW,1.0737188122913928,0.7787488939021361,1.3686887306806494,1.0
50,sc2,41,Commensurate,1.0607949942980723,0.8117525900922427,1.3062910435353585,1.0
50,sc2,41,NPE,1.0012582540512085,0.3975740887124435,1.5906011268760893,1.0
50,sc2,42,PSPower,1.2455575854580223,0.9652302653789379,1.5258849055371067,1.0
50,sc2,42,IW,1.233129981688944,0.9117048388913767,1.5545551244865115,1.0
50,sc2,42,Commensurate,1.1403463392118565,0.8664444727210626,1.4099942287980278,1.0
50,sc2,42,NPE,1.4655649662017822,0.8369861907082081,2.096645399447301,1.0
50,sc2,43,PSPower,0.9091285247390788,0.5961427748524609,1.2221142746256968,1.0
50,sc2,43,IW,0.887462463040056,0.5397123339199125,1.2352125921601997,1.0
50,sc2,43,Commensurate,0.834337646726566,0.5651408775329353,1.1126420725135637,1.0
50,sc2,43,NPE,1.015946626663208,0.4046896393158289,1.6022277148253037,1.0
50,sc2,44,PSPower,0.984486450082517,0.7008957157087369,1.2680771844562972,1.0
50,sc2,44,IW,1.0969033156295978,0.7743313986609672,1.4194752325982283,1.0
50,sc2,44,Commensurate,0.9995205199239531,0.7244654183382133,1.288931274083855,1.0
50,sc2,44,NPE,1.246051549911499,0.5044683749021567,1.9570593626930313,1.0
50,sc2,45,PSPower,0.911104650498925,0.6434943351314459,1.178714965866404,1.0
50,sc2,45,IW,0.9566238395694079,0.6267801598333668,1.286467519305449,1.0
50,sc2,45,Commensurate,0.93048443302278,0.6701188561469656,1.1969998193309253,1.0
50,sc2,45,NPE,1.3286792039871216,0.7112360311074516,1.9471612238085831,1.0
50,sc2,46,PSPower,0.9652675626422381,0.6728980542578948,1.2576370710265814,1.0
50,sc2,46,IW,1.025023110867479,0.707738430521489,1.3423077912134689,1.0
50,sc2,46,Commensurate,0.9932748216798984,0.72938284414624,1.2735652100995232,1.0
50,sc2,46,NPE,1.1726051568984985,0.6065863683489363,1.7396816250125446,1.0
50,sc2,47,PSPower,0.9391988262972776,0.6516972834175699,1.226700369176985,1.0
50,sc2,47,IW,0.8708833384753757,0.5546759959666363,1.187090680984115,1.0
50,sc2,47,Commensurate,0.9805939071163066,0.6954674553002138,1.2503781403624135,1.0
50,sc2,47,NPE,1.0594968795776367,0.42220355767142087,1.6772031734578474,1.0
50,sc2,48,PSPower,1.0549881811254334,0.7818852210446094,1.3280911412062573,1.0
50,sc2,48,IW,0.964859265564701,0.6651909988503997,1.2645275322790024,1.0
50,sc2,48,Commensurate,1.0412512951075112,0.7959649676184624,1.2900032238883368,1.0
50,sc2,48,NPE,0.8254110217094421,0.2793971980100963,1.3733242001906343,1.0
50,sc2,49,PSPower,0.8726005516051387,0.6632363777053336,1.0819647255049438,1.0
50,sc2,49,IW,0.9017245601236739,0.6556585414352791,1.1477905788120686,1.0
50,sc2,49,Commensurate,0.9020250028894293,0.682128044294108,1.1233694508472896,1.0
50,sc2,49,NPE,1.1616621017456055,0.5864328577112075,1.7328430596137696,1.0
50,sc3,0,PSPower,2.1243501525836455,1.921065801440898,2.3276345037263932,1.0
50,sc3,0,IW,1.9121698512070062,1.639646297211046,2.1846934052029665,1.0
50,sc3,0,Commensurate,2.059544134711774,1.8250830296242657,2.2961022183305544,1.0
50,sc3,0,NPE,1.1756458282470703,0.605057543035522,1.740055660247278,1.0
50,sc3,1,PSPower,2.144669039103091,1.9215654281157744,2.3677726500904077,1.0
50,sc3,1,IW,1.8410117274306261,1.5375742128224967,2.1444492420387555,1.0
50,sc3,1,Commensurate,2.209093324334518,2.0023703584525445,2.410645099993939,1.0
50,sc3,1,NPE,1.1189842224121094,0.4757443978370138,1.7428784194344813,1.0
50,sc3,2,PSPower,2.343368207061809,2.156128827409304,2.530607586714314,1.0
50,sc3,2,IW,2.0482078448905106,1.7760722143783518,2.320343475402669,1.0
50,sc3,2,Commensurate,2.2340585864862725,2.001665586917305,2.464690787700346,1.0
50,sc3,2,NPE,1.1405999660491943,0.4848012561626178,1.771577307316982,1.0
50,sc3,3,PSPower,2.08381538543437,1.8741737108365193,2.293457060032221,1.0
50,sc3,3,IW,1.8654850205394995,1.5995122011074532,2.131457839971546,1.0
50,sc3,3,Commensurate,1.999424138512088,1.7798523872507517,2.215306332230034,1.0
50,sc3,3,NPE,1.5502874851226807,0.7901177620157406,2.297104257197718,1.0
50,sc3,4,PSPower,2.314286766248848,2.135619860115105,2.492953672382591,1.0
50,sc3,4,IW,2.1320583270431053,1.886855250136665,2.3772614039495457,1.0
50,sc3,4,Commensurate,2.2003167524253655,1.9833739899615386,2.4172047425340235,1.0
50,sc3,4,NPE,1.5622897148132324,0.9524793724088587,2.168385025916445,1.0
50,sc3,5,PSPower,2.1181762464978195,1.878778097184596,2.357574395811043,1.0
50,sc3,5,IW,1.968356951132108,1.6711463805474376,2.265567521716778,1.0
50,sc3,5,Commensurate,2.205762943341885,1.9978721663403498,2.4163628388456724,1.0
50,sc3,5,NPE,0.9786064624786377,0.28119105005455636,1.6600996928847969,1.0
50,sc3,6,PSPower,2.1520644225580083,1.929851125448755,2.3742777196672615,1.0
50,sc3,6,IW,1.9451804180964989,1.668517975179552,2.221842861013446,1.0
50,sc3,6,Commensurate,2.044801128703743,1.8162373642242342,2.2737001423866148,1.0
50,sc3,6,NPE,1.2046852111816406,0.6271117693179421,1.7880171415919013,1.0
50,sc3,7,PSPower,2.309194945892515,2.090160924746002,2.5282289670390283,1.0
50,sc3,7,IW,2.092032189676531,1.8044228953457213,2.3796414840073408,1.0
50,sc3,7,Commensurate,2.3203109409513565,2.1078963734902882,2.533814841490966,1.0
50,sc3,7,NPE,1.004690408706665,0.34717926415007283,1.6598568187593477,1.0
50,sc3,8,PSPower,2.180995746182758,2.0132253857316518,2.3487661066338643,1.0
50,sc3,8,IW,1.9033819074167384,1.6708240180148517,2.135939796818625,1.0
50,sc3,8,Commensurate,2.0692155987712946,1.8532435369426181,2.2587506737413916,1.0
50,sc3,8,NPE,1.4226220846176147,0.7203035609821796,2.1038036528720285,1.0
50,sc3,9,PSPower,2.140984703806046,1.9290688107834777,2.352900596828614,1.0
50,sc3,9,IW,1.9609953444471229,1.6868262343942906,2.235164454499955,1.0
50,sc3,9,Commensurate,2.1836209873621155,1.9645421563785652,2.3884771936720113,1.0
50,sc3,9,NPE,0.7530617713928223,0.22647044571721545,1.287037593669866,1.0
50,sc3,10,PSPower,2.1566422210890313,1.9738512207475492,2.3394332214305136,1.0
50,sc3,10,IW,1.8665143501011179,1.6251141270819032,2.1079145731203326,1.0
50,sc3,10,Commensurate,1.975195120587673,1.737205279919255,2.2082028625058507,1.0
50,sc3,10,NPE,0.9560237526893616,0.3916163878595469,1.4993618647609666,1.0
50,sc3,11,PSPower,2.21345011331477,2.0390972894967483,2.3878029371327916,1.0
50,sc3,11,IW,1.9689490321573628,1.7420115930441218,2.195886471270604,1.0
50,sc3,11,Commensurate,2.018521496982782,1.7933708166565918,2.2402482608944836,1.0
50,sc3,11,NPE,1.518305778503418,0.8941237332466446,2.155686142468245,1.0
50,sc3,12,PSPower,2.234410600233633,2.056502302413519,2.412318898053747,1.0
50,sc3,12,IW,1.8970181047168055,1.645989986499159,2.148046222934452,1.0
50,sc3,12,Commensurate,2.0800853974379807,1.8394764697995,2.3100947552783206,1.0
50,sc3,12,NPE,1.1362565755844116,0.594860193597368,1.7126949565522935,1.0
50,sc3,13,PSPower,2.229654433782707,1.9895791659553304,2.469729701610084,1.0
50,sc3,13,IW,1.8955330068797236,1.5523886396401356,2.2386773741193116,1.0
50,sc3,13,Commensurate,2.161451847379514,1.8774680414463432,2.440720842026437,1.0
50,sc3,13,NPE,1.1296958923339844,0.47337610058310314,1.7887126400675553,1.0
50,sc3,14,PSPower,2.11973456271101,1.919386044333468,2.320083081088552,1.0
50,sc3,14,IW,1.7736287338143712,1.507756600396387,2.0395008672323556,1.0
50,sc3,14,Commensurate,2.031374272259603,1.7829027753284472,2.2567602107541704,1.0
50,sc3,14,NPE,1.0043433904647827,0.3158836625104187,1.6619605111439764,1.0
50,sc3,15,PSPower,2.000764301401445,1.7880895432467012,2.2134390595561886,1.0
50,sc3,15,IW,1.7913071969480858,1.509332316788838,2.0732820771073337,1.0
50,sc3,15,Commensurate,1.9880590575927504,1.757596446271261,2.209015374683924,1.0
50,sc3,15,NPE,0.9472524523735046,0.34834503619607887,1.5561730233043851,1.0
50,sc3,16,PSPower,2.072380816616403,1.8557508543144072,2.2890107789183984,1.0
50,sc3,16,IW,1.9635201718131208,1.6930945732142373,2.2339457704120043,1.0
50,sc3,16,Commensurate,2.1077371549156414,1.8966802394920304,2.3140904009589933,1.0
50,sc3,16,NPE,1.5309802293777466,0.8538315183628112,2.169520516796735,1.0
50,sc3,17,PSPower,2.099197268811349,1.882063663786588,2.31633087383611,1.0
50,sc3,17,IW,1.8492102170716718,1.538512790601637,2.1599076435417066,1.0
50,sc3,17,Commensurate,2.0962710982437853,1.8625393895468427,2.3164468102071205,1.0
50,sc3,17,NPE,1.101763129234314,0.5442556675120138,1.6899745907386439,1.0
50,sc3,18,PSPower,2.1366424712325176,1.9690555674250678,2.3042293750399674,1.0
50,sc3,18,IW,1.8879829639944836,1.6640930711743342,2.111872856814633,1.0
50,sc3,18,Commensurate,2.035509941070595,1.83664716572759,2.2200125335925835,1.0
50,sc3,18,NPE,1.3927128314971924,0.7552315173700911,2.0280836467998977,1.0
50,sc3,19,PSPower,2.2089591013064243,2.008781487606556,2.4091367150062926,1.0
50,sc3,19,IW,1.944822664302427,1.6845343077486994,2.2051110208561546,1.0
50,sc3,19,Commensurate,2.1308693096859534,1.9049036675146507,2.357796377207554,1.0
50,sc3,19,NPE,1.278562307357788,0.5793626443085216,1.9920099031655887,1.0
50,sc3,20,PSPower,2.293592582405579,2.102787001738673,2.4843981630724854,1.0
50,sc3,20,IW,1.9051112365778378,1.6433840329480165,2.166838440207659,1.0
50,sc3,20,Commensurate,2.194038186759997,1.9451622842954956,2.4134732393892984,1.0
50,sc3,20,NPE,1.0333040952682495,0.4464725400738436,1.6164408206858942,1.0
50,sc3,21,PSPower,2.0799490138339363,1.8956339350335467,2.264264092634326,1.0
50,sc3,21,IW,1.8779963903736425,1.6470245636953327,2.1089682170519524,1.0
50,sc3,21,Commensurate,2.0461879929750513,1.8396090564601115,2.2449008293645907,1.0
50,sc3,21,NPE,1.3286488056182861,0.6897812514982331,1.9488673484834316,1.0
50,sc3,22,PSPower,2.2004737965570564,1.9834075968412088,2.4175399962729043,1.0
50,sc3,22,IW,1.98375377300767,1.6959647472330746,2.2715427987822654,1.0
50,sc3,22,Commensurate,2.183739799475926,1.9401795479767092,2.415279796906467,1.0
50,sc3,22,NPE,1.2973060607910156,0.7171067081882218,1.9226443700607887,1.0
50,sc3,23,PSPower,2.1443980231614415,1.9352366397818432,2.3535594065410397,1.0
50,sc3,23,IW,1.9090283561519485,1.6143880496350786,2.2036686626688184,1.0
50,sc3,23,Commensurate,2.113865330672589,1.8767007613248912,2.3341012653103332,1.0
50,sc3,23,NPE,0.8933402299880981,0.3116583095729013,1.4825593067108513,1.0
50,sc3,24,PSPower,2.047000954866802,1.808295583593522,2.2857063261400814,1.0
50,sc3,24,IW,1.8898289157858785,1.587600048386951,2.192057783184806,1.0
50,sc3,24,Commensurate,2.1668891093220752,1.9257422910080961,2.387098792760941,1.0
50,sc3,24,NPE,1.089098572731018,0.4517187939122152,1.7071783774746927,1.0
50,sc3,25,PSPower,2.356068290425621,2.159685612760497,2.552450968090745,1.0
50,sc3,25,IW,2.0384145372831415,1.7781579363813222,2.298671138184961,1.0
50,sc3,25,Commensurate,2.3569602525723004,2.1435992168102747,2.5511521560222046,1.0
50,sc3,25,NPE,1.366321325302124,0.7372002998172164,2.0112276543082435,1.0
50,sc3,26,PSPower,2.20024881128678,2.0301005771032425,2.370397045470318,1.0
50,sc3,26,IW,1.8942452697390992,1.672538851790711,2.1159516876874878,1.0
50,sc3,26,Commensurate,1.9250098105538314,1.6823959757504632,2.1556569842238296,1.0
50,sc3,26,NPE,1.0284624099731445,0.3526168242714726,1.7139629529624438,1.0
50,sc3,27,PSPower,2.022086425351265,1.8241629046541723,2.220009946048358,1.0
50,sc3,27,IW,1.7253418763858552,1.468153102064222,1.9825306507074885,1.0
50,sc3,27,Commensurate,1.8941919411283699,1.656119493196697,2.126179264891326,1.0
50,sc3,27,NPE,0.9912766814231873,0.26228698162068736,1.6908364874898134,1.0
50,sc3,28,PSPower,2.321246789399205,2.1133521015342223,2.529141477264188,1.0
50,sc3,28,IW,2.260112393954383,2.018838332762961,2.5013864551458047,1.0
50,sc3,28,Commensurate,2.3104003714675883,2.104508735942871,2.5166371007809434,1.0
50,sc3,28,NPE,1.393079400062561,0.7607848235000232,2.010438112344669,1.0
50,sc3,29,PSPower,2.0889819733331345,1.9304745072781122,2.247489439388157,1.0
50,sc3,29,IW,1.8059004282690676,1.58908171208089,2.022719144457245,1.0
50,sc3,29,Commensurate,1.8428664556854104,1.6261156275454667,2.045611517853717,1.0
50,sc3,29,NPE,1.2777329683303833,0.6572457172579643,1.90405256127499,1.0
50,sc3,30,PSPower,2.169784472371818,1.9569931680068373,2.382575776736799,1.0
50,sc3,30,IW,1.9581966025462645,1.6758791271685312,2.2405140779239976,1.0
50,sc3,30,Commensurate,2.1651163418394663,1.9494450465066722,2.3703122949891546,1.0
50,sc3,30,NPE,1.068481206893921,0.4076826507882646,1.7620440973050138,1.0
50,sc3,31,PSPower,2.168947747176184,1.962326036608927,2.3755694577434414,1.0
50,sc3,31,IW,1.9899702969116044,1.7122532137845066,2.2676873800387023,1.0
50,sc3,31,Commensurate,2.10280519156026,1.8597421179270908,2.3349859040985246,1.0
50,sc3,31,NPE,1.3342379331588745,0.7806956994995653,1.8864496373764328,1.0
50,sc3,32,PSPower,2.021502661996168,1.8207682478265672,2.222237076165769,1.0
50,sc3,32,IW,1.744155235846891,1.4634878563883384,2.024822615305444,1.0
50,sc3,32,Commensurate,2.01547279598531,1.799942811782756,2.216940865033656,1.0
50,sc3,32,NPE,1.1401056051254272,0.4975475664833511,1.7656426084014158,1.0
50,sc3,33,PSPower,2.2997668966516422,2.0559573198436762,2.5435764734596082,1.0
50,sc3,33,IW,2.0650078297353,1.7410924371280734,2.3889232223425267,1.0
50,sc3,33,Commensurate,2.341798908433375,2.1010846521170885,2.571525571088271,1.0
50,sc3,33,NPE,1.2118346691131592,0.6452744621015388,1.7598868798736624,1.0
50,sc3,34,PSPower,2.104118940615246,1.888508868918235,2.3197290123122567,1.0
50,sc3,34,IW,1.9699080171406538,1.6768789991969348,2.2629370350843727,1.0
50,sc3,34,Commensurate,2.1461776929373264,1.9448371010490177,2.352325062504982,1.0
50,sc3,34,NPE,1.1146636009216309,0.45306412408703434,1.7551187333436498,1.0
50,sc3,35,PSPower,2.1836582365823025,1.9765411747029624,2.3907752984616426,1.0
50,sc3,35,IW,1.8568388288334705,1.5733437175332452,2.140333940133696,1.0
50,sc3,35,Commensurate,2.063348982614548,1.804529281770718,2.3053450331960073,1.0
50,sc3,35,NPE,1.0287513732910156,0.40943529162624015,1.6511405044087615,1.0
50,sc3,36,PSPower,2.2070426190552803,2.054439886179186,2.3596453519313747,1.0
50,sc3,36,IW,1.910482956540023,1.7103608492119893,2.1106050638680567,1.0
50,sc3,36,Commensurate,1.8540711567331116,1.6221034349600287,2.0749714739435876,1.0
50,sc3,36,NPE,0.7811775207519531,0.2637900558092545,1.3056797734820167,1.0
50,sc3,37,PSPower,2.2623706537718045,2.062023110613998,2.462718196929611,1.0
50,sc3,37,IW,2.078152635503223,1.8117330908631395,2.344572180143307,1.0
50,sc3,37,Commensurate,2.143319359810691,1.9115056382336397,2.368788493574778,1.0
50,sc3,37,NPE,1.394330382347107,0.8028089211921017,1.9860888997897004,1.0
50,sc3,38,PSPower,2.1991156402689818,1.9579153329864198,2.4403159475515435,1.0
50,sc3,38,IW,1.9404327701056534,1.6233628709305992,2.257502669280708,1.0
50,sc3,38,Commensurate,2.2712848128844643,2.0443799228633868,2.4864472379504248,1.0
50,sc3,38,NPE,1.138043999671936,0.3941783268640327,1.8905475268553162,1.0
50,sc3,39,PSPower,2.237701532401879,2.067930686591054,2.407472378212704,1.0
50,sc3,39,IW,1.9987571878881252,1.768787661382153,2.2287267143940976,1.0
50,sc3,39,Commensurate,2.10011614039095,1.880346842908362,2.311515436521444,1.0
50,sc3,39,NPE,1.2552632093429565,0.6328644021787164,1.894701971484243,1.0
50,sc3,40,PSPower,2.250484150770383,2.0216759408187435,2.4792923607220225,1.0
50,sc3,40,IW,2.082316618371053,1.7863518193822656,2.3782814173598403,1.0
50,sc3,40,Commensurate,2.2180526895600674,1.9778041485679585,2.4583413578321043,1.0
50,sc3,40,NPE,1.7252835035324097,1.1004332984823946,2.3562516813832883,1.0
50,sc3,41,PSPower,2.0224757960058968,1.8402491629447961,2.204702429066997,1.0
50,sc3,41,IW,1.8383013659089298,1.5766762308728317,2.099926500945028,1.0
50,sc3,41,Commensurate,1.9305336586268362,1.7062789902005617,2.153028403590427,1.0
50,sc3,41,NPE,1.0287808179855347,0.37778369312178994,1.6533625965985697,1.0
50,sc3,42,PSPower,2.215029931671395,2.016732100418413,2.4133277629243772,1.0
50,sc3,42,IW,1.99759103534521,1.7294098868932963,2.2657721837971234,1.0
50,sc3,42,Commensurate,2.150198682707683,1.9318961011560978,2.36884308036542,1.0
50,sc3,42,NPE,1.2782559394836426,0.6023557531532201,1.9338134531177908,1.0
50,sc3,43,PSPower,2.05938530121894,1.854571970469661,2.2641986319682186,1.0
50,sc3,43,IW,1.8777394371229617,1.6070997153736126,2.1483791588723107,1.0
50,sc3,43,Commensurate,2.0055260049145884,1.7776566609175648,2.229770544090087,1.0
50,sc3,43,NPE,1.1057264804840088,0.47944343346283264,1.717284144969128,1.0
50,sc3,44,PSPower,2.0178212632182886,1.7797062009413618,2.2559363254952154,1.0
50,sc3,44,IW,1.7040163242476662,1.402604156832171,2.0054284916631615,1.0
50,sc3,44,Commensurate,2.0227796280841184,1.793449754675554,2.2482020738339448,1.0
50,sc3,44,NPE,0.7973222136497498,0.2148079742286784,1.380753358096146,1.0
50,sc3,45,PSPower,2.0612516521069044,1.8956921671991935,2.2268111370146153,1.0
50,sc3,45,IW,1.7834377267682548,1.5563987091604874,2.0104767443760223,1.0
50,sc3,45,Commensurate,1.8795484848895045,1.6569510015410567,2.1012762913083223,1.0
50,sc3,45,NPE,1.3356436491012573,0.6357333574488605,2.0454684751179646,1.0
50,sc3,46,PSPower,2.228839733598627,2.0072959025845494,2.4503835646127046,1.0
50,sc3,46,IW,1.9683612006439817,1.6649386333327818,2.2717837679551813,1.0
50,sc3,46,Commensurate,2.2909591333256083,2.0797346909228254,2.507846326625086,1.0
50,sc3,46,NPE,1.1078392267227173,0.5148338200537698,1.7054269840401093,1.0
50,sc3,47,PSPower,2.17914779953469,1.9806658104462456,2.377629788623134,1.0
50,sc3,47,IW,2.0718456648470527,1.8217443765747012,2.3219469531194044,1.0
50,sc3,47,Commensurate,2.1424436094208814,1.9307988581059814,2.3476121525924483,1.0
50,sc3,47,NPE,1.549405574798584,0.9621056632811519,2.150883858449738,1.0
50,sc3,48,PSPower,1.9968816398133793,1.8252630223286241,2.1685002572981347,1.0
50,sc3,48,IW,1.8664980236477158,1.6373930594426194,2.0956029878528124,1.0
50,sc3,48,Commensurate,1.8581420457755766,1.6283530064824179,2.066640995088235,1.0
50,sc3,48,NPE,1.0819865465164185,0.333127138675177,1.8569933543538812,1.0
50,sc3,49,PSPower,2.2526131587954907,2.0457838653126243,2.459442452278357,1.0
50,sc3,49,IW,2.033043071108323,1.7475696124775064,2.3185165297391395,1.0
50,sc3,49,Commensurate,2.1943108111687057,1.970144316634429,2.409373906614986,1.0
50,sc3,49,NPE,1.3638834953308105,0.6914833002353427,2.0411562631557896,1.0
50,sc4,0,PSPower,1.1115197602838558,0.8363274287336824,1.3867120918340292,1.0
50,sc4,0,IW,1.1214327969414988,0.818540153067596,1.4243254408154016,1.0
50,sc4,0,Commensurate,1.0417805646975054,0.793129414086964,1.3001829655239567,1.0
50,sc4,0,NPE,1.513697862625122,0.9673959920815068,2.0608917772875084,1.0
50,sc4,1,PSPower,1.0051453781425814,0.6898065804087716,1.3204841758763912,1.0
50,sc4,1,IW,0.9952047622338386,0.6627839851962114,1.3276255392714658,1.0
50,sc4,1,Commensurate,0.9894337511499264,0.6929580706457971,1.2996405624120868,1.0
50,sc4,1,NPE,0.8003279566764832,0.2948374464587953,1.2866939955604733,1.0
50,sc4,2,PSPower,0.8410277191404573,0.5602474696719335,1.121807968608981,1.0
50,sc4,2,IW,0.7594664649015479,0.44471249992197104,1.0742204298811249,1.0
50,sc4,2,Commensurate,0.756663629753908,0.4895001087990176,1.0234920390483404,1.0
50,sc4,2,NPE,0.9376804232597351,0.4415880268159484,1.4602015791705745,1.0
50,sc4,3,PSPower,1.1335772007163474,0.8342753465489734,1.4328790548837214,1.0
50,sc4,3,IW,1.0733265871994995,0.7340780881461841,1.4125750862528148,1.0
50,sc4,3,Commensurate,1.1223506418491014,0.8461430271702608,1.3877504186465754,1.0
50,sc4,3,NPE,0.9555579423904419,0.29031466693156105,1.6076307388911248,1.0
50,sc4,4,PSPower,0.9087988828371029,0.6002209040231359,1.2173768616510698,1.0
50,sc4,4,IW,1.00188664301608,0.6642864112133245,1.3394868748188355,1.0
50,sc4,4,Commensurate,0.816443359223434,0.543099916210115,1.106394915318941,1.0
50,sc4,4,NPE,1.17270827293396,0.3593676600330363,1.9636568197628856,1.0
50,sc4,5,PSPower,1.0804248992948227,0.7726924235433327,1.3881573750463128,1.0
50,sc4,5,IW,1.0196060644145373,0.677545192385506,1.3616669364435685,1.0
50,sc4,5,Commensurate,1.1102202489247286,0.845483323654953,1.3936430208438972,1.0
50,sc4,5,NPE,1.0749547481536865,0.5365052370586522,1.6234703083400042,1.0
50,sc4,6,PSPower,1.0791896643700152,0.7582121067740853,1.400167221965945,1.0
50,sc4,6,IW,1.128150750442827,0.7688942610459915,1.4874072398396625,1.0
50,sc4,6,Commensurate,1.0928969167973464,0.7985092721698286,1.3812709747982612,1.0
50,sc4,6,NPE,1.3569896221160889,0.6944726314375844,1.9980910079629213,1.0
50,sc4,7,PSPower,1.0853131397246494,0.8258847361698538,1.344741543279445,1.0
50,sc4,7,IW,1.143378723668637,0.8481855506412794,1.4385718966959946,1.0
50,sc4,7,Commensurate,1.0614982286652186,0.810307350798443,1.3197601690011131,1.0
50,sc4,7,NPE,1.480603814125061,0.8474178755930819,2.1271129290831507,1.0
50,sc4,8,PSPower,1.088125087421209,0.7683982848964361,1.4078518899459818,1.0
50,sc4,8,IW,0.9647191570333077,0.583264347443211,1.3461739666234043,1.0
50,sc4,8,Commensurate,1.0338060978770651,0.7564840619817715,1.3250145476051947,1.0
50,sc4,8,NPE,1.1936088800430298,0.5254388015600422,1.887048659367926,1.0
50,sc4,9,PSPower,1.2701020634595328,0.9762281904212152,1.5639759364978505,1.0
50,sc4,9,IW,1.2934662610085714,0.9648084407840125,1.6221240812331303,1.0
50,sc4,9,Commensurate,1.2041302429817238,0.9420668165454714,1.4777828306077387,1.0
50,sc4,9,NPE,1.5195130109786987,0.9004957566838094,2.1231658723370255,1.0
50,sc4,10,PSPower,1.2243341021686773,0.9268813576447689,1.521786846692586,1.0
50,sc4,10,IW,1.2917754698734976,0.9616235764685882,1.6219273632784068,1.0
50,sc4,10,Commensurate,1.2652413420628832,0.9884721407706336,1.5463595588478487,1.0
50,sc4,10,NPE,1.3804126977920532,0.7614842290970045,1.9850961234892281,1.0
50,sc4,11,PSPower,0.87163812414816,0.5422462513695876,1.2010299969267324,1.0
50,sc4,11,IW,0.829955866382892,0.455960537164672,1.203951195601112,1.0
50,sc4,11,Commensurate,0.8919952444475875,0.5864462071315988,1.2035594374837388,1.0
50,sc4,11,NPE,1.2711310386657715,0.5829590886849874,1.9519343825479976,1.0
50,sc4,12,PSPower,1.1913934793022358,0.9487521790411519,1.4340347795633197,1.0
50,sc4,12,IW,1.071245485254927,0.7894535375668461,1.3530374329430077,1.0
50,sc4,12,Commensurate,1.1365823676051698,0.8757018783625996,1.4011623200362895,1.0
50,sc4,12,NPE,1.3167132139205933,0.6754169073104035,1.9975572145633542,1.0
50,sc4,13,PSPower,0.6277770729820781,0.3374937211805697,0.9180604247835864,1.0
50,sc4,13,IW,0.6375190636436608,0.307465297732216,0.9675728295551057,1.0
50,sc4,13,Commensurate,0.5566426237574977,0.2737012989687887,0.8293036195744701,1.0
50,sc4,13,NPE,0.8354047536849976,0.1892182814027265,1.493729083517399,1.0
50,sc4,14,PSPower,1.1913461716135916,0.9637010177164442,1.418991325510739,1.0
50,sc4,14,IW,1.2115600310067052,0.9608214360333543,1.4622986259800559,1.0
50,sc4,14,Commensurate,1.1728869742742072,0.928439940998068,1.4018062443317953,1.0
50,sc4,14,NPE,1.7734345197677612,1.1104037564130702,2.4263046091778655,1.0
50,sc4,15,PSPower,0.8476792824121321,0.5666575540256077,1.1287010107986566,1.0
50,sc4,15,IW,0.8666199898750668,0.5541726198150972,1.1790673599350363,1.0
50,sc4,15,Commensurate,0.8645598242294018,0.5988706112305673,1.1290829973377818,1.0
50,sc4,15,NPE,1.3643964529037476,0.6754268530926149,2.0806883061855843,1.0
50,sc4,16,PSPower,1.154692935689845,0.8302604332699055,1.4791254381097845,1.0
50,sc4,16,IW,1.1711613136827848,0.7987885718815371,1.5435340554840324,1.0
50,sc4,16,Commensurate,1.1951188280517275,0.8907055090408675,1.4906430608021675,1.0
50,sc4,16,NPE,1.3153589963912964,0.748990292805161,1.8877413023310485,1.0
50,sc4,17,PSPower,1.3210706306876465,1.0440027140021566,1.5981385473731364,1.0
50,sc4,17,IW,1.3022920988195594,0.9907910072619193,1.6137931903771996,1.0
50,sc4,17,Commensurate,1.335519839578552,1.04529256868768,1.6013581250938373,1.0
50,sc4,17,NPE,1.3304649591445923,0.7721861386364774,1.8936435652017463,1.0
50,sc4,18,PSPower,0.9675293154029946,0.6939026451887634,1.2411559856172256,1.0
50,sc4,18,IW,0.9622510439080562,0.6593209242158371,1.2651811636002752,1.0
50,sc4,18,Commensurate,0.9603648985868369,0.6825457980600852,1.2179655396652977,1.0
50,sc4,18,NPE,1.4367777109146118,0.7755583025728942,2.1012563070000687,1.0
50,sc4,19,PSPower,0.8079187002573904,0.4927421946402203,1.1230952058745607,1.0
50,sc4,19,IW,0.7069321096862927,0.3341421372963183,1.0797220820762672,1.0
50,sc4,19,Commensurate,0.8085809402552898,0.5179866476524905,1.087188863424032,1.0
50,sc4,19,NPE,0.6099305152893066,0.03222423451876513,1.2007453196350597,1.0
50,sc4,20,PSPower,1.0665583937765544,0.7497896167548032,1.3833271707983057,1.0
50,sc4,20,IW,1.1305010592443552,0.7600281819365273,1.500973936552183,1.0
50,sc4,20,Commensurate,1.090221350376832,0.7999176400637216,1.3839413449903464,1.0
50,sc4,20,NPE,1.3128069639205933,0.5757968559978028,2.04265710636785,1.0
50,sc4,21,PSPower,1.2129030536167609,0.8321541920606546,1.5936519151728672,1.0
50,sc4,21,IW,1.2257011346895397,0.791930829698261,1.6594714396808183,1.0
50,sc4,21,Commensurate,1.1494395561369275,0.8188271916677715,1.494681800378614,1.0
50,sc4,21,NPE,1.2689522504806519,0.5018557350783166,2.0151271014599175,1.0
50,sc4,22,PSPower,0.9830917904241183,0.675144836565281,1.2910387442829556,1.0
50,sc4,22,IW,0.9601842506648374,0.6168602211840273,1.3035082801456475,1.0
50,sc4,22,Commensurate,0.9706839428956835,0.7054473786714502,1.2443893319845345,1.0
50,sc4,22,NPE,1.1719304323196411,0.5659968158983278,1.7892481158440123,1.0
50,sc4,23,PSPower,1.0677215235424893,0.6845526987674548,1.4508903483175237,1.0
50,sc4,23,IW,1.0979959966803716,0.685076466346024,1.5109155270147192,1.0
50,sc4,23,Commensurate,1.0557952731324056,0.7042167470723028,1.423282154036141,1.0
50,sc4,23,NPE,1.3140236139297485,0.6997755205871052,1.9295873618837744,1.0
50,sc4,24,PSPower,1.2547120168017245,0.9104181467500763,1.5990058868533727,1.0
50,sc4,24,IW,1.2723762944762593,0.8710598205125142,1.6736927684400045,1.0
50,sc4,24,Commensurate,1.1712943751599205,0.8579351858097127,1.4741732697085752,1.0
50,sc4,24,NPE,1.441508173942566,0.8042225249378269,2.11555953613041,1.0
50,sc4,25,PSPower,1.0482584146717504,0.7250675514843505,1.3714492778591503,1.0
50,sc4,25,IW,1.0293706429219314,0.6748625834682467,1.383878702375616,1.0
50,sc4,25,Commensurate,1.0053672378150755,0.7031583993359497,1.3035032422131456,1.0
50,sc4,25,NPE,1.4241324663162231,0.8267811470405968,2.0212917887945756,1.0
50,sc4,26,PSPower,0.7933609394994595,0.4736310143894142,1.1130908646095048,1.0
50,sc4,26,IW,0.7869721858541826,0.43078450333747154,1.1431598683708937,1.0
50,sc4,26,Commensurate,0.8044783912640052,0.5228439922506708,1.081407798663645,1.0
50,sc4,26,NPE,0.6509475708007812,0.2094148412460715,1.0806778621190567,1.0
50,sc4,27,PSPower,1.2045847805543612,0.9188732844140343,1.4902962766946883,1.0
50,sc4,27,IW,1.2463660285648757,0.9232427007497294,1.5694893563800218,1.0
50,sc4,27,Commensurate,1.173135543968056,0.9072870922384134,1.437849276388337,1.0
50,sc4,27,NPE,1.3376299142837524,0.7623711064810401,1.9044635690447387,1.0
50,sc4,28,PSPower,0.7234024948867944,0.447530859868541,0.9992741299050478,1.0
50,sc4,28,IW,0.7027033887386488,0.376502961511651,1.0289038159656465,1.0
50,sc4,28,Commensurate,0.7699952764179342,0.5016509531846827,1.0411108795920152,1.0
50,sc4,28,NPE,0.9567852020263672,0.14810093480947045,1.7648425255465316,1.0
50,sc4,29,PSPower,0.9405840744292557,0.6196759293146934,1.261492219543818,1.0
50,sc4,29,IW,0.9522175920528381,0.6031496982264142,1.301285485879262,1.0
50,sc4,29,Commensurate,0.9692666078338462,0.6721174144479959,1.2485032522917248,1.0
50,sc4,29,NPE,1.2476494312286377,0.6213447685151595,1.883464759274679,1.0
50,sc4,30,PSPower,0.9748241365150059,0.7228316323215729,1.2268166407084389,1.0
50,sc4,30,IW,1.0283782844619758,0.7486518715063792,1.3081046974175723,1.0
50,sc4,30,Commensurate,0.9753754765282187,0.7407272789489677,1.2266409221306955,1.0
50,sc4,30,NPE,1.3053092956542969,0.6811620396831298,1.9111023577678528,1.0
50,sc4,31,PSPower,0.9602712769548715,0.6178513267785839,1.302691227131159,1.0
50,sc4,31,IW,0.9883640355529872,0.6064696248070879,1.3702584462988865,1.0
50,sc4,31,Commensurate,0.941040133391014,0.6251880707429648,1.2460998857377006,1.0
50,sc4,31,NPE,1.1689635515213013,0.49603777898748885,1.8563051360459375,1.0
50,sc4,32,PSPower,1.088358956939569,0.8180002660351162,1.358717647844022,1.0
50,sc4,32,IW,1.0667304653739456,0.7647067761483246,1.3687541545995665,1.0
50,sc4,32,Commensurate,1.0874776221434903,0.8493783661601897,1.339999565595302,1.0
50,sc4,32,NPE,1.3972874879837036,0.854142685710241,1.9336163344723618,1.0
50,sc4,33,PSPower,0.9242089869005392,0.613275512629581,1.2351424611714974,1.0
50,sc4,33,IW,0.9770312310680452,0.6263531736961948,1.3277092884398956,1.0
50,sc4,33,Commensurate,0.9201257820554333,0.643429482585658,1.1964938176310747,1.0
50,sc4,33,NPE,1.3548383712768555,0.751095397766522,1.9637060408475915,1.0
50,sc4,34,PSPower,1.1292746294046658,0.8045889890391766,1.453960269770155,1.0
50,sc4,34,IW,1.1248424609345706,0.7662076663486284,1.483477255520513,1.0
50,sc4,34,Commensurate,1.1692250673002915,0.854924871597997,1.477235992443922,1.0
50,sc4,34,NPE,1.2167179584503174,0.49695692258894564,1.9247317970981455,1.0
50,sc4,35,PSPower,1.0804154929129917,0.7433394035624765,1.4174915822635068,1.0
50,sc4,35,IW,1.0771939026128798,0.7074707540894115,1.446917051136348,1.0
50,sc4,35,Commensurate,1.0846028854514713,0.8000699531148997,1.354716227640156,1.0
50,sc4,35,NPE,1.3546395301818848,0.7400266000539147,1.9680626602004017,1.0
50,sc4,36,PSPower,1.2081857531616431,0.9547715480252081,1.461599958298078,1.0
50,sc4,36,IW,1.1424489906732156,0.8630529068651819,1.4218450744812494,1.0
50,sc4,36,Commensurate,1.1701274562702824,0.9242700412261401,1.4129568595371715,1.0
50,sc4,36,NPE,1.437693476676941,0.9131813101860153,1.9556651788321542,1.0
50,sc4,37,PSPower,0.9339965924039166,0.6714820885966761,1.1965110962111571,1.0
50,sc4,37,IW,0.8760322072646418,0.5829801799506709,1.1690842345786128,1.0
50,sc4,37,Commensurate,0.870792666981729,0.6026670589243799,1.1219079443751934,1.0
50,sc4,37,NPE,1.0560550689697266,0.45095059817192684,1.6524530296667452,1.0
50,sc4,38,PSPower,1.1218993008915414,0.8290912473650102,1.4147073544180726,1.0
50,sc4,38,IW,1.0595061509168617,0.737507431288816,1.3815048705449073,1.0
50,sc4,38,Commensurate,1.1130959531438258,0.8349542221279074,1.3813776180510133,1.0
50,sc4,38,NPE,1.2200324535369873,0.6508996316193099,1.7872301898558902,1.0
50,sc4,39,PSPower,0.9578105117209719,0.5391612285108953,1.3764597949310484,1.0
50,sc4,39,IW,0.9970963498777093,0.5538629433060654,1.4403297564493531,1.0
50,sc4,39,Commensurate,0.9538124329997048,0.5904306032698184,1.3066643510734852,1.0
50,sc4,39,NPE,1.262032389640808,0.614054601911666,1.925221665472352,1.0
50,sc4,40,PSPower,1.292397178953415,0.9545805587877341,1.630213799119096,1.0
50,sc4,40,IW,1.3222052726150102,0.9616799827819735,1.6827305624480469,1.0
50,sc4,40,Commensurate,1.365684882112054,1.0663969002987643,1.6567337445711943,1.0
50,sc4,40,NPE,1.7417800426483154,1.1374913733568546,2.3503285649592907,1.0
50,sc4,41,PSPower,1.1816111086859833,0.8630960553586826,1.500126162013284,1.0
50,sc4,41,IW,1.1241311800881109,0.7738036047347714,1.4744587554414503,1.0
50,sc4,41,Commensurate,1.2096930215664718,0.9181438657154598,1.4900113104753387,1.0
50,sc4,41,NPE,1.334983229637146,0.7481614107904306,1.9344868310778276,1.0
50,sc4,42,PSPower,1.1447698507097113,0.8365125654385708,1.4530271359808518,1.0
50,sc4,42,IW,1.2043405694968414,0.8490740991616145,1.5596070398320685,1.0
50,sc4,42,Commensurate,1.1558389258899298,0.8624817046715555,1.4503761475555017,1.0
50,sc4,42,NPE,1.2587875127792358,0.5034613957376644,2.00980030055911,1.0
50,sc4,43,PSPower,1.0340663219056772,0.7941916063151375,1.2739410374962168,1.0
50,sc4,43,IW,1.0236057397916307,0.7434982759400725,1.303713203643189,1.0
50,sc4,43,Commensurate,1.0403116131269676,0.8027768937742202,1.263086406489131,1.0
50,sc4,43,NPE,1.2463973760604858,0.6241737719789343,1.8568973374098785,1.0
50,sc4,44,PSPower,1.106571739543166,0.8618999426384546,1.3512435364478774,1.0
50,sc4,44,IW,1.0442189503903823,0.787051981799682,1.3013859189810826,1.0
50,sc4,44,Commensurate,1.0811573329208781,0.8476522508490091,1.3176778229488746,1.0
50,sc4,44,NPE,1.6468775272369385,1.0640066247904025,2.2208006758653482,1.0
50,sc4,45,PSPower,1.0086548724831506,0.6785287568715015,1.3387809880947996,1.0
50,sc4,45,IW,0.9941004515134817,0.6094589633147623,1.3787419397122012,1.0
50,sc4,45,Commensurate,0.974223400557089,0.6752553478049383,1.2781959930702311,1.0
50,sc4,45,NPE,1.2015628814697266,0.6509257061684115,1.7536029506031305,1.0
50,sc4,46,PSPower,0.9470721148720462,0.6397022946559967,1.2544419350880958,1.0
50,sc4,46,IW,0.9255185499772004,0.5779132148292638,1.273123885125137,1.0
50,sc4,46,Commensurate,0.9967415414005766,0.7133384017312638,1.2743813534447967,1.0
50,sc4,46,NPE,1.0669602155685425,0.3981248661494759,1.7367737255785771,1.0
50,sc4,47,PSPower,1.1801248245533709,0.9155775607071974,1.4446720883995443,1.0
50,sc4,47,IW,1.2555891458423254,0.9712728950598478,1.5399053966248029,1.0
50,sc4,47,Commensurate,1.2451191051404662,0.9879080428257335,1.512711348962259,1.0
50,sc4,47,NPE,1.5528455972671509,1.0161693975060333,2.0743895006475914,1.0
50,sc4,48,PSPower,0.9741460276216002,0.6971099293375613,1.251182125905639,1.0
50,sc4,48,IW,1.0352914723126603,0.7121426516155401,1.3584402930097803,1.0
50,sc4,48,Commensurate,1.0152326126894606,0.7457737289399281,1.3014592855463263,1.0
50,sc4,48,NPE,1.5219591856002808,0.735341963570546,2.286418838620781,1.0
50,sc4,49,PSPower,0.8062382528307038,0.5570465814985329,1.0554299241628748,1.0
50,sc4,49,IW,0.7477965715265116,0.4684128857987145,1.0271802572543087,1.0
50,sc4,49,Commensurate,0.7877080114976691,0.5395051894098137,1.0222600787647338,1.0
50,sc4,49,NPE,1.1947425603866577,0.5047607372348978,1.8705599344224761,1.0
50,sc5,0,PSPower,2.2859376160129417,2.0846946281543186,2.4871806038715647,1.0
50,sc5,0,IW,2.114260132668826,1.8518451891939764,2.3766750761436755,1.0
50,sc5,0,Commensurate,2.2655867796740012,2.0601649117654137,2.4788110437463806,1.0
50,sc5,0,NPE,1.3262016773223877,0.6486488127707145,2.024846925788056,1.0
50,sc5,1,PSPower,2.00958796386121,1.7936351884017983,2.225540739320622,1.0
50,sc5,1,IW,1.768196671467633,1.4746670660239265,2.0617262769113394,1.0
50,sc5,1,Commensurate,1.9807768556100613,1.7379309511625514,2.213740660401149,1.0
50,sc5,1,NPE,1.21198570728302,0.4878040066197134,1.9433203246087822,1.0
50,sc5,2,PSPower,2.1810992916867105,2.0014005172661617,2.360798066107259,1.0
50,sc5,2,IW,1.902496594159268,1.6676435419931654,2.1373496463253705,1.0
50,sc5,2,Commensurate,1.9881449071715616,1.767517901166387,2.2120414277127503,1.0
50,sc5,2,NPE,0.9369913339614868,0.48183330655201456,1.398833326201014,1.0
50,sc5,3,PSPower,2.1113508861890184,1.9696572585684553,2.2530445138095816,1.0
50,sc5,3,IW,1.7557853182276695,1.5658311518505492,1.9457394846047897,1.0
50,sc5,3,Commensurate,1.7798693282591598,1.5757561261417956,1.9793752722411804,1.0
50,sc5,3,NPE,1.1471529006958008,0.5276760356042366,1.798166552104639,1.0
50,sc5,4,PSPower,2.2335651967009738,2.0476236385104136,2.419506754891534,1.0
50,sc5,4,IW,2.047554613611839,1.7888179845799566,2.3062912426437214,1.0
50,sc5,4,Commensurate,2.2112743731771944,2.008575341802998,2.4170468586068643,1.0
50,sc5,4,NPE,1.3534221649169922,0.7365330256400944,1.9631102720666078,1.0
50,sc5,5,PSPower,2.155716208525889,1.9194902643114005,2.3919421527403775,1.0
50,sc5,5,IW,1.9541250666860563,1.6202467115107337,2.288003421861379,1.0
50,sc5,5,Commensurate,2.1873031992303624,1.9725430794696273,2.394256418427777,1.0
50,sc5,5,NPE,1.0546269416809082,0.4890380820265221,1.626325223529165,1.0
50,sc5,6,PSPower,2.3929192345170875,2.2260323032213556,2.5598061658128195,1.0
50,sc5,6,IW,2.2175393099890326,1.9849380584988257,2.4501405614792393,1.0
50,sc5,6,Commensurate,2.252251569136706,2.0374938441257653,2.4546688123301728,1.0
50,sc5,6,NPE,1.51304030418396,0.821393415020004,2.1719614683183415,1.0
50,sc5,7,PSPower,2.194486300519079,1.9727869174083976,2.41618568362976,1.0
50,sc5,7,IW,1.9616392608180948,1.6607014693557194,2.26257705228047,1.0
50,sc5,7,Commensurate,2.2282020302895233,2.0191311101801848,2.4315287363016123,1.0
50,sc5,7,NPE,1.4926090240478516,0.8361725939634734,2.134227727445933,1.0
50,sc5,8,PSPower,2.177424779672969,1.9175631809265887,2.4372863784193495,1.0
50,sc5,8,IW,2.1048566473658643,1.7727514807862113,2.4369618139455174,1.0
50,sc5,8,Commensurate,2.243766587778423,2.012250094207057,2.4709686315855524,1.0
50,sc5,8,NPE,1.3082445859909058,0.672384428771623,1.9367437061830808,1.0
50,sc5,9,PSPower,2.09700665276065,1.9139560122127752,2.280057293308525,1.0
50,sc5,9,IW,1.928641170392775,1.675780590920425,2.181501749865125,1.0
50,sc5,9,Commensurate,1.9703881192838302,1.7246741751697816,2.206408794682431,1.0
50,sc5,9,NPE,1.0525695085525513,0.3449860779639971,1.7420428228418434,1.0
50,sc5,10,PSPower,2.3416773487302747,2.1815359440193207,2.5018187534412286,1.0
50,sc5,10,IW,2.083554187563683,1.840346510647327,2.3267618644800394,1.0
50,sc5,10,Commensurate,1.9928068241830768,1.7330841145555471,2.236996882951951,1.0
50,sc5,10,NPE,1.2266970872879028,0.6794219106633433,1.760435098392319,1.0
50,sc5,11,PSPower,2.249907145726691,2.069073430541773,2.4307408609116092,1.0
50,sc5,11,IW,1.9101202555859262,1.6565981330292443,2.163642378142608,1.0
50,sc5,11,Commensurate,2.0118757485146004,1.7557968496345602,2.2577472445866205,1.0
50,sc5,11,NPE,0.8332585692405701,0.2256486258606482,1.463346544231906,1.0
50,sc5,12,PSPower,2.1348483197346053,1.9604373511714974,2.309259288297713,1.0
50,sc5,12,IW,1.770721307582168,1.5365546317649454,2.0048879833993904,1.0
50,sc5,12,Commensurate,1.8640245058743667,1.6169946769793393,2.0948884553673053,1.0
50,sc5,12,NPE,0.9535757899284363,0.3723883989641411,1.5282607405568447,1.0
50,sc5,13,PSPower,1.882692537435224,1.6707627749672247,2.0946222999032234,1.0
50,sc5,13,IW,1.6257883691845785,1.3553541732697822,1.8962225650993747,1.0
50,sc5,13,Commensurate,1.9437567677215666,1.7293255220908146,2.148014646126412,1.0
50,sc5,13,NPE,0.9009755849838257,0.2665174337888181,1.5182787955803794,1.0
50,sc5,14,PSPower,2.37442774366306,2.1644796948420564,2.5843757924840633,1.0
50,sc5,14,IW,2.125907122462981,1.8375289468134972,2.4142852981124645,1.0
50,sc5,14,Commensurate,2.3126320698680747,2.072620560147228,2.5270124647076666,1.0
50,sc5,14,NPE,1.1473040580749512,0.5210580604968225,1.7633939318611338,1.0
50,sc5,15,PSPower,2.1619464040503615,1.9658439530282386,2.3580488550724845,1.0
50,sc5,15,IW,1.9070937686090181,1.6324360736096788,2.1817514636083573,1.0
50,sc5,15,Commensurate,2.1022952334653473,1.8765392757223838,2.3087724975224213,1.0
50,sc5,15,NPE,1.2165806293487549,0.5583503129052737,1.8664099590849128,1.0
50,sc5,16,PSPower,2.1104877063870653,1.8765129729875416,2.344462439786589,1.0
50,sc5,16,IW,2.0005436647903263,1.6933441521876924,2.30774317739296,1.0
50,sc5,16,Commensurate,2.1691974943086025,1.9519074453186052,2.3837307233019973,1.0
50,sc5,16,NPE,1.2199296951293945,0.5613835038333527,1.8989546618046673,1.0
50,sc5,17,PSPower,1.8827488676138364,1.6629606127889525,2.1025371224387204,1.0
50,sc5,17,IW,1.7236302822822702,1.4240045248610265,2.023256039703514,1.0
50,sc5,17,Commensurate,1.8756670697631301,1.6473522033179608,2.090942338965015,1.0
50,sc5,17,NPE,0.9350337386131287,0.25435896660195484,1.5980043304214118,1.0
50,sc5,18,PSPower,2.0959285100242244,1.8912461744018054,2.300610845646643,1.0
50,sc5,18,IW,1.8085378028899677,1.532034010796535,2.0850415949834007,1.0
50,sc5,18,Commensurate,1.9991698591185414,1.7696968870285052,2.2287217639547845,1.0
50,sc5,18,NPE,0.9300811290740967,0.2117039094408116,1.6565031728354869,1.0
50,sc5,19,PSPower,2.202771360574441,2.0207981656906955,2.384744555458186,1.0
50,sc5,19,IW,1.8875451440776265,1.633891022052469,2.141199266102784,1.0
50,sc5,19,Commensurate,2.0936306659638686,1.8643109421838064,2.3062916407952545,1.0
50,sc5,19,NPE,1.2671796083450317,0.6797042686963702,1.8500796113050153,1.0
50,sc5,20,PSPower,2.330945900780704,2.153160088054406,2.508731713507002,1.0
50,sc5,20,IW,2.1372668545618194,1.897591280178963,2.376942428944676,1.0
50,sc5,20,Commensurate,2.2181595360839337,2.0035698362737495,2.437519432743197,1.0
50,sc5,20,NPE,1.322531819343567,0.6882311474221328,1.9715692476736988,1.0
50,sc5,21,PSPower,2.1320449260596184,1.9201352192561534,2.3439546328630834,1.0
50,sc5,21,IW,1.917426131605674,1.652798046759767,2.182054216451581,1.0
50,sc5,21,Commensurate,2.106298893657329,1.8698645584359364,2.3228583244604937,1.0
50,sc5,21,NPE,0.7755181193351746,0.25875342276047864,1.2716490021333313,1.0
50,sc5,22,PSPower,2.3230100865875802,2.084299499997967,2.5617206731771933,1.0
50,sc5,22,IW,2.225298343362009,1.9233987076745063,2.527197979049512,1.0
50,sc5,22,Commensurate,2.37447940924806,2.1615703610698147,2.5730652152472318,1.0
50,sc5,22,NPE,1.1193655729293823,0.45913598366842495,1.7889447515945396,1.0
50,sc5,23,PSPower,2.032773854617751,1.831616927783824,2.233930781451678,1.0
50,sc5,23,IW,1.777707814239798,1.5092163776812184,2.0461992507983773,1.0
50,sc5,23,Commensurate,1.9832712630909537,1.7544709646892138,2.201033106697522,1.0
50,sc5,23,NPE,1.1514045000076294,0.47792975893833556,1.8023963231047775,1.0
50,sc5,24,PSPower,2.3452336263758276,2.143639844353125,2.54682740839853,1.0
50,sc5,24,IW,2.2665269215521042,2.012460855989033,2.5205929871151755,1.0
50,sc5,24,Commensurate,2.350720670435125,2.133436903362937,2.549218958524847,1.0
50,sc5,24,NPE,1.7494313716888428,1.097604773626415,2.384100293036437,1.0
50,sc5,25,PSPower,2.2511270634072997,2.054880799191851,2.4473733276227483,1.0
50,sc5,25,IW,1.978260092029518,1.7208265598345427,2.235693624224493,1.0
50,sc5,25,Commensurate,2.2052321778256583,1.9940579505420157,2.413936797036601,1.0
50,sc5,25,NPE,1.2699015140533447,0.6475102125711096,1.8829953665777812,1.0
50,sc5,26,PSPower,2.1968821109375964,1.9814997388679068,2.412264483007286,1.0
50,sc5,26,IW,2.072607251305401,1.8063087873464903,2.338905715264312,1.0
50,sc5,26,Commensurate,2.2035212041273846,1.9766794980593683,2.4183537317530717,1.0
50,sc5,26,NPE,1.4668081998825073,0.8054531031136337,2.1046274117988157,1.0
50,sc5,27,PSPower,2.0245193272925492,1.8094273090248976,2.239611345560201,1.0
50,sc5,27,IW,1.8532949494169921,1.5892843416095956,2.1173055572243884,1.0
50,sc5,27,Commensurate,2.0690122726144757,1.8592306172758515,2.27387031134995,1.0
50,sc5,27,NPE,1.129831075668335,0.5040390044291498,1.7519838060692274,1.0
50,sc5,28,PSPower,2.196538192895056,1.9961864670284872,2.3968899187616244,1.0
50,sc5,28,IW,2.014149638168766,1.7603489020193437,2.2679503743181884,1.0
50,sc5,28,Commensurate,2.060780375394177,1.8251533589300546,2.299933764134117,1.0
50,sc5,28,NPE,1.1887938976287842,0.5353190246307452,1.8651033595272317,1.0
50,sc5,29,PSPower,2.2334733813135452,2.0362981247497256,2.430648637877365,1.0
50,sc5,29,IW,2.0533593417667975,1.7875579283471001,2.319160755186495,1.0
50,sc5,29,Commensurate,2.2139323565607474,2.0028345808964416,2.4297106807077595,1.0
50,sc5,29,NPE,1.1347992420196533,0.4334073824945709,1.8030586355931537,1.0
50,sc5,30,PSPower,2.323909218978487,2.131352791429896,2.516465646527078,1.0
50,sc5,30,IW,2.0367407355501665,1.7701494093033892,2.3033320617969437,1.0
50,sc5,30,Commensurate,2.321492165865119,2.1332422771148223,2.5070947325719377,1.0
50,sc5,30,NPE,1.2134439945220947,0.6183596519580173,1.8095530899930905,1.0
50,sc5,31,PSPower,2.111670506277995,1.943591681075,2.2797493314809896,1.0
50,sc5,31,IW,1.8860850979312933,1.6691514196726134,2.1030187761899732,1.0
50,sc5,31,Commensurate,1.9712347393118947,1.752142754745965,2.1833855924821735,1.0
50,sc5,31,NPE,1.2748260498046875,0.6800437550859287,1.8624899482144364,1.0
50,sc5,32,PSPower,2.2405670779413858,2.0565865829994774,2.424547572883294,1.0
50,sc5,32,IW,2.038348327820848,1.7774405948048404,2.2992560608368553,1.0
50,sc5,32,Commensurate,2.128020253279351,1.9035166193102069,2.3529035008759207,1.0
50,sc5,32,NPE,1.669954538345337,1.0065477590136338,2.321130303670578,1.0
50,sc5,33,PSPower,2.3260432025264612,2.138532705555752,2.5135536994971703,1.0
50,sc5,33,IW,2.002678677444757,1.7372112947041596,2.2681460601853547,1.0
50,sc5,33,Commensurate,2.1691808067922054,1.920824917688672,2.3995852617233644,1.0
50,sc5,33,NPE,1.389056921005249,0.8859595761532372,1.8933350141745438,1.0
50,sc5,34,PSPower,2.3746079266088413,2.124964874475957,2.624250978741726,1.0
50,sc5,34,IW,2.2653912388148245,1.9592614313853804,2.5715210462442686,1.0
50,sc5,34,Commensurate,2.441424928501931,2.2253463629237547,2.6558874053621486,1.0
50,sc5,34,NPE,1.2553586959838867,0.6276514831331619,1.8663984160174163,1.0
50,sc5,35,PSPower,2.3547236525808013,2.1506801016325774,2.558767203529025,1.0
50,sc5,35,IW,2.1302177686426518,1.8652248426636686,2.395210694621635,1.0
50,sc5,35,Commensurate,2.289194763542277,2.053043442882645,2.5148200150265216,1.0
50,sc5,35,NPE,1.3061972856521606,0.6619526405485043,1.943854775386539,1.0
50,sc5,36,PSPower,2.076304588832516,1.8725584361679222,2.28005074149711,1.0
50,sc5,36,IW,1.9105114376121883,1.6498862629321998,2.171136612292177,1.0
50,sc5,36,Commensurate,1.954377966530503,1.7167887562220843,2.1715901781228903,1.0
50,sc5,36,NPE,1.0936695337295532,0.45032273901703085,1.7487233507717195,1.0
50,sc5,37,PSPower,2.252303433192363,2.0421474354835936,2.462459430901132,1.0
50,sc5,37,IW,2.00913750285877,1.7134541461565043,2.304820859561036,1.0
50,sc5,37,Commensurate,2.2809229523023604,2.064378199036491,2.48462012339127,1.0
50,sc5,37,NPE,1.379432201385498,0.8598210903071987,1.8920303883712986,1.0
50,sc5,38,PSPower,2.0459221677846378,1.832943466141152,2.258900869428124,1.0
50,sc5,38,IW,1.8450390839716484,1.558281612949509,2.131796554993788,1.0
50,sc5,38,Commensurate,2.075466953359195,1.8888800864567383,2.2687476487375466,1.0
50,sc5,38,NPE,1.1375131607055664,0.49002118163347297,1.7526266789766562,1.0
50,sc5,39,PSPower,2.236904822112212,2.046939915262093,2.4268697289623313,1.0
50,sc5,39,IW,2.122186545279143,1.866569877050266,2.37780321350802,1.0
50,sc5,39,Commensurate,2.203110710093675,1.9809201312884916,2.4242220403915216,1.0
50,sc5,39,NPE,1.20613694190979,0.5803447076802818,1.833352840921783,1.0
50,sc5,40,PSPower,2.2320494546001397,2.0250118859839925,2.439087023216287,1.0
50,sc5,40,IW,2.155009841957705,1.8644304281614428,2.4455892557539674,1.0
50,sc5,40,Commensurate,2.252607555970203,2.0287254389347025,2.472536531298933,1.0
50,sc5,40,NPE,1.5503228902816772,1.0330023380235533,2.0827195172942687,1.0
50,sc5,41,PSPower,2.1852343637063134,1.9663956321512852,2.4040730952613414,1.0
50,sc5,41,IW,1.8962752313164715,1.6088041955010626,2.1837462671318804,1.0
50,sc5,41,Commensurate,2.204441497467484,1.9942317224075947,2.428397059447114,1.0
50,sc5,41,NPE,1.1773097515106201,0.4631009056972826,1.8766649383014817,1.0
50,sc5,42,PSPower,2.1969037844788857,2.0195362154885816,2.3742713534691897,1.0
50,sc5,42,IW,1.8978728325722458,1.6561166435279737,2.139629021616518,1.0
50,sc5,42,Commensurate,2.0459819585073435,1.8152719097323669,2.261216545404922,1.0
50,sc5,42,NPE,0.9614394903182983,0.28514932440829655,1.665661865951528,1.0
50,sc5,43,PSPower,2.2898956849327536,2.0974573373102094,2.482334032555298,1.0
50,sc5,43,IW,2.043712863181114,1.7887962498336831,2.2986294765285447,1.0
50,sc5,43,Commensurate,2.1921575871413754,1.9678774457067871,2.4165344360743033,1.0
50,sc5,43,NPE,1.5564342737197876,0.9461806019414964,2.1383388404324175,1.0
50,sc5,44,PSPower,2.1436469991583205,1.9404328956263486,2.3468611026902924,1.0
50,sc5,44,IW,1.921496054064682,1.6416115726449392,2.2013805354844247,1.0
50,sc5,44,Commensurate,2.1760099382067772,1.9809400119850238,2.3769580007625346,1.0
50,sc5,44,NPE,1.0635801553726196,0.42520227069019134,1.7151976016462556,1.0
50,sc5,45,PSPower,2.2027141472968275,1.9968925146523264,2.4085357799413285,1.0
50,sc5,45,IW,1.9477162465977407,1.6669815788443252,2.228450914351156,1.0
50,sc5,45,Commensurate,2.2032122859034295,1.998782832683753,2.399604351118807,1.0
50,sc5,45,NPE,1.4789546728134155,0.8093585679951887,2.156832894067688,1.0
50,sc5,46,PSPower,2.1612243152494863,1.9712166629811962,2.3512319675177764,1.0
50,sc5,46,IW,2.044150717072685,1.8049419475756086,2.2833594865697613,1.0
50,sc5,46,Commensurate,2.139555218824453,1.9306032025682394,2.348599026932414,1.0
50,sc5,46,NPE,1.5434789657592773,0.8534895034542942,2.2550916057900445,1.0
50,sc5,47,PSPower,2.1402550597020342,1.911555912290496,2.3689542071135725,1.0
50,sc5,47,IW,1.8610958111256222,1.5542105256722898,2.1679810965789548,1.0
50,sc5,47,Commensurate,2.1548175016356557,1.9384991844722916,2.365036767422692,1.0
50,sc5,47,NPE,1.341759204864502,0.7375446822429773,1.946713337553678,1.0
50,sc5,48,PSPower,2.309653796440618,2.083612334385491,2.535695258495745,1.0
50,sc5,48,IW,2.1915927750508133,1.8953099203234838,2.487875629778143,1.0
50,sc5,48,Commensurate,2.3631015479340975,2.133687038215767,2.5864807994594634,1.0
50,sc5,48,NPE,1.2900577783584595,0.6990973342528934,1.8732922380527557,1.0
50,sc5,49,PSPower,2.1343474032062337,1.9305748478353018,2.338119958577166,1.0
50,sc5,49,IW,1.949602083810534,1.6954998203793896,2.203704347241678,1.0
50,sc5,49,Commensurate,2.1729334405584897,1.9567299155066216,2.374274196258149,1.0
50,sc5,49,NPE,1.2636351585388184,0.6442610347959927,1.9002452917317159,1.0
50,sc6,0,PSPower,1.704711968460108,1.4523302582742939,1.957093678645922,1.0
50,sc6,0,IW,1.2492062154510142,0.9623188587385121,1.5360935721635163,1.0
50,sc6,0,Commensurate,1.2997801084221292,0.9938581652401177,1.5903137571342194,1.0
50,sc6,0,NPE,1.3329094648361206,0.6432100488346946,2.0413317987884008,1.0
50,sc6,1,PSPower,1.382735885103938,1.0309065528045394,1.7345652174033366,1.0
50,sc6,1,IW,1.0572885146671924,0.6718872851253233,1.4426897442090616,1.0
50,sc6,1,Commensurate,1.484187247159654,1.1653418796849557,1.7948283111802084,1.0
50,sc6,1,NPE,0.9519979953765869,0.40481743707953755,1.5084309347957736,1.0
50,sc6,2,PSPower,1.4231376199024386,1.1172969807917603,1.7289782590131169,1.0
50,sc6,2,IW,1.0927540648325953,0.7384394454048424,1.4470686842603482,1.0
50,sc6,2,Commensurate,1.4135406823771393,1.1044129926847972,1.7196802234892163,1.0
50,sc6,2,NPE,0.9638729691505432,0.35558941348261625,1.5832758625702956,1.0
50,sc6,3,PSPower,1.5908035431206875,1.268398743463571,1.913208342777804,1.0
50,sc6,3,IW,1.319274775193806,0.961138354223847,1.6774111961637652,1.0
50,sc6,3,Commensurate,1.6646734187631647,1.3441153792530212,1.9741583714374191,1.0
50,sc6,3,NPE,1.4544283151626587,0.8340627076480119,2.082878282819227,1.0
50,sc6,4,PSPower,1.9963479215878925,1.68653726974478,2.3061585734310053,1.0
50,sc6,4,IW,1.6744843245797505,1.3155169474488297,2.0334517017106712,1.0
50,sc6,4,Commensurate,1.8113081428497104,1.485313453498353,2.1260103774092927,1.0
50,sc6,4,NPE,1.4523245096206665,0.8532845839912585,2.046110086145948,1.0
50,sc6,5,PSPower,1.617513461002311,1.3229914654152881,1.9120354565893338,1.0
50,sc6,5,IW,1.2802153391213724,0.9340110933996352,1.6264195848431098,1.0
50,sc6,5,Commensurate,1.6048878057815519,1.2960306739479037,1.9050365309593709,1.0
50,sc6,5,NPE,0.9997172355651855,0.39610080796521113,1.5671651212291087,1.0
50,sc6,6,PSPower,1.800332505283225,1.44958297400792,2.15108203655853,1.0
50,sc6,6,IW,1.5683162154632875,1.1760857053341276,1.9605467255924474,1.0
50,sc6,6,Commensurate,1.8265872695291039,1.5034106823799605,2.1655041890329074,1.0
50,sc6,6,NPE,1.01032555103302,0.4525980723317862,1.5804058041557651,1.0
50,sc6,7,PSPower,1.7732988667677474,1.4970112984155446,2.04958643511995,1.0
50,sc6,7,IW,1.3835919632683222,1.069232271641978,1.6979516548946665,1.0
50,sc6,7,Commensurate,1.5313914047526682,1.2447321004763237,1.8339930046738901,1.0
50,sc6,7,NPE,1.2182486057281494,0.5713711548949867,1.888023788354525,1.0
50,sc6,8,PSPower,1.5242816193304976,1.2580603776157697,1.7905028610452254,1.0
50,sc6,8,IW,1.2148814989262005,0.9183013222070984,1.5114616756453025,1.0
50,sc6,8,Commensurate,1.3003971994424215,1.0015613343313756,1.5833743931442417,1.0
50,sc6,8,NPE,1.1879873275756836,0.5944496000449755,1.7842232414712422,1.0
50,sc6,9,PSPower,1.5986506654625439,1.2919151155720392,1.9053862153530485,1.0
50,sc6,9,IW,1.2370369967244874,0.8948526438598118,1.579221349589163,1.0
50,sc6,9,Commensurate,1.573376019333829,1.265187461673219,1.8749811666289136,1.0
50,sc6,9,NPE,0.8142791986465454,0.26081682950870444,1.3894683957927096,1.0
50,sc6,10,PSPower,1.5299524249983303,1.264393705614535,1.7955111443821257,1.0
50,sc6,10,IW,1.3412299885947236,1.063546993187792,1.6189129840016554,1.0
50,sc6,10,Commensurate,1.4162756677654798,1.130441413774221,1.6924664232870927,1.0
50,sc6,10,NPE,1.2271308898925781,0.5409153103107904,1.8973967029974321,1.0
50,sc6,11,PSPower,1.7938291444079655,1.4552287063793412,2.1324295824365898,1.0
50,sc6,11,IW,1.4574751736305271,1.0684419890161179,1.8465083582449364,1.0
50,sc6,11,Commensurate,1.7676573718771709,1.457451633925689,2.066829300271175,1.0
50,sc6,11,NPE,1.375548243522644,0.6602892476313735,2.0714785812107515,1.0
50,sc6,12,PSPower,1.7684038788639125,1.4869237420495753,2.0498840156782494,1.0
50,sc6,12,IW,1.4065384967524974,1.0831510524781418,1.729925941026853,1.0
50,sc6,12,Commensurate,1.5166605043896513,1.1926823775393862,1.8503256191538386,1.0
50,sc6,12,NPE,1.3136885166168213,0.5965725774186903,2.031740026204241,1.0
50,sc6,13,PSPower,1.3465273567532963,1.0025435403944167,1.6905111731121758,1.0
50,sc6,13,IW,0.9162790540215927,0.5163837714429182,1.3161743366002672,1.0
50,sc6,13,Commensurate,1.3834816517766368,1.079641864801542,1.6931574518711299,1.0
50,sc6,13,NPE,0.977697491645813,0.4211619675996571,1.5371495219440952,1.0
50,sc6,14,PSPower,1.5261971005202102,1.1772608774969835,1.8751333235434369,1.0
50,sc6,14,IW,1.29814406215392,0.9036371941095793,1.6926509301982606,1.0
50,sc6,14,Commensurate,1.5262146368292326,1.2139281825244237,1.829796344166891,1.0
50,sc6,14,NPE,1.1833587884902954,0.5853342950099154,1.8063132990989543,1.0
50,sc6,15,PSPower,1.671153534108861,1.41442927155639,1.927877796661332,1.0
50,sc6,15,IW,1.2854484134683506,0.9925174324273052,1.578379394509396,1.0
50,sc6,15,Commensurate,1.303582162527736,1.0117830507304353,1.5891391411928169,1.0
50,sc6,15,NPE,1.0421427488327026,0.41989792195453657,1.6322063890843674,1.0
50,sc6,16,PSPower,1.2901250928122463,0.9734125590440544,1.6068376265804383,1.0
50,sc6,16,IW,0.8999142925027187,0.5371920576625434,1.2626365273428939,1.0
50,sc6,16,Commensurate,1.1957734426134772,0.8488426626175523,1.510710203313233,1.0
50,sc6,16,NPE,0.9613953232765198,0.3675318019069547,1.563771355332088,1.0
50,sc6,17,PSPower,1.7801657960690662,1.4996036695446529,2.06072792259348,1.0
50,sc6,17,IW,1.5307080673319249,1.212408941907536,1.8490071927563139,1.0
50,sc6,17,Commensurate,1.6008444328279647,1.2984773723911203,1.8994654334119028,1.0
50,sc6,17,NPE,1.319646954536438,0.7368816624361048,1.8825539741289061,1.0
50,sc6,18,PSPower,1.5003447241837007,1.1448448503288946,1.8558445980385068,1.0
50,sc6,18,IW,1.2679890324757195,0.8746041008672826,1.6613739640841563,1.0
50,sc6,18,Commensurate,1.5836829755916306,1.2492340185580952,1.9082098415940831,1.0
50,sc6,18,NPE,1.2713468074798584,0.6902809677139916,1.8608579774050436,1.0
50,sc6,19,PSPower,1.5768975558168559,1.2702247055139815,1.8835704061197303,1.0
50,sc6,19,IW,1.226597384202473,0.8793618579394106,1.5738329104655358,1.0
50,sc6,19,Commensurate,1.506697232599122,1.1729007023499889,1.8221147221039025,1.0
50,sc6,19,NPE,1.2278826236724854,0.5862015538191392,1.8790596385587226,1.0
50,sc6,20,PSPower,1.9493685591893943,1.6499062270213511,2.2488308913574375,1.0
50,sc6,20,IW,1.6304477746233315,1.2912611798230247,1.9696343694236382,1.0
50,sc6,20,Commensurate,1.7528768233540248,1.4481788373447728,2.0573318408270467,1.0
50,sc6,20,NPE,1.7034991979599,1.0589551438540963,2.3571230450361047,1.0
50,sc6,21,PSPower,1.3972661113531122,1.0754249435627021,1.7191072791435222,1.0
50,sc6,21,IW,1.0784687415254297,0.7193747271906549,1.4375627558602044,1.0
50,sc6,21,Commensurate,1.4541241955496698,1.131886567905499,1.7634795113850459,1.0
50,sc6,21,NPE,0.9134399890899658,0.2998671396812322,1.5366687709277402,1.0
50,sc6,22,PSPower,1.8222658928784023,1.525571257696264,2.118960528060541,1.0
50,sc6,22,IW,1.434416349927687,1.0742123053021988,1.7946203945531751,1.0
50,sc6,22,Commensurate,1.601906329292265,1.2785398919383002,1.9085548121561113,1.0
50,sc6,22,NPE,1.168087124824524,0.4423464500997259,1.894001095673236,1.0
50,sc6,23,PSPower,1.7862936062022396,1.5060693496054554,2.066517862799024,1.0
50,sc6,23,IW,1.4138547264104733,1.1021440207667006,1.725565432054246,1.0
50,sc6,23,Commensurate,1.511362152149281,1.2191607004070528,1.7925778020697363,1.0
50,sc6,23,NPE,1.165895700454712,0.5895958729532583,1.7187156325877473,1.0
50,sc6,24,PSPower,1.573044265372628,1.307343427860332,1.838745102884924,1.0
50,sc6,24,IW,1.2879414764561354,0.9945546781518662,1.5813282747604047,1.0
50,sc6,24,Commensurate,1.4073605629330888,1.1421269973317558,1.6811827549649487,1.0
50,sc6,24,NPE,0.9692010879516602,0.3992234377802529,1.5438146297322617,1.0
50,sc6,25,PSPower,1.4414353087598555,1.1310275444253048,1.7518430730944061,1.0
50,sc6,25,IW,1.1411617200539363,0.7918070152143708,1.490516424893502,1.0
50,sc6,25,Commensurate,1.4636380152272732,1.1636276303397104,1.7605341632262939,1.0
50,sc6,25,NPE,1.115752935409546,0.5411072353566923,1.706184313825612,1.0
50,sc6,26,PSPower,1.6510408301051085,1.356813263401431,1.945268396808786,1.0
50,sc6,26,IW,1.394332899667114,1.075757568483347,1.7129082308508812,1.0
50,sc6,26,Commensurate,1.5184156502548243,1.230738611305168,1.8142394970880296,1.0
50,sc6,26,NPE,1.0670534372329712,0.5558754999789606,1.5584342124515516,1.0
50,sc6,27,PSPower,1.5271403774573422,1.2208985371546426,1.8333822177600418,1.0
50,sc6,27,IW,1.2525184804930656,0.9075263092581729,1.5975106517279583,1.0
50,sc6,27,Commensurate,1.4712455400014037,1.157718476516416,1.7855315627219324,1.0
50,sc6,27,NPE,1.3404487371444702,0.743889377789594,1.9436085777261618,1.0
50,sc6,28,PSPower,1.4539637598084851,1.127279354598285,1.7806481650186852,1.0
50,sc6,28,IW,1.2721904245148978,0.9197250688057352,1.6246557802240604,1.0
50,sc6,28,Commensurate,1.4974091547486554,1.1637192451739464,1.8345070629261708,1.0
50,sc6,28,NPE,1.175986886024475,0.5985289213504775,1.7385801600068436,1.0
50,sc6,29,PSPower,1.506559645367145,1.2328803605188574,1.7802389302154327,1.0
50,sc6,29,IW,1.2045621015346335,0.902524379674144,1.506599823395123,1.0
50,sc6,29,Commensurate,1.4889334874241158,1.199224537153669,1.7693198140633672,1.0
50,sc6,29,NPE,0.9089346528053284,0.3637854249866628,1.4253975489991455,1.0
50,sc6,30,PSPower,1.3896014983311422,1.092851816756899,1.6863511799053854,1.0
50,sc6,30,IW,1.0969162373690604,0.756119293323056,1.4377131814150648,1.0
50,sc6,30,Commensurate,1.330168025925477,1.0194640596991669,1.6334903326574852,1.0
50,sc6,30,NPE,1.0231847763061523,0.2974008440821686,1.7481252777893959,1.0
50,sc6,31,PSPower,1.6368952422544523,1.357323940974406,1.9164665435344985,1.0
50,sc6,31,IW,1.2029815724691457,0.8875522070417482,1.5184109378965434,1.0
50,sc6,31,Commensurate,1.4247980669478197,1.1059692585983392,1.7477842419199319,1.0
50,sc6,31,NPE,1.233579397201538,0.760764882206816,1.723728407816039,1.0
50,sc6,32,PSPower,1.2305139170575947,0.9644604211549515,1.496567412960238,1.0
50,sc6,32,IW,1.1301174618059788,0.8546826500864693,1.4055522735254884,1.0
50,sc6,32,Commensurate,1.2168674316366392,0.9660536379330362,1.4641256200073043,1.0
50,sc6,32,NPE,0.9810914993286133,0.44365909590744323,1.5221087137443725,1.0
50,sc6,33,PSPower,1.395833371620615,1.0984105833764193,1.6932561598648108,1.0
50,sc6,33,IW,1.1140948340108312,0.7781916901686643,1.449997977852998,1.0
50,sc6,33,Commensurate,1.4394270236972693,1.1324801022121185,1.7295866320302915,1.0
50,sc6,33,NPE,0.9790979623794556,0.416467605024178,1.578402929882493,1.0
50,sc6,34,PSPower,1.2685250496296634,0.9512483918546197,1.585801707404707,1.0
50,sc6,34,IW,0.9986525680922909,0.6478043887980398,1.349500747386542,1.0
50,sc6,34,Commensurate,1.2281537964214764,0.908899582219487,1.5404180348973187,1.0
50,sc6,34,NPE,0.912621796131134,0.3560964270827282,1.491404828975993,1.0
50,sc6,35,PSPower,1.416787104801848,1.1082405169708685,1.7253336926328278,1.0
50,sc6,35,IW,0.9994323927075165,0.652679227446363,1.3461855579686701,1.0
50,sc6,35,Commensurate,1.2818517209892835,0.9574648770004954,1.6021894655792401,1.0
50,sc6,35,NPE,0.5652899742126465,0.08651800292651218,1.0535747951549068,1.0
50,sc6,36,PSPower,1.4508670371395733,1.1715035125674143,1.7302305617117324,1.0
50,sc6,36,IW,1.148727866574409,0.8358621190466082,1.4615936141022097,1.0
50,sc6,36,Commensurate,1.4417436101464496,1.1440348101064783,1.7183692407935935,1.0
50,sc6,36,NPE,1.1036500930786133,0.4567172009618966,1.7498449523585347,1.0
50,sc6,37,PSPower,1.7085603258933675,1.371366346907043,2.045754304879692,1.0
50,sc6,37,IW,1.4883463815815314,1.1086442349002492,1.8680485282628136,1.0
50,sc6,37,Commensurate,1.7063237545754686,1.406050149299974,2.0240095413606105,1.0
50,sc6,37,NPE,1.611955165863037,0.9937749739209194,2.227766890690556,1.0
50,sc6,38,PSPower,1.5974058604205954,1.2671627144864432,1.9276490063547476,1.0
50,sc6,38,IW,1.2279724503632103,0.8384111030738872,1.6175337976525335,1.0
50,sc6,38,Commensurate,1.5722911598593774,1.2335837230805433,1.8978407402349593,1.0
50,sc6,38,NPE,1.0221538543701172,0.39062054594532114,1.641574394268285,1.0
50,sc6,39,PSPower,1.4711653401501599,1.1514758536402725,1.7908548266600472,1.0
50,sc6,39,IW,1.1782361924854161,0.8245054965825869,1.5319668883882454,1.0
50,sc6,39,Commensurate,1.4153742663864224,1.0828153269174763,1.719392223114787,1.0
50,sc6,39,NPE,1.392950415611267,0.7692665017711368,2.0219211394489007,1.0
50,sc6,40,PSPower,1.468906194995676,1.220476313745705,1.717336076245647,1.0
50,sc6,40,IW,1.1961304766283423,0.9164368342828226,1.475824118973862,1.0
50,sc6,40,Commensurate,1.2360181651027997,0.9563689220339304,1.4973822583293221,1.0
50,sc6,40,NPE,1.4316695928573608,0.7430010343288719,2.128627486141999,1.0
50,sc6,41,PSPower,1.7048582892847004,1.3640408570190936,2.045675721550307,1.0
50,sc6,41,IW,1.4769593829439625,1.1089811266035916,1.8449376392843333,1.0
50,sc6,41,Commensurate,1.750262244854337,1.4449606908832338,2.057693840499705,1.0
50,sc6,41,NPE,1.178119421005249,0.5803088151881856,1.7631622499480857,1.0
50,sc6,42,PSPower,1.366239784231842,1.0949321233435088,1.637547445120175,1.0
50,sc6,42,IW,1.067177046334925,0.7510023222652884,1.3833517704045617,1.0
50,sc6,42,Commensurate,1.1559790380288213,0.8539126082325829,1.4381909452822979,1.0
50,sc6,42,NPE,1.1068629026412964,0.496841212222192,1.7392572084787723,1.0
50,sc6,43,PSPower,1.7225681091526388,1.461760967532273,1.9833752507730047,1.0
50,sc6,43,IW,1.345573038531054,1.0544295204414174,1.6367165566206907,1.0
50,sc6,43,Commensurate,1.4531614478962747,1.1443980544155197,1.7479516229324963,1.0
50,sc6,43,NPE,1.043062448501587,0.35976525998633324,1.7305299696008458,1.0
50,sc6,44,PSPower,1.7464813249091606,1.469241177605139,2.0237214722131824,1.0
50,sc6,44,IW,1.5283010780226005,1.2283830837352727,1.8282190723099283,1.0
50,sc6,44,Commensurate,1.7497108116627242,1.446955750890335,2.0359082797488695,1.0
50,sc6,44,NPE,1.3688530921936035,0.8071073896029692,1.9162678979546004,1.0
50,sc6,45,PSPower,1.3881808168967495,1.1148110689766,1.6615505648168991,1.0
50,sc6,45,IW,1.1377314601700914,0.8330636123049335,1.4423993080352493,1.0
50,sc6,45,Commensurate,1.2972836688277245,1.009556867587736,1.590788685095472,1.0
50,sc6,45,NPE,0.7992680072784424,0.2760068027322501,1.355659334448214,1.0
50,sc6,46,PSPower,1.4514901431652127,1.1476153968465241,1.7553648894839013,1.0
50,sc6,46,IW,1.1100919383052241,0.7604823335686524,1.459701543041796,1.0
50,sc6,46,Commensurate,1.3809977942154523,1.0632950688037341,1.6640557598974621,1.0
50,sc6,46,NPE,1.020904302597046,0.45902744794358086,1.555818112485307,1.0
50,sc6,47,PSPower,1.4263492494793106,1.0705404823189624,1.782158016639659,1.0
50,sc6,47,IW,1.0526189392409036,0.652667628854698,1.4525702496271091,1.0
50,sc6,47,Commensurate,1.365593982817264,1.0300590333208548,1.6716434274296128,1.0
50,sc6,47,NPE,1.061827540397644,0.4263150916492824,1.6757817972711244,1.0
50,sc6,48,PSPower,1.036934504189289,0.6930221995489965,1.3808468088295816,1.0
50,sc6,48,IW,0.7694361160878771,0.38790832666008834,1.150963905515666,1.0
50,sc6,48,Commensurate,1.02713838542236,0.6972430904311402,1.344291572272416,1.0
50,sc6,48,NPE,0.8090856075286865,0.22117221333211312,1.3741014086037946,1.0
50,sc6,49,PSPower,1.9016765966109541,1.6034917789079088,2.1998614143139994,1.0
50,sc6,49,IW,1.5160746361895543,1.1779932045010937,1.854156067878015,1.0
50,sc6,49,Commensurate,1.873618975545758,1.5871324025168636,2.1500262990967336,1.0
50,sc6,49,NPE,1.096115231513977,0.5104218038517752,1.6762898586369332,1.0
100,sc1,0,PSPower,0.904762488625562,0.7119685102592191,1.097556466991905,1.0
100,sc1,0,IW,0.8588486215556894,0.6152392432033176,1.1024579999080613,1.0
100,sc1,0,Commensurate,0.9079419404028269,0.7264020396089066,1.096171095262192,1.0
100,sc1,0,NPE,0.8847988843917847,0.34449850056807124,1.4181780245879123,1.0
100,sc1,1,PSPower,1.0186178484820714,0.834721010700914,1.2025146862632288,1.0
100,sc1,1,IW,1.0490830352064477,0.8082433209222056,1.2899227494906897,1.0
100,sc1,1,Commensurate,0.9923833052138152,0.811630290543367,1.1700306147055604,1.0
100,sc1,1,NPE,0.9817341566085815,0.3843027271255025,1.5870214885438485,1.0
100,sc1,2,PSPower,1.0294220872159268,0.8442183348931149,1.2146258395387386,1.0
100,sc1,2,IW,0.965325180669863,0.7246642300058338,1.205986131333892,1.0
100,sc1,2,Commensurate,1.0391100886071563,0.8515220060118938,1.2175343461438999,1.0
100,sc1,2,NPE,0.9390430450439453,0.3360718266916302,1.5352227820776374,1.0
100,sc1,3,PSPower,1.0915045700637334,0.900939831053542,1.2820693090739246,1.0
100,sc1,3,IW,1.14293169389671,0.9042353912349721,1.381627996558448,1.0
100,sc1,3,Commensurate,1.0976727958892385,0.906459024599549,1.2748853967250564,1.0
100,sc1,3,NPE,1.370674729347229,0.7145871524896895,2.0200194874654334,1.0
100,sc1,4,PSPower,1.095968357042523,0.9290660076292367,1.2628707064558091,1.0
100,sc1,4,IW,1.0912271114877767,0.8796067749312537,1.3028474480442997,1.0
100,sc1,4,Commensurate,1.0900203983997976,0.9122331283978172,1.257471304136761,1.0
100,sc1,4,NPE,1.1546512842178345,0.5384902498701947,1.7550653889646528,1.0
100,sc1,5,PSPower,0.9701072706693893,0.7988287312473047,1.141385810091474,1.0
100,sc1,5,IW,0.9655139909779255,0.7454664735697553,1.1855615083860958,1.0
100,sc1,5,Commensurate,0.9650194629672502,0.7813147947869058,1.13814087852994,1.0
100,sc1,5,NPE,1.070940375328064,0.4480751679260866,1.7159208850604968,1.0
100,sc1,6,PSPower,1.2242661270725064,1.0216851030284755,1.4268471511165373,1.0
100,sc1,6,IW,1.2556257923674499,0.9920488735477981,1.5192027111871016,1.0
100,sc1,6,Commensurate,1.2116430781203098,1.0116545093111706,1.4094941380212993,1.0
100,sc1,6,NPE,1.175283670425415,0.5786542998916967,1.760450627763108,1.0
100,sc1,7,PSPower,0.9931183315254802,0.800539870772625,1.1856967922783355,1.0
100,sc1,7,IW,1.0312598664314834,0.7794735965550728,1.283046136307894,1.0
100,sc1,7,Commensurate,0.9921954416828944,0.8110179587628429,1.1739241483364788,1.0
100,sc1,7,NPE,1.076835036277771,0.4333707409764357,1.7223483352267348,1.0
100,sc1,8,PSPower,1.218829929450153,1.0546123635115177,1.3830474953887884,1.0
100,sc1,8,IW,1.1699431821859232,0.9568404939983995,1.383045870373447,1.0
100,sc1,8,Commensurate,1.2053379449020312,1.0386985599964753,1.3728243024063902,1.0
100,sc1,8,NPE,1.2031927108764648,0.6436244538077975,1.7638468382222947,1.0
100,sc1,9,PSPower,0.954386565916722,0.7550897666409523,1.1536833651924918,1.0
100,sc1,9,IW,0.9066799361164283,0.6600333522869285,1.1533265199459282,1.0
100,sc1,9,Commensurate,0.9485757288834997,0.7556720472551514,1.1427823482391628,1.0
100,sc1,9,NPE,1.1281818151474,0.5674543523516666,1.680983211084546,1.0
100,sc1,10,PSPower,1.0385109077951442,0.8621948278786127,1.2148269877116757,1.0
100,sc1,10,IW,1.0478592933206794,0.8191918426822191,1.2765267439591397,1.0
100,sc1,10,Commensurate,1.057039732862991,0.8810011596451189,1.241826833491313,1.0
100,sc1,10,NPE,1.1616933345794678,0.5008747679465467,1.8348962356179026,1.0
100,sc1,11,PSPower,0.9144716331130837,0.7047066691893662,1.1242365970368011,1.0
100,sc1,11,IW,0.8238327922146315,0.5696245060626579,1.078041078366605,1.0
100,sc1,11,Commensurate,0.9064155311445402,0.723487626435139,1.093967674468308,1.0
100,sc1,11,NPE,1.05756676197052,0.4234323433392905,1.6679920263436583,1.0
100,sc1,12,PSPower,0.829406783455597,0.6238244767492989,1.0349890901618952,1.0
100,sc1,12,IW,0.8516206387695967,0.5826497262224075,1.120591551316786,1.0
100,sc1,12,Commensurate,0.8306906417309335,0.6323273380133858,1.0360306702351942,1.0
100,sc1,12,NPE,0.8836665153503418,0.23691804056277466,1.5474003429527874,1.0
100,sc1,13,PSPower,0.9081259350634634,0.7077844879720515,1.1084673821548754,1.0
100,sc1,13,IW,0.8682942289391558,0.6069823749453263,1.1296060829329853,1.0
100,sc1,13,Commensurate,0.9120710478820467,0.714659266814908,1.1058176632251167,1.0
100,sc1,13,NPE,0.8886979818344116,0.2404347863945728,1.5477253081143045,1.0
100,sc1,14,PSPower,1.0258301335564097,0.8159686076519311,1.2356916594608882,1.0
100,sc1,14,IW,0.9812425068769187,0.7154879385363941,1.2469970752174433,1.0
100,sc1,14,Commensurate,1.0363421277668363,0.832415137116334,1.233362599277471,1.0
100,sc1,14,NPE,0.8743075728416443,0.283243445357956,1.4735227709561765,1.0
100,sc1,15,PSPower,1.1187282771025149,0.9014519903909656,1.336004563814064,1.0
100,sc1,15,IW,1.1375199508167013,0.8675804886893208,1.4074594129440818,1.0
100,sc1,15,Commensurate,1.1258160881674217,0.9348136559132748,1.3245239381649432,1.0
100,sc1,15,NPE,1.373260736465454,0.8125026171437767,1.9433807256255493,1.0
100,sc1,16,PSPower,1.036542126720662,0.8455301176339305,1.2275541358073936,1.0
100,sc1,16,IW,1.0631781365727142,0.819021062937979,1.3073352102074494,1.0
100,sc1,16,Commensurate,1.063259100437569,0.8818925446436106,1.2433925040878218,1.0
100,sc1,16,NPE,1.439407467842102,0.7680781032614258,2.112583583389609,1.0
100,sc1,17,PSPower,1.0021107982513766,0.8243880142268982,1.179833582275855,1.0
100,sc1,17,IW,1.104110660352294,0.8768166959756347,1.3314046247289535,1.0
100,sc1,17,Commensurate,0.9748901530647033,0.8015284221239124,1.1479139999253178,1.0
100,sc1,17,NPE,0.9937125444412231,0.388361386847645,1.6045600323389726,1.0
100,sc1,18,PSPower,1.1423454320777977,0.9543656054878439,1.3303252586677516,1.0
100,sc1,18,IW,1.1320639755702415,0.8894243038156261,1.3747036473248568,1.0
100,sc1,18,Commensurate,1.1346353115308883,0.9474183463270447,1.3093571346644304,1.0
100,sc1,18,NPE,1.3355598449707031,0.6691685415836274,1.972772819662237,1.0
100,sc1,19,PSPower,1.0951541405873544,0.9050907238019003,1.2852175573728086,1.0
100,sc1,19,IW,1.1292921046507964,0.8818369357214433,1.3767472735801496,1.0
100,sc1,19,Commensurate,1.0952898035799803,0.9107185322928062,1.2764097584970946,1.0
100,sc1,19,NPE,1.3417584896087646,0.7052286401504295,1.9900143829369938,1.0
100,sc1,20,PSPower,1.1438462911796852,0.9480109646887704,1.3396816176706,1.0
100,sc1,20,IW,1.0547560187810134,0.8026204350292212,1.3068916025328057,1.0
100,sc1,20,Commensurate,1.120437416829372,0.9319174927215912,1.3096581128135831,1.0
100,sc1,20,NPE,1.2473360300064087,0.622032098645997,1.886567111270592,1.0
100,sc1,21,PSPower,0.9509789558250656,0.753218282574743,1.1487396290753882,1.0
100,sc1,21,IW,0.8812693050641766,0.6304250096509123,1.1321136004774408,1.0
100,sc1,21,Commensurate,0.9656907563329319,0.777772158493305,1.158756873661282,1.0
100,sc1,21,NPE,0.834942638874054,0.2629049020846358,1.3805972929590584,1.0
100,sc1,22,PSPower,1.0307420901322635,0.838804875376145,1.222679304888382,1.0
100,sc1,22,IW,1.042323277300938,0.8054774636897192,1.279169090912157,1.0
100,sc1,22,Commensurate,1.0306043132017948,0.8351957232090471,1.2186556429353461,1.0
100,sc1,22,NPE,1.3228633403778076,0.7158740377500333,1.929150213520935,1.0
100,sc1,23,PSPower,0.9086401947217351,0.7166722339281306,1.1006081555153395,1.0
100,sc1,23,IW,0.8937461897004682,0.6457665319719277,1.1417258474290086,1.0
100,sc1,23,Commensurate,0.9156366073601415,0.7188334023683223,1.1030918607398497,1.0
100,sc1,23,NPE,1.0738558769226074,0.4216618010357042,1.7404508112312123,1.0
100,sc1,24,PSPower,1.0219468261538007,0.8685051300018285,1.175388522305773,1.0
100,sc1,24,IW,0.9920464889471988,0.7921574455100198,1.1919355323843779,1.0
100,sc1,24,Commensurate,0.9998123783948122,0.8373304667340931,1.1558760737727958,1.0
100,sc1,24,NPE,1.1926168203353882,0.6783225875064812,1.7371688230867246,1.0
100,sc1,25,PSPower,1.005929052144417,0.828912958090056,1.182945146198778,1.0
100,sc1,25,IW,1.0074966321218983,0.7867617709860801,1.2282314932577165,1.0
100,sc1,25,Commensurate,1.031303504256724,0.8576121706341585,1.2027805712299884,1.0
100,sc1,25,NPE,1.049776315689087,0.431992644341106,1.6917432988550376,1.0
100,sc1,26,PSPower,1.1035426132337804,0.8900052853980622,1.3170799410694987,1.0
100,sc1,26,IW,1.1121228206068208,0.846716717493385,1.3775289237202566,1.0
100,sc1,26,Commensurate,1.127441220316194,0.91676421353533,1.3404474687760117,1.0
100,sc1,26,NPE,1.1499589681625366,0.5709457512470449,1.7173676347556925,1.0
100,sc1,27,PSPower,0.9305166987266791,0.7082651925493728,1.1527682049039853,1.0
100,sc1,27,IW,0.9622885914752312,0.6765674393855008,1.2480097435649615,1.0
100,sc1,27,Commensurate,0.9241320463275422,0.7182128302032361,1.1326556519717472,1.0
100,sc1,27,NPE,0.9847683906555176,0.35275381309745707,1.6001979398411257,1.0
100,sc1,28,PSPower,1.123991271553508,0.9067965806745218,1.3411859624324942,1.0
100,sc1,28,IW,1.135480024408355,0.8634801870003366,1.4074798618163733,1.0
100,sc1,28,Commensurate,1.093840419144336,0.8907021410263561,1.2862365088651513,1.0
100,sc1,28,NPE,1.1793162822723389,0.48627526426958767,1.8507842251262832,1.0
100,sc1,29,PSPower,0.857604342264156,0.6326881128347867,1.0825205716935253,1.0
100,sc1,29,IW,0.8975465740611028,0.6109189987637269,1.1841741493584788,1.0
100,sc1,29,Commensurate,0.875333737075275,0.6682550522266376,1.0776156683821771,1.0
100,sc1,29,NPE,0.8110084533691406,0.14844965105901956,1.4921138688484425,1.0
100,sc1,30,PSPower,0.9633985496005137,0.7361579622965981,1.1906391369044294,1.0
100,sc1,30,IW,0.953496024047907,0.6712359596555709,1.235756088440243,1.0
100,sc1,30,Commensurate,0.9581090530373348,0.7423843344182663,1.1916234440071236,1.0
100,sc1,30,NPE,1.1679679155349731,0.5570280611726804,1.8086808553896612,1.0
100,sc1,31,PSPower,1.0098800710686722,0.8169365267117117,1.2028236154256327,1.0
100,sc1,31,IW,1.0196735189051724,0.7727465070551987,1.2666005307551462,1.0
100,sc1,31,Commensurate,1.0097366173497573,0.8225060462803246,1.1978724009965083,1.0
100,sc1,31,NPE,1.211499810218811,0.5482861145589687,1.8887242350361688,1.0
100,sc1,32,PSPower,1.0653420349255205,0.860230901833333,1.270453168017708,1.0
100,sc1,32,IW,1.1233068942821376,0.8666195544080681,1.379994234156207,1.0
100,sc1,32,Commensurate,1.0545678709209523,0.8664033837843063,1.2498614684617309,1.0
100,sc1,32,NPE,1.1362926959991455,0.5605875046630718,1.7143065395885864,1.0
100,sc1,33,PSPower,0.8128587048919751,0.6239791252596982,1.001738284524252,1.0
100,sc1,33,IW,0.8706750686559396,0.6319946252280519,1.1093555120838272,1.0
100,sc1,33,Commensurate,0.8352077761263038,0.6591393389813825,1.0072355251242306,1.0
100,sc1,33,NPE,1.044701099395752,0.4423533529964088,1.684543902105176,1.0
100,sc1,34,PSPower,1.133215429731397,0.9510324348429408,1.3153984246198531,1.0
100,sc1,34,IW,1.097451902896145,0.8689204586377708,1.325983347154519,1.0
100,sc1,34,Commensurate,1.1359108949517824,0.9599824598913314,1.3096624587106924,1.0
100,sc1,34,NPE,1.203549861907959,0.6263273380197717,1.7728112798383935,1.0
100,sc1,35,PSPower,1.083958991897034,0.8929101247714251,1.275007859022643,1.0
100,sc1,35,IW,1.0774692005714397,0.8470609800344941,1.3078774211083852,1.0
100,sc1,35,Commensurate,1.0828144475248445,0.8944335405457905,1.2682457969846164,1.0
100,sc1,35,NPE,1.3592185974121094,0.8181590405236134,1.878059791248742,1.0
100,sc1,36,PSPower,1.317535186778669,1.1307129921436059,1.5043573814137323,1.0
100,sc1,36,IW,1.4612965776598195,1.2223088923424519,1.700284262977187,1.0
100,sc1,36,Commensurate,1.3221533322359298,1.1386370689227376,1.5073427361827045,1.0
100,sc1,36,NPE,1.370104432106018,0.8052325821645739,1.9201236056262745,1.0
100,sc1,37,PSPower,0.9438643591433864,0.738362667789638,1.1493660504971348,1.0
100,sc1,37,IW,1.008565361693003,0.760323308432715,1.256807414953291,1.0
100,sc1,37,Commensurate,0.9329826485223803,0.7455011719896932,1.1227476710015338,1.0
100,sc1,37,NPE,0.9682653546333313,0.324049630972331,1.6190447588685883,1.0
100,sc1,38,PSPower,0.9480627237661117,0.7384888481081633,1.15763659942406,1.0
100,sc1,38,IW,0.9899842885017313,0.7135265301253141,1.2664420468781485,1.0
100,sc1,38,Commensurate,0.9482209358651993,0.7408936912181198,1.1556773126116606,1.0
100,sc1,38,NPE,1.1643810272216797,0.45629518347826903,1.8517863999808497,1.0
100,sc1,39,PSPower,0.9384749514589054,0.7340766984002436,1.1428732045175671,1.0
100,sc1,39,IW,0.9757364306835212,0.7112536554458069,1.2402192059212356,1.0
100,sc1,39,Commensurate,0.9687962099876793,0.7692379062994713,1.1536728580570936,1.0
100,sc1,39,NPE,1.1371814012527466,0.48208122785497337,1.8311029405927322,1.0
100,sc1,40,PSPower,1.0987405912584023,0.9118305339904614,1.285650648526343,1.0
100,sc1,40,IW,1.1128834915337449,0.8638767636897138,1.361890219377776,1.0
100,sc1,40,Commensurate,1.1278999209981388,0.9331941396606787,1.3266182682555434,1.0
100,sc1,40,NPE,1.5445568561553955,0.9339003431746015,2.1307615635229484,1.0
100,sc1,41,PSPower,0.9289080877927931,0.7624341812591875,1.0953819943263987,1.0
100,sc1,41,IW,0.927247666193757,0.7168258714389721,1.1376694609485418,1.0
100,sc1,41,Commensurate,0.934228129410666,0.7667431206698491,1.100488624180412,1.0
100,sc1,41,NPE,1.0543886423110962,0.45018988469298116,1.6389745933447566,1.0
100,sc1,42,PSPower,0.9831766574101194,0.7894371856320481,1.1769161291881907,1.0
100,sc1,42,IW,0.9488609146073878,0.7013126669349248,1.1964091622798507,1.0
100,sc1,42,Commensurate,0.993054681834569,0.8049462681748462,1.1749887882972185,1.0
100,sc1,42,NPE,1.1523574590682983,0.5763963466892278,1.7427028215305373,1.0
100,sc1,43,PSPower,0.8155447816824217,0.6062203683350824,1.024869195029761,1.0
100,sc1,43,IW,0.8559400551339454,0.5930364819574785,1.1188436283104124,1.0
100,sc1,43,Commensurate,0.7901792274176581,0.5839138091342382,0.9946776169440932,1.0
100,sc1,43,NPE,1.069135069847107,0.4309526023089322,1.7256922601922438,1.0
100,sc1,44,PSPower,1.068498179467595,0.8888863039454841,1.2481100549897057,1.0
100,sc1,44,IW,0.9826323512103637,0.7615078109294513,1.2037568914912762,1.0
100,sc1,44,Commensurate,1.0637552716421195,0.8824139699300236,1.2549903335050046,1.0
100,sc1,44,NPE,1.0184131860733032,0.44051989050223544,1.581688015086474,1.0
100,sc1,45,PSPower,0.9625743702500342,0.7293856958742857,1.1957630446257828,1.0
100,sc1,45,IW,0.9316747927720609,0.6385825664343265,1.2247670191097952,1.0
100,sc1,45,Commensurate,0.9266797503765335,0.7150957286986592,1.1391937423204863,1.0
100,sc1,45,NPE,1.0161288976669312,0.3406511246336439,1.7080625814840373,1.0
100,sc1,46,PSPower,0.9897666520098831,0.8216791047548913,1.157854199264875,1.0
100,sc1,46,IW,0.9934536272850913,0.7844957844507571,1.2024114701194255,1.0
100,sc1,46,Commensurate,0.9989179124394291,0.8277986406012254,1.175514991902088,1.0
100,sc1,46,NPE,1.2157117128372192,0.5567569565999692,1.8408570285226555,1.0
100,sc1,47,PSPower,1.1244333930511687,0.9481061985230473,1.30076058757929,1.0
100,sc1,47,IW,1.1972548436480623,0.9711303797908462,1.4233793075052785,1.0
100,sc1,47,Commensurate,1.1301544213032926,0.9556062133555701,1.2957711303161001,1.0
100,sc1,47,NPE,1.2763335704803467,0.6902035884822131,1.8924809771069158,1.0
100,sc1,48,PSPower,1.0879602070012944,0.8962946764831727,1.279625737519416,1.0
100,sc1,48,IW,1.0628194330337357,0.8245619294997768,1.3010769365676946,1.0
100,sc1,48,Commensurate,1.0927579184314562,0.8910389245693514,1.2943034718765898,1.0
100,sc1,48,NPE,1.122177004814148,0.539754415675001,1.70796686971782,1.0
100,sc1,49,PSPower,0.9255299785908365,0.7209057296740949,1.130154227507578,1.0
100,sc1,49,IW,1.0466292491879656,0.7879259188789232,1.305332579497008,1.0
100,sc1,49,Commensurate,0.9378133665011115,0.7443031907800957,1.1358511597554335,1.0
100,sc1,49,NPE,1.651300311088562,1.007627648664752,2.2988316548249683,1.0
100,sc2,0,PSPower,1.0085720538540612,0.7101398736602824,1.30700423404784,1.0
100,sc2,0,IW,1.0206967452739077,0.6945417265002963,1.346851764047519,1.0
100,sc2,0,Commensurate,1.0105249212382699,0.7494094617644761,1.2877279468264586,1.0
100,sc2,0,NPE,0.9798341989517212,0.38879077771604287,1.5761438418326015,1.0
100,sc2,1,PSPower,0.969194221719717,0.7106915404949575,1.2276969029444764,1.0
100,sc2,1,IW,0.9295913892841263,0.6508107056548226,1.2083720729134302,1.0
100,sc2,1,Commensurate,1.0246996882893165,0.7783730284183654,1.26328762999703,1.0
100,sc2,1,NPE,1.0788081884384155,0.46585563161473037,1.7020601941036846,1.0
100,sc2,2,PSPower,1.1292138201664195,0.8995151641394609,1.3589124761933782,1.0
100,sc2,2,IW,1.1289501548149956,0.8799053920959476,1.3779949175340436,1.0
100,sc2,2,Commensurate,1.1824588858476364,0.9730995690102483,1.3989793430378819,1.0
100,sc2,2,NPE,1.406851887702942,0.7775289501484144,2.0406564138181236,1.0
100,sc2,3,PSPower,1.1489069314200266,0.8925045376175027,1.4053093252225506,1.0
100,sc2,3,IW,1.1673838469064768,0.8997003071706324,1.4350673866423211,1.0
100,sc2,3,Commensurate,1.0950410934078567,0.8536393129720299,1.3403236398335083,1.0
100,sc2,3,NPE,1.0977619886398315,0.5057772132332874,1.709278260969849,1.0
100,sc2,4,PSPower,0.8612729103839224,0.5943502159092462,1.1281956048585986,1.0
100,sc2,4,IW,0.8828350562849444,0.5938942806796063,1.1717758318902827,1.0
100,sc2,4,Commensurate,0.852309670974352,0.6239453562633622,1.0878717131159603,1.0
100,sc2,4,NPE,1.178998589515686,0.5644006158454067,1.818257163390707,1.0
100,sc2,5,PSPower,1.0357723924177935,0.7962996981903102,1.2752450866452767,1.0
100,sc2,5,IW,1.0266480198760628,0.7711098425032382,1.2821861972488873,1.0
100,sc2,5,Commensurate,1.071653259948916,0.8484064936255584,1.294515717368684,1.0
100,sc2,5,NPE,1.1572051048278809,0.5591723561503104,1.7689294226602128,1.0
100,sc2,6,PSPower,0.9385928280363387,0.684426105612769,1.1927595504599084,1.0
100,sc2,6,IW,0.9713239875296538,0.697738722015774,1.2449092530435335,1.0
100,sc2,6,Commensurate,0.9444516661754607,0.7081635462888073,1.1692699758049425,1.0
100,sc2,6,NPE,1.2938742637634277,0.634074741021656,1.9450611245238842,1.0
100,sc2,7,PSPower,0.9015025622688257,0.6417869782386535,1.161218146298998,1.0
100,sc2,7,IW,0.8561975468996241,0.5829413041286643,1.1294537896705839,1.0
100,sc2,7,Commensurate,0.8860896666337724,0.6420760873824632,1.125072313978527,1.0
100,sc2,7,NPE,1.0200815200805664,0.43829041608226066,1.6114961578617828,1.0
100,sc2,8,PSPower,1.341081208893993,1.1081945877634176,1.5739678300245683,1.0
100,sc2,8,IW,1.428396029809886,1.173963612632289,1.6828284469874828,1.0
100,sc2,8,Commensurate,1.3420445895385074,1.121101979515342,1.5525413487886333,1.0
100,sc2,8,NPE,1.6624109745025635,1.0266165053893719,2.3054613274634552,1.0
100,sc2,9,PSPower,1.2888095242609838,1.0488175131507504,1.5288015353712172,1.0
100,sc2,9,IW,1.3542416410685272,1.095685275301973,1.6127980068350813,1.0
100,sc2,9,Commensurate,1.2623864853878233,1.0438243318978913,1.4843839432790862,1.0
100,sc2,9,NPE,1.4153767824172974,0.8439144847204448,1.9801043966623848,1.0
100,sc2,10,PSPower,1.038987654976664,0.7849211381931525,1.2930541717601753,1.0
100,sc2,10,IW,0.9998375922356569,0.7294775358023246,1.2701976486689892,1.0
100,sc2,10,Commensurate,1.0060891623058696,0.7785015467665548,1.2494753287710432,1.0
100,sc2,10,NPE,1.0050928592681885,0.42351607055903767,1.5721542871687628,1.0
100,sc2,11,PSPower,0.9295737650974043,0.7008640683913603,1.1582834618034483,1.0
100,sc2,11,IW,0.882902661960707,0.6412809970319933,1.1245243268894207,1.0
100,sc2,11,Commensurate,0.9960736672139947,0.7845341150864079,1.2100933141077137,1.0
100,sc2,11,NPE,0.9242448806762695,0.40352626768105193,1.4051065085254817,1.0
100,sc2,12,PSPower,0.9413751252036325,0.7166867508070985,1.1660634996001666,1.0
100,sc2,12,IW,0.9334379182548387,0.6991961862293244,1.1676796502803528,1.0
100,sc2,12,Commensurate,0.9602891292871262,0.7463621139225698,1.1648785550402756,1.0
100,sc2,12,NPE,0.9503848552703857,0.42989621413967033,1.4740528067608762,1.0
100,sc2,13,PSPower,0.8369123716187238,0.5871487736520186,1.086675969585429,1.0
100,sc2,13,IW,0.8416403473122877,0.5781081101432616,1.1051725844813136,1.0
100,sc2,13,Commensurate,0.8692983266752117,0.6360399875267406,1.1018234224843966,1.0
100,sc2,13,NPE,1.0457918643951416,0.5169121926709468,1.5926099872851631,1.0
100,sc2,14,PSPower,0.8682074755140416,0.584832668281731,1.1515822827463524,1.0
100,sc2,14,IW,0.8054910934014203,0.4990134024627326,1.111968784340108,1.0
100,sc2,14,Commensurate,0.8709496860986441,0.597683962789311,1.120406427097256,1.0
100,sc2,14,NPE,0.9004722833633423,0.3506617705928095,1.474365619339093,1.0
100,sc2,15,PSPower,0.8512626070067317,0.5977122281346933,1.10481298587877,1.0
100,sc2,15,IW,0.9324520123215589,0.6503924978949547,1.2145115267481632,1.0
100,sc2,15,Commensurate,0.888700807673147,0.644092034316433,1.1191893335111205,1.0
100,sc2,15,NPE,1.3199453353881836,0.6947947173973538,1.9590873478165418,1.0
100,sc2,16,PSPower,1.0545258545609095,0.7888100979775112,1.3202416111443078,1.0
100,sc2,16,IW,1.0294703628812152,0.7460923083999871,1.3128484173624433,1.0
100,sc2,16,Commensurate,1.0554877258532618,0.8081816469335485,1.3069366792675443,1.0
100,sc2,16,NPE,0.9725292921066284,0.482102065912007,1.4670016910305088,1.0
100,sc2,17,PSPower,0.9493747674130847,0.6589715962230946,1.2397779386030747,1.0
100,sc2,17,IW,1.0061745229694512,0.6970146258814731,1.3153344200574293,1.0
100,sc2,17,Commensurate,0.952282591833317,0.6954280823953003,1.2288488844574081,1.0
100,sc2,17,NPE,1.280515432357788,0.6532496145114797,1.899259795295103,1.0
100,sc2,18,PSPower,0.6853069600913094,0.4616737889267512,0.9089401312558676,1.0
100,sc2,18,IW,0.6689986218355886,0.43263058166122664,0.9053666620099505,1.0
100,sc2,18,Commensurate,0.719155550803485,0.5033130947466856,0.9379593317489037,1.0
100,sc2,18,NPE,0.9916911721229553,0.3545315623580268,1.640324680701661,1.0
100,sc2,19,PSPower,0.8121665812189098,0.5467715459028121,1.0775616165350077,1.0
100,sc2,19,IW,0.7549035231462312,0.46830520284461497,1.0415018434478474,1.0
100,sc2,19,Commensurate,0.8001315405483252,0.5585360611029999,1.056284879871721,1.0
100,sc2,19,NPE,1.1600251197814941,0.4521247943782395,1.857231064776972,1.0
100,sc2,20,PSPower,1.0178933742585112,0.7436688173886452,1.2921179311283773,1.0
100,sc2,20,IW,0.983067501219206,0.6791055768497405,1.2870294255886716,1.0
100,sc2,20,Commensurate,1.006847743687159,0.7486617977799187,1.2508030692016434,1.0
100,sc2,20,NPE,1.18180513381958,0.6407916875167543,1.7176797097634784,1.0
100,sc2,21,PSPower,1.0260392255414026,0.7509451848390944,1.3011332662437107,1.0
100,sc2,21,IW,1.009184811375104,0.7204399189247019,1.2979297038255062,1.0
100,sc2,21,Commensurate,1.0303542480476704,0.7818105085860513,1.2771431125140102,1.0
100,sc2,21,NPE,1.3941090106964111,0.6765099341526926,2.0886990650793167,1.0
100,sc2,22,PSPower,0.925787729330576,0.6915648154336811,1.1600106432274708,1.0
100,sc2,22,IW,0.8980028060110978,0.6462837298622712,1.1497218821599244,1.0
100,sc2,22,Commensurate,0.962828350216346,0.7379087142753168,1.1875401345027603,1.0
100,sc2,22,NPE,1.2095162868499756,0.6035387256195525,1.8422276667281643,1.0
100,sc2,23,PSPower,1.1045914299997301,0.8590205266321009,1.3501623333673594,1.0
100,sc2,23,IW,1.0586290223616663,0.801564904753721,1.3156931399696117,1.0
100,sc2,23,Commensurate,1.0976916761207312,0.8677963777220635,1.3342822070760691,1.0
100,sc2,23,NPE,0.9524345397949219,0.4494809416331187,1.4470231439385428,1.0
100,sc2,24,PSPower,1.0109790478896028,0.7451500519848724,1.2768080437943332,1.0
100,sc2,24,IW,1.0271349967237673,0.7515125880691567,1.302757405378378,1.0
100,sc2,24,Commensurate,1.023941244007198,0.7803465083287774,1.2570996116858193,1.0
100,sc2,24,NPE,0.9690209031105042,0.4265157156890349,1.5159248336424582,1.0
100,sc2,25,PSPower,1.024692711013954,0.7197287129543954,1.3296567090735127,1.0
100,sc2,25,IW,1.062390065605173,0.743375357617969,1.3814047735923771,1.0
100,sc2,25,Commensurate,1.0144986053434892,0.7522714150695029,1.2882517906661277,1.0
100,sc2,25,NPE,1.061193823814392,0.3963384576692005,1.7102767707247633,1.0
100,sc2,26,PSPower,0.8097214202627234,0.5596909279822787,1.059751912543168,1.0
100,sc2,26,IW,0.8172343760408752,0.5478235326355096,1.0866452194462408,1.0
100,sc2,26,Commensurate,0.7973480515739034,0.560055470195699,1.027151429349388,1.0
100,sc2,26,NPE,1.376246690750122,0.6436097375723663,2.132636593264725,1.0
100,sc2,27,PSPower,1.0229412206604267,0.7955628627277649,1.2503195785930885,1.0
100,sc2,27,IW,1.0240465934942358,0.7766320131045411,1.2714611738839303,1.0
100,sc2,27,Commensurate,1.0153332865127485,0.7911137799277691,1.2460283094221745,1.0
100,sc2,27,NPE,1.1948233842849731,0.6086284884811703,1.813204322065119,1.0
100,sc2,28,PSPower,1.0692972818116608,0.8233144135323919,1.3152801500909297,1.0
100,sc2,28,IW,1.059292919012494,0.782070165882242,1.336515672142746,1.0
100,sc2,28,Commensurate,1.0736791923326823,0.8453686094761735,1.3129484010841646,1.0
100,sc2,28,NPE,1.4012155532836914,0.7041963447327851,2.0986371756934608,1.0
100,sc2,29,PSPower,1.0732871441275855,0.8036398998417524,1.3429343884134186,1.0
100,sc2,29,IW,1.0277659746234178,0.7420393801809495,1.313492569065886,1.0
100,sc2,29,Commensurate,1.0684059001580317,0.83610685632466,1.3089268260859734,1.0
100,sc2,29,NPE,0.9257395267486572,0.34973179989178627,1.514303316249711,1.0
100,sc2,30,PSPower,1.1751300681015362,0.9864317805502789,1.3638283556527935,1.0
100,sc2,30,IW,1.1916793532979393,0.9878986739821548,1.3954600326137236,1.0
100,sc2,30,Commensurate,1.1618064885743116,0.967644379786821,1.3575555426983048,1.0
100,sc2,30,NPE,1.4349229335784912,0.7444589740439305,2.1070981051099134,1.0
100,sc2,31,PSPower,1.1159241827518407,0.879700736035528,1.3521476294681534,1.0
100,sc2,31,IW,1.1393294947093995,0.8866808314939507,1.3919781579248482,1.0
100,sc2,31,Commensurate,1.0841367890788989,0.8578225551768321,1.3190080259230301,1.0
100,sc2,31,NPE,1.1978509426116943,0.7065818937766265,1.6920499032687826,1.0
100,sc2,32,PSPower,0.9077838072314255,0.6578607663094708,1.15770684815338,1.0
100,sc2,32,IW,0.8616127618882068,0.5983462660744066,1.124879257702007,1.0
100,sc2,32,Commensurate,0.8985757622435155,0.6617235376575262,1.1304817526254551,1.0
100,sc2,32,NPE,0.9276105761528015,0.1569779789597431,1.689667700968471,1.0
100,sc2,33,PSPower,0.9021345353869894,0.6316910790469965,1.1725779917269823,1.0
100,sc2,33,IW,0.925895705644331,0.6305178891686362,1.221273522120026,1.0
100,sc2,33,Commensurate,0.8920813201918288,0.6418518152264568,1.1343125774525253,1.0
100,sc2,33,NPE,0.9336087703704834,0.3102573212806717,1.5294113662045756,1.0
100,sc2,34,PSPower,1.1805734082591435,0.8876299806264694,1.4735168358918176,1.0
100,sc2,34,IW,1.17479248885055,0.8648194873565214,1.4847654903445788,1.0
100,sc2,34,Commensurate,1.1804139658671042,0.9001127528937876,1.4577860873776087,1.0
100,sc2,34,NPE,1.4258962869644165,0.7245417534755293,2.1087773359507875,1.0
100,sc2,35,PSPower,1.0795976563002083,0.8405209427996329,1.318674369800784,1.0
100,sc2,35,IW,1.1217411698033581,0.8651521018523551,1.3783302377543611,1.0
100,sc2,35,Commensurate,1.1422488271399698,0.9072226381496789,1.3633780602501109,1.0
100,sc2,35,NPE,1.035273790359497,0.484634092624424,1.6028283895737685,1.0
100,sc2,36,PSPower,1.107325381612395,0.879376598616653,1.335274164608137,1.0
100,sc2,36,IW,1.1436088383618666,0.8966005593355602,1.390617117388173,1.0
100,sc2,36,Commensurate,1.0991220708848302,0.8816422382255361,1.3222966985885538,1.0
100,sc2,36,NPE,1.5231282711029053,0.8826088395800098,2.177606490000334,1.0
100,sc2,37,PSPower,0.9260587191987366,0.7128145398389111,1.139302898558562,1.0
100,sc2,37,IW,0.9649984110221221,0.7321785910596034,1.197818230984641,1.0
100,sc2,37,Commensurate,0.9433079612070523,0.7368078784400565,1.159201131662802,1.0
100,sc2,37,NPE,1.0214141607284546,0.4310159773035709,1.5939585410247978,1.0
100,sc2,38,PSPower,0.8775659688306955,0.6381970807130126,1.1169348569483784,1.0
100,sc2,38,IW,0.8611485362576442,0.600638193767812,1.1216588787474764,1.0
100,sc2,38,Commensurate,0.9026300097913521,0.6735358621587855,1.121893991119042,1.0
100,sc2,38,NPE,1.1334095001220703,0.48365834934549634,1.7712357987043137,1.0
100,sc2,39,PSPower,0.8646645000928197,0.6472579955290998,1.0820710046565396,1.0
100,sc2,39,IW,0.8744489681116048,0.641170553612763,1.1077273826104466,1.0
100,sc2,39,Commensurate,0.9052235561256926,0.6959510380812938,1.1186349636249593,1.0
100,sc2,39,NPE,1.222901701927185,0.5691303543784657,1.883017752802951,1.0
100,sc2,40,PSPower,1.1093143127046976,0.8434249485218686,1.3752036768875266,1.0
100,sc2,40,IW,1.0915751424523679,0.8075577962233094,1.3755924886814264,1.0
100,sc2,40,Commensurate,1.0829512781673598,0.8412217431254083,1.325721750122435,1.0
100,sc2,40,NPE,1.1225208044052124,0.5339165352479606,1.7194182861621912,1.0
100,sc2,41,PSPower,1.1311426151297512,0.8768456828218337,1.3854395474376688,1.0
100,sc2,41,IW,1.0920297449077618,0.8241305247381034,1.3599289650774202,1.0
100,sc2,41,Commensurate,1.0888165207179055,0.8527848641229921,1.3226572262795468,1.0
100,sc2,41,NPE,1.311667799949646,0.7159180522748709,1.9118687961794503,1.0
100,sc2,42,PSPower,0.8800720057467739,0.6620151858743026,1.0981288256192452,1.0
100,sc2,42,IW,0.8626243164198633,0.6296890166542108,1.0955596161855157,1.0
100,sc2,42,Commensurate,0.9131096599897003,0.7128135587438305,1.131541774478362,1.0
100,sc2,42,NPE,0.953397274017334,0.4019045911957286,1.5037813314068103,1.0
100,sc2,43,PSPower,1.019000703359738,0.7494789896525204,1.2885224170669556,1.0
100,sc2,43,IW,1.0085458678237191,0.7094206323673402,1.307671103280098,1.0
100,sc2,43,Commensurate,1.04748095251017,0.7889898864556617,1.298683210075434,1.0
100,sc2,43,NPE,1.0189896821975708,0.41971670043623005,1.6355564760253096,1.0
100,sc2,44,PSPower,0.9896372976400538,0.7410420579946496,1.238232537285458,1.0
100,sc2,44,IW,0.9780881472169984,0.716840339181815,1.2393359552521819,1.0
100,sc2,44,Commensurate,0.96675103994698,0.7429315325092412,1.20633544249097,1.0
100,sc2,44,NPE,1.046242594718933,0.4916217975636378,1.592811363136685,1.0
100,sc2,45,PSPower,0.9224939865271935,0.6535625961917706,1.1914253768626164,1.0
100,sc2,45,IW,0.887877024082817,0.5884879970090299,1.187266051156604,1.0
100,sc2,45,Commensurate,0.902768409411507,0.6516988887684895,1.1412285286605957,1.0
100,sc2,45,NPE,0.8704465627670288,0.25160545596150774,1.4892388036352027,1.0
100,sc2,46,PSPower,1.1076280811295118,0.870029855325611,1.3452263069334127,1.0
100,sc2,46,IW,1.1851514871735247,0.9271898520217337,1.4431131223253157,1.0
100,sc2,46,Commensurate,1.1132695686935188,0.8872801999782078,1.3386230503757957,1.0
100,sc2,46,NPE,1.4380784034729004,0.7917293467684653,2.0614553893880925,1.0
100,sc2,47,PSPower,0.9622229179576528,0.6950673471650658,1.22937848875024,1.0
100,sc2,47,IW,1.0090916277814213,0.7162695529566749,1.3019137026061676,1.0
100,sc2,47,Commensurate,1.0257105136962983,0.7714295034238282,1.262411552810367,1.0
100,sc2,47,NPE,1.120684266090393,0.5125403324907908,1.718453069784767,1.0
100,sc2,48,PSPower,1.089348509790589,0.8572884758252924,1.3214085437558856,1.0
100,sc2,48,IW,1.0941147178911956,0.8488811023760294,1.3393483334063618,1.0
100,sc2,48,Commensurate,1.049687984552043,0.8198319713778788,1.2705370051900085,1.0
100,sc2,48,NPE,1.2772308588027954,0.6701423760950174,1.901064042276685,1.0
100,sc2,49,PSPower,1.1362415344821457,0.8675068310623606,1.4049762379019308,1.0
100,sc2,49,IW,1.1644510372726786,0.8777132092552442,1.451188865290113,1.0
100,sc2,49,Commensurate,1.1226952057803885,0.8798812327356842,1.36984630933103,1.0
100,sc2,49,NPE,1.5252307653427124,0.9547132207676275,2.117657672766461,1.0
100,sc3,0,PSPower,2.164291654184397,1.9897720319496204,2.3388112764191735,1.0
100,sc3,0,IW,1.8337484575704315,1.6067997740064428,2.06069714113442,1.0
100,sc3,0,Commensurate,2.085543738064359,1.8829774165375854,2.2753137694848,1.0
100,sc3,0,NPE,1.33147394657135,0.6888884628606053,2.003230461422435,1.0
100,sc3,1,PSPower,1.8756164836041342,1.6949011254865325,2.056331841721736,1.0
100,sc3,1,IW,1.6787630893173435,1.4531234475519288,1.9044027310827583,1.0
100,sc3,1,Commensurate,1.7945789702625725,1.5793999867593909,2.0047969457173545,1.0
100,sc3,1,NPE,1.2493537664413452,0.6864801876413023,1.8096486633117355,1.0
100,sc3,2,PSPower,1.8004956482551007,1.6085695200673757,1.9924217764428256,1.0
100,sc3,2,IW,1.5756682055014783,1.3300487369447849,1.8212876740581718,1.0
100,sc3,2,Commensurate,1.8236886140605693,1.6222904595230034,2.0159851833681905,1.0
100,sc3,2,NPE,1.2086923122406006,0.5533133739066106,1.8726900207696962,1.0
100,sc3,3,PSPower,1.886472071851926,1.6734997195684385,2.099444424135413,1.0
100,sc3,3,IW,1.582413401860516,1.3122660078035673,1.8525607959174648,1.0
100,sc3,3,Commensurate,1.920426753449035,1.7113194465793993,2.1352506123155863,1.0
100,sc3,3,NPE,0.9611150622367859,0.37401541410534056,1.584823863953032,1.0
100,sc3,4,PSPower,1.8506970365405915,1.66034241361664,2.041051659464543,1.0
100,sc3,4,IW,1.638385545027382,1.402613757507839,1.8741573325469252,1.0
100,sc3,4,Commensurate,1.7413879561177124,1.5089930936969396,1.9671621139344952,1.0
100,sc3,4,NPE,1.0078394412994385,0.32793398973396504,1.7085932670253487,1.0
100,sc3,5,PSPower,1.8638667925575152,1.7020846347177265,2.025648950397304,1.0
100,sc3,5,IW,1.4820961148251774,1.2691019347276244,1.6950902949227304,1.0
100,sc3,5,Commensurate,1.6253724217145609,1.4097101810839237,1.849066481993734,1.0
100,sc3,5,NPE,0.9423916935920715,0.26465538564351865,1.6297284779795649,1.0
100,sc3,6,PSPower,1.891498775321277,1.699664544900127,2.083333005742427,1.0
100,sc3,6,IW,1.5732049881746504,1.3245756705880931,1.8218343057612076,1.0
100,sc3,6,Commensurate,1.7877701700180693,1.5603973894430834,1.9986748130297036,1.0
100,sc3,6,NPE,1.1701819896697998,0.45471588077606423,1.8326902013672524,1.0
100,sc3,7,PSPower,1.9418985718666408,1.742372621638995,2.1414245220942867,1.0
100,sc3,7,IW,1.5298159849762054,1.26088325255586,1.7987487173965508,1.0
100,sc3,7,Commensurate,1.9392040174093637,1.7278049794856918,2.1478074434136203,1.0
100,sc3,7,NPE,1.0136455297470093,0.3904198434762174,1.6475880015653608,1.0
100,sc3,8,PSPower,1.971066770007939,1.7873097888034686,2.154823751212409,1.0
100,sc3,8,IW,1.6977266833378732,1.4692368428142202,1.9262165238615263,1.0
100,sc3,8,Commensurate,1.8656051395824655,1.6511696933274316,2.068401140830327,1.0
100,sc3,8,NPE,1.106669545173645,0.5078286298968565,1.70294913429105,1.0
100,sc3,9,PSPower,2.0432483762234392,1.8645416293666912,2.2219551230801873,1.0
100,sc3,9,IW,1.7332421261813928,1.5030062721388586,1.963477980223927,1.0
100,sc3,9,Commensurate,1.8189234957375475,1.5823310186879347,2.042948125397734,1.0
100,sc3,9,NPE,1.3763618469238281,0.7420384975957398,2.0060337671370108,1.0
100,sc3,10,PSPower,1.8307354057553884,1.661972473939121,1.9994983375716557,1.0
100,sc3,10,IW,1.496337362629993,1.283946489451013,1.7087282358089728,1.0
100,sc3,10,Commensurate,1.5928240603185435,1.3656398992411816,1.8113663160182465,1.0
100,sc3,10,NPE,1.0585980415344238,0.36881458035704084,1.752807235326215,1.0
100,sc3,11,PSPower,1.9713050356036694,1.7778878114806824,2.1647222597266564,1.0
100,sc3,11,IW,1.7570119124173438,1.5175135951428875,1.9965102296918,1.0
100,sc3,11,Commensurate,1.8565783542952565,1.6203740873952084,2.091281172454598,1.0
100,sc3,11,NPE,1.0160256624221802,0.41653998650009744,1.6149545423055855,1.0
100,sc3,12,PSPower,1.878128368330271,1.6640739079599982,2.0921828287005435,1.0
100,sc3,12,IW,1.5610194577003658,1.2833588373098213,1.8386800780909103,1.0
100,sc3,12,Commensurate,1.9044855021560325,1.6901436234478133,2.1236959191231883,1.0
100,sc3,12,NPE,1.1681485176086426,0.5751781346853465,1.7515628310913223,1.0
100,sc3,13,PSPower,1.902929757376137,1.6829831294605182,2.122876385291756,1.0
100,sc3,13,IW,1.5962633055339353,1.3090337046940212,1.8834929063738493,1.0
100,sc3,13,Commensurate,1.8856693187886084,1.657697051348417,2.1181252542805984,1.0
100,sc3,13,NPE,1.0328972339630127,0.41017773138738806,1.6420875949963978,1.0
100,sc3,14,PSPower,1.9410815542768594,1.7873785418257273,2.0947845667279914,1.0
100,sc3,14,IW,1.6731694976949958,1.4767867870334712,1.8695522083565204,1.0
100,sc3,14,Commensurate,1.6509500681497016,1.4308684967601215,1.8541376683762474,1.0
100,sc3,14,NPE,1.2005418539047241,0.623130524806772,1.7705845271085254,1.0
100,sc3,15,PSPower,2.127398074938328,1.9358836655442075,2.3189124843324485,1.0
100,sc3,15,IW,1.872850384390376,1.635490847739587,2.110209921041165,1.0
100,sc3,15,Commensurate,2.0440860946319486,1.81888599345081,2.2635129758506074,1.0
100,sc3,15,NPE,1.2607362270355225,0.5198720365038745,1.9916635431802874,1.0
100,sc3,16,PSPower,2.0571704485194675,1.8614237597169163,2.2529171373220187,1.0
100,sc3,16,IW,1.77133559183133,1.526833042791371,2.0158381408712893,1.0
100,sc3,16,Commensurate,1.9975881953759973,1.7712567971292528,2.19981185577608,1.0
100,sc3,16,NPE,1.1289244890213013,0.5330891118421689,1.7147448141456827,1.0
100,sc3,17,PSPower,1.92937961498097,1.7178842380688883,2.140874991893052,1.0
100,sc3,17,IW,1.5926434791225972,1.315393983871695,1.8698929743734993,1.0
100,sc3,17,Commensurate,1.9571311824093582,1.7479559003846608,2.162232078585843,1.0
100,sc3,17,NPE,1.0473132133483887,0.3971182668517467,1.7199884934107144,1.0
100,sc3,18,PSPower,1.9722956548832182,1.7785431864553518,2.166048123311085,1.0
100,sc3,18,IW,1.6792064684635157,1.4345867415028744,1.9238261954241571,1.0
100,sc3,18,Commensurate,1.867195678422815,1.6382078694561721,2.0861933723162065,1.0
100,sc3,18,NPE,0.9905546307563782,0.3900007490219618,1.6081890349807764,1.0
100,sc3,19,PSPower,1.9231308505546403,1.7287770045301232,2.117484696579157,1.0
100,sc3,19,IW,1.6361756457863441,1.3962455534190643,1.876105738153624,1.0
100,sc3,19,Commensurate,1.7196770700659532,1.4590588435386713,1.9688741831619012,1.0
100,sc3,19,NPE,1.1196095943450928,0.3771030344581975,1.8937216944083852,1.0
100,sc3,20,PSPower,1.698026735350511,1.4918434574649453,1.9042100132360766,1.0
100,sc3,20,IW,1.3960339794529584,1.1289906616268588,1.663077297279058,1.0
100,sc3,20,Commensurate,1.5977771344553926,1.357556352835855,1.8349067459534583,1.0
100,sc3,20,NPE,1.05192232131958,0.4009375329764113,1.7154622114254119,1.0
100,sc3,21,PSPower,2.047652710134091,1.8482694167879248,2.247036003480257,1.0
100,sc3,21,IW,1.7988727687810742,1.544717952020258,2.0530275855418902,1.0
100,sc3,21,Commensurate,1.981958654947403,1.7521522844111668,2.2044905769649015,1.0
100,sc3,21,NPE,1.0959248542785645,0.4506830773308861,1.776667606919553,1.0
100,sc3,22,PSPower,2.198996180930896,1.9896927008174823,2.4082996610443104,1.0
100,sc3,22,IW,1.936419165188571,1.6634465832164604,2.2093917471606814,1.0
100,sc3,22,Commensurate,2.156851958331204,1.9227644323872581,2.38388939668978,1.0
100,sc3,22,NPE,1.21540105342865,0.5726963369246453,1.859670791887267,1.0
100,sc3,23,PSPower,2.0059889057072113,1.8236697854162598,2.188308025998163,1.0
100,sc3,23,IW,1.6624218319439457,1.42433668823614,1.9005069756517514,1.0
100,sc3,23,Commensurate,1.961191985871378,1.735991260648573,2.1708051969639106,1.0
100,sc3,23,NPE,1.2480841875076294,0.6261363011188195,1.8783343623969202,1.0
100,sc3,24,PSPower,1.9567204724067824,1.7596435615494703,2.1537973832640946,1.0
100,sc3,24,IW,1.710727342726173,1.4549525549852156,1.9665021304671306,1.0
100,sc3,24,Commensurate,1.8427266726902676,1.601031153413951,2.0634562896329314,1.0
100,sc3,24,NPE,1.364778757095337,0.684217900871466,2.051760286874354,1.0
100,sc3,25,PSPower,2.210968307297595,1.9993274349160646,2.422609179679126,1.0
100,sc3,25,IW,1.9348646697309166,1.6730909619899983,2.1966383774718348,1.0
100,sc3,25,Commensurate,2.2129237176604364,1.989160715933682,2.425778420374556,1.0
100,sc3,25,NPE,1.2175195217132568,0.5211895365595214,1.9329942365654786,1.0
100,sc3,26,PSPower,2.0197331514261867,1.8168734238298303,2.222592879022543,1.0
100,sc3,26,IW,1.641380748971301,1.3791476809045604,1.9036138170380417,1.0
100,sc3,26,Commensurate,1.8988131051153234,1.6468131718322607,2.136262249856823,1.0
100,sc3,26,NPE,1.0073474645614624,0.35884594122634406,1.6732346330950099,1.0
100,sc3,27,PSPower,2.011325953872789,1.8194019912270467,2.2032499165185313,1.0
100,sc3,27,IW,1.7233907061855183,1.490978273484698,1.9558031388863386,1.0
100,sc3,27,Commensurate,1.8827480642132233,1.6420743498119572,2.1141867415396147,1.0
100,sc3,27,NPE,0.9376327991485596,0.3163113302156481,1.5560088803141359,1.0
100,sc3,28,PSPower,1.8441234077013307,1.6741200319415872,2.0141267834610743,1.0
100,sc3,28,IW,1.4810469812353266,1.26470971444918,1.6973842480214734,1.0
100,sc3,28,Commensurate,1.5876967395313772,1.3578416027037583,1.808101734535172,1.0
100,sc3,28,NPE,0.8125290274620056,0.23087495735804764,1.3948428401196296,1.0
100,sc3,29,PSPower,2.1040526667661337,1.8963995272086218,2.3117058063236455,1.0
100,sc3,29,IW,1.8387077632284612,1.5777114451553909,2.0997040813015317,1.0
100,sc3,29,Commensurate,2.145649182663054,1.9342040283193342,2.345455619299985,1.0
100,sc3,29,NPE,1.4198932647705078,0.8106768739117213,2.0363160792388477,1.0
100,sc3,30,PSPower,1.9778306572235218,1.7869197018109992,2.1687416126360444,1.0
100,sc3,30,IW,1.7351087173486952,1.490536467298889,1.9796809673985014,1.0
100,sc3,30,Commensurate,1.9119659681463983,1.6963938451506222,2.134946855618923,1.0
100,sc3,30,NPE,1.1641446352005005,0.5533701647853267,1.7689461429351998,1.0
100,sc3,31,PSPower,1.9935746305992412,1.790136899764992,2.1970123614334907,1.0
100,sc3,31,IW,1.6935684677174272,1.4342450363443149,1.9528918990905395,1.0
100,sc3,31,Commensurate,1.9237828647691473,1.699073973718995,2.1563496061607315,1.0
100,sc3,31,NPE,1.2485765218734741,0.539988712257173,1.9554015555147426,1.0
100,sc3,32,PSPower,1.9943340551812625,1.8493414205970433,2.1393266897654817,1.0
100,sc3,32,IW,1.7412244797217429,1.5609905967245785,1.9214583627189072,1.0
100,sc3,32,Commensurate,1.7278372021142965,1.538038076934056,1.9145250063713966,1.0
100,sc3,32,NPE,1.2478280067443848,0.7032369962952804,1.787342111452388,1.0
100,sc3,33,PSPower,1.7670982152843189,1.5601692215307785,1.9740272090378592,1.0
100,sc3,33,IW,1.4734310009716993,1.214415812508795,1.7324461894346037,1.0
100,sc3,33,Commensurate,1.6046634723954414,1.3436515596886995,1.8597118839798916,1.0
100,sc3,33,NPE,1.242487907409668,0.5876494869623622,1.8630233443557525,1.0
100,sc3,34,PSPower,1.9440842733050405,1.7613870136828258,2.1267815329272555,1.0
100,sc3,34,IW,1.6376239636541685,1.4049646563172482,1.8702832709910888,1.0
100,sc3,34,Commensurate,1.8714022970907513,1.6656119140105519,2.0715397952921086,1.0
100,sc3,34,NPE,1.202742576599121,0.5777125910483859,1.8062518831444485,1.0
100,sc3,35,PSPower,1.9684686687694197,1.773738347921036,2.163198989617803,1.0
100,sc3,35,IW,1.7033275635191638,1.4448557031676665,1.961799423870661,1.0
100,sc3,35,Commensurate,1.9657609266262188,1.7687643351206777,2.148920874970085,1.0
100,sc3,35,NPE,1.000783085823059,0.3521677229150627,1.6388424326763842,1.0
100,sc3,36,PSPower,1.7649567657184804,1.5975902275924665,1.9323233038444942,1.0
100,sc3,36,IW,1.538676452567255,1.329444529258106,1.7479083758764038,1.0
100,sc3,36,Commensurate,1.6016519775704432,1.3873617425945095,1.8161095654277886,1.0
100,sc3,36,NPE,1.0752772092819214,0.43807125760477245,1.7059748847119816,1.0
100,sc3,37,PSPower,1.9482705295958425,1.7653639045158824,2.1311771546758025,1.0
100,sc3,37,IW,1.6215798628716445,1.3851514671815068,1.858008258561782,1.0
100,sc3,37,Commensurate,1.8067499087557897,1.5828374680442112,2.024325505684541,1.0
100,sc3,37,NPE,1.1937445402145386,0.49268209306677996,1.906175496682079,1.0
100,sc3,38,PSPower,1.963874323794072,1.7646151285593459,2.163133519028798,1.0
100,sc3,38,IW,1.60420551032062,1.3435561650411934,1.8648548556000468,1.0
100,sc3,38,Commensurate,1.9301394679472463,1.7062472318310233,2.1418448660707425,1.0
100,sc3,38,NPE,1.1893022060394287,0.4802821120878668,1.8835505958278198,1.0
100,sc3,39,PSPower,2.1269903637554344,1.9493049048329034,2.3046758226779653,1.0
100,sc3,39,IW,1.7285928655790372,1.501297771254418,1.9558879599036565,1.0
100,sc3,39,Commensurate,1.916477293563052,1.6778859563354263,2.1472748065922795,1.0
100,sc3,39,NPE,1.2078382968902588,0.6419452691381671,1.7702360577311316,1.0
100,sc3,40,PSPower,2.0320903861013724,1.8527368249340082,2.2114439472687364,1.0
100,sc3,40,IW,1.6729735255322877,1.4398060993983834,1.906140951666192,1.0
100,sc3,40,Commensurate,1.8650525077209577,1.6398833893924418,2.084295481547414,1.0
100,sc3,40,NPE,1.4730786085128784,0.857798690094591,2.068449657445685,1.0
100,sc3,41,PSPower,1.9905608180657293,1.7456651163345225,2.2354565197969363,1.0
100,sc3,41,IW,1.7160390135712578,1.410182232674655,2.0218957944678606,1.0
100,sc3,41,Commensurate,2.0169170840660415,1.784507352878906,2.256551772408015,1.0
100,sc3,41,NPE,1.0612552165985107,0.371101309728398,1.7856024634056165,1.0
100,sc3,42,PSPower,2.1291766253077538,1.9353495906985736,2.323003659916934,1.0
100,sc3,42,IW,1.8436235196984325,1.6049218343764535,2.0823252050204113,1.0
100,sc3,42,Commensurate,1.9843370717859847,1.7391964038906873,2.214848014167277,1.0
100,sc3,42,NPE,1.3363150358200073,0.7457580411470128,1.9500640825129096,1.0
100,sc3,43,PSPower,1.9045093088340597,1.7310996736889097,2.07791894397921,1.0
100,sc3,43,IW,1.5556115913125856,1.3331888549021096,1.7780343277230617,1.0
100,sc3,43,Commensurate,1.6739128040584812,1.4628391331407027,1.8962830598165288,1.0
100,sc3,43,NPE,1.4164193868637085,0.7767489534299953,2.084752049293163,1.0
100,sc3,44,PSPower,1.8533610952167543,1.631554166386862,2.0751680240466466,1.0
100,sc3,44,IW,1.6415275834190184,1.3611199236920966,1.9219352431459402,1.0
100,sc3,44,Commensurate,1.85716461068541,1.6188911642532764,2.0924969399068813,1.0
100,sc3,44,NPE,1.0465869903564453,0.34210007148085336,1.7286272120061423,1.0
100,sc3,45,PSPower,1.8522537813791131,1.661352918391992,2.0431546443662345,1.0
100,sc3,45,IW,1.5954650392963459,1.348273297310351,1.8426567812823407,1.0
100,sc3,45,Commensurate,1.7235071171432146,1.4931056682236448,1.9525016760917375,1.0
100,sc3,45,NPE,1.3475215435028076,0.5909660416033405,2.106684896222909,1.0
100,sc3,46,PSPower,1.8309621349653733,1.630510311530229,2.0314139584005177,1.0
100,sc3,46,IW,1.5539919917494798,1.3058631117064161,1.8021208717925434,1.0
100,sc3,46,Commensurate,1.849269211745319,1.6139939501028282,2.0580414105261773,1.0
100,sc3,46,NPE,1.0366499423980713,0.40458207968878906,1.6801137214649995,1.0
100,sc3,47,PSPower,2.054881016722783,1.8501733738815824,2.259588659563984,1.0
100,sc3,47,IW,1.6471661216477165,1.3825451317939437,1.9117871115014893,1.0
100,sc3,47,Commensurate,1.820408736059922,1.5527818280831358,2.0887906709982023,1.0
100,sc3,47,NPE,1.0409330129623413,0.42921008275092,1.6328550652194722,1.0
100,sc3,48,PSPower,2.018392746850545,1.811778352106074,2.225007141595016,1.0
100,sc3,48,IW,1.6761056914184989,1.402768743723436,1.9494426391135617,1.0
100,sc3,48,Commensurate,1.9786008419563297,1.7400327934272122,2.2156233866231254,1.0
100,sc3,48,NPE,1.2754971981048584,0.6605499973612393,1.8852655108262846,1.0
100,sc3,49,PSPower,1.8986494740492097,1.6771019810875716,2.120196967010848,1.0
100,sc3,49,IW,1.5201883476403313,1.2380542325977308,1.8023224626829317,1.0
100,sc3,49,Commensurate,1.7538966622185688,1.477807260784886,2.019288498219987,1.0
100,sc3,49,NPE,1.0188214778900146,0.3775204894905959,1.639017718053735,1.0
100,sc4,0,PSPower,1.1631933911630918,0.9150942329733514,1.4112925493528323,1.0
100,sc4,0,IW,1.115210109219618,0.8567513124347521,1.373668906004484,1.0
100,sc4,0,Commensurate,1.2007408624607956,0.9707579969863968,1.4271964659578598,1.0
100,sc4,0,NPE,1.2855114936828613,0.7114057155343504,1.86636071774913,1.0
100,sc4,1,PSPower,1.0073959661427456,0.7725715276567134,1.2422204046287777,1.0
100,sc4,1,IW,0.9804089503140251,0.7313104316993234,1.2295074689287269,1.0
100,sc4,1,Commensurate,0.9972508818948566,0.777142438088108,1.215923278477966,1.0
100,sc4,1,NPE,0.8349214792251587,0.35380802463494143,1.330043655278026,1.0
100,sc4,2,PSPower,0.9105130592447916,0.6767819144312945,1.1442442040582887,1.0
100,sc4,2,IW,0.8920126501706965,0.6513518679855764,1.1326734323558165,1.0
100,sc4,2,Commensurate,0.8753247067473269,0.6503109258794022,1.0944473065890505,1.0
100,sc4,2,NPE,1.2058405876159668,0.543018832268678,1.8858078992716134,1.0
100,sc4,3,PSPower,1.0996354799576338,0.8539732580137527,1.3452977019015149,1.0
100,sc4,3,IW,1.0726538717416005,0.8029893468497853,1.3423183966334158,1.0
100,sc4,3,Commensurate,1.1069662215852905,0.8757418549372059,1.3376638900748472,1.0
100,sc4,3,NPE,1.309028148651123,0.6644629595458228,1.933997917426277,1.0
100,sc4,4,PSPower,0.8262377600514758,0.5571122080258613,1.0953633120770903,1.0
100,sc4,4,IW,0.7888813794274581,0.4983511799425264,1.0794115789123897,1.0
100,sc4,4,Commensurate,0.8044837733332385,0.5587226908074809,1.0470677484425241,1.0
100,sc4,4,NPE,1.130623698234558,0.4403955719208808,1.830190211392384,1.0
100,sc4,5,PSPower,0.8988822745606064,0.6326830083878263,1.1650815407333865,1.0
100,sc4,5,IW,0.9190734055442558,0.6393465256093354,1.1988002854791762,1.0
100,sc4,5,Commensurate,0.8734324032113784,0.6387837308601108,1.1101837141556463,1.0
100,sc4,5,NPE,0.9718856811523438,0.36413128256472366,1.578260044699295,1.0
100,sc4,6,PSPower,1.1518363961850375,0.9032632247011441,1.400409567668931,1.0
100,sc4,6,IW,1.1118351413222367,0.8403868529201186,1.3832834297243548,1.0
100,sc4,6,Commensurate,1.1408380523360784,0.902157124193312,1.365992405221954,1.0
100,sc4,6,NPE,1.1404427289962769,0.619135210872754,1.6488271407287312,1.0
100,sc4,7,PSPower,0.7934204142260772,0.552138094757951,1.0347027336942034,1.0
100,sc4,7,IW,0.8182349135064152,0.5614901438418041,1.0749796831710263,1.0
100,sc4,7,Commensurate,0.8010228779687623,0.579427675245824,1.0305831521058184,1.0
100,sc4,7,NPE,1.0362354516983032,0.4620128519494658,1.6266139059243707,1.0
100,sc4,8,PSPower,1.166401439764941,0.918620920133111,1.4141819593967708,1.0
100,sc4,8,IW,1.1876101735457285,0.9251438709239359,1.4500764761675211,1.0
100,sc4,8,Commensurate,1.092702369626012,0.8575255761358941,1.3253594490188825,1.0
100,sc4,8,NPE,1.2446516752243042,0.6009870079597535,1.8799367595036813,1.0
100,sc4,9,PSPower,0.9773412618432601,0.7084275071166979,1.2462550165698223,1.0
100,sc4,9,IW,0.9952208066636078,0.7128405209632116,1.277601092364004,1.0
100,sc4,9,Commensurate,0.9448712632171925,0.6988396709535641,1.1880358528756298,1.0
100,sc4,9,NPE,1.088304877281189,0.5261170843165063,1.6395988513256847,1.0
100,sc4,10,PSPower,1.0693933351440186,0.7964509584723845,1.3423357118156527,1.0
100,sc4,10,IW,1.0835748887331424,0.7872209676191193,1.3799288098471656,1.0
100,sc4,10,Commensurate,1.025397591938447,0.775372090870252,1.274830216462835,1.0
100,sc4,10,NPE,1.37138831615448,0.6564753384003253,2.0971735389547175,1.0
100,sc4,11,PSPower,1.1640301193706637,0.8751182667459274,1.4529419719954,1.0
100,sc4,11,IW,1.1218706808222185,0.8159061755666899,1.4278351860777472,1.0
100,sc4,11,Commensurate,1.194187927232182,0.9214506172985405,1.4680859517859555,1.0
100,sc4,11,NPE,1.253116488456726,0.6139937234248716,1.8630548466802477,1.0
100,sc4,12,PSPower,0.8624404597494875,0.614295537510752,1.110585381988223,1.0
100,sc4,12,IW,0.8783153323389438,0.6151052199041143,1.1415254447737733,1.0
100,sc4,12,Commensurate,0.8872374548023033,0.6565865179108293,1.1182341143502206,1.0
100,sc4,12,NPE,0.9916526079177856,0.4128494902547773,1.5401665672225577,1.0
100,sc4,13,PSPower,0.8220201486814422,0.584263789569098,1.0597765077937866,1.0
100,sc4,13,IW,0.7912502659901072,0.5355493952972563,1.046951136682958,1.0
100,sc4,13,Commensurate,0.7965144834539413,0.5641535594738569,1.033088280591168,1.0
100,sc4,13,NPE,0.9323115348815918,0.33432661106267153,1.5162707514275295,1.0
100,sc4,14,PSPower,1.052001918923683,0.8180481569380595,1.2859556809093067,1.0
100,sc4,14,IW,1.0148938442623794,0.7592953504472713,1.2704923380774875,1.0
100,sc4,14,Commensurate,1.0387341941720647,0.8211593149247868,1.2518302125056302,1.0
100,sc4,14,NPE,1.0425978899002075,0.4859803593601954,1.6018788413698948,1.0
100,sc4,15,PSPower,1.2514592130332156,1.0040637642318857,1.4988546618345455,1.0
100,sc4,15,IW,1.243532770917933,0.9790001247321696,1.5080654171036962,1.0
100,sc4,15,Commensurate,1.2307821413667044,0.9952517979887917,1.4697683160879178,1.0
100,sc4,15,NPE,1.2120163440704346,0.5905559229262035,1.833616551552829,1.0
100,sc4,16,PSPower,0.6784160804968897,0.42277327077293825,0.9340588902208412,1.0
100,sc4,16,IW,0.679340781140584,0.4040444622142484,0.9546371000669197,1.0
100,sc4,16,Commensurate,0.7021583421031846,0.46687526784134875,0.9426703513525521,1.0
100,sc4,16,NPE,0.6003029942512512,0.08145208300211976,1.1057866647200962,1.0
100,sc4,17,PSPower,0.9104268553547746,0.6317123206114578,1.1891413900980914,1.0
100,sc4,17,IW,0.8631136250060683,0.5602141950345929,1.1660130549775436,1.0
100,sc4,17,Commensurate,0.8599848843969404,0.5977009662285567,1.1149176627917374,1.0
100,sc4,17,NPE,0.934943437576294,0.34427935997020365,1.503683754050025,1.0
100,sc4,18,PSPower,1.3277774728435814,1.0637945234459274,1.5917604222412354,1.0
100,sc4,18,IW,1.3166397094758016,1.0357262281568922,1.597553190794711,1.0
100,sc4,18,Commensurate,1.3084484665646023,1.072367593810155,1.5513334974824013,1.0
100,sc4,18,NPE,1.3714675903320312,0.7275205146420368,2.0103345418970986,1.0
100,sc4,19,PSPower,1.0758061205167395,0.8416857692109336,1.3099264718225454,1.0
100,sc4,19,IW,1.039609769615418,0.7865754884133094,1.2926440508175268,1.0
100,sc4,19,Commensurate,1.082559810072459,0.8677560488853069,1.2976041506305374,1.0
100,sc4,19,NPE,1.08518385887146,0.4123898018739758,1.7282964904271445,1.0
100,sc4,20,PSPower,1.0223176117605097,0.772730425906844,1.2719047976141753,1.0
100,sc4,20,IW,0.9900856740511147,0.7248426693853918,1.2553286787168376,1.0
100,sc4,20,Commensurate,1.0112362240533734,0.7700319202126539,1.2406603535557854,1.0
100,sc4,20,NPE,1.0424129962921143,0.5639847412788291,1.520809073554299,1.0
100,sc4,21,PSPower,0.8069781201141681,0.5436839737028096,1.0702722665255266,1.0
100,sc4,21,IW,0.8246661599980524,0.5471220172101319,1.1022103027859729,1.0
100,sc4,21,Commensurate,0.8655791826003157,0.6283837994374789,1.1190634920329445,1.0
100,sc4,21,NPE,0.7956246137619019,0.2224091857914873,1.358045115580487,1.0
100,sc4,22,PSPower,0.9214056185609212,0.6849718270966632,1.1578394100251792,1.0
100,sc4,22,IW,0.9071356982916707,0.6575131763038586,1.1567582202794828,1.0
100,sc4,22,Commensurate,0.8938810726218196,0.6724294513949732,1.1100691281515989,1.0
100,sc4,22,NPE,1.2037479877471924,0.6152848164365253,1.8361108752927042,1.0
100,sc4,23,PSPower,1.215616709230645,0.9624707884955385,1.4687626299657515,1.0
100,sc4,23,IW,1.2377081023110375,0.9710159899607315,1.5044002146613433,1.0
100,sc4,23,Commensurate,1.2279289833936358,1.0053961821875605,1.4540953411448223,1.0
100,sc4,23,NPE,1.2699964046478271,0.6269365869561538,1.9399470571382167,1.0
100,sc4,24,PSPower,0.9393975713131256,0.6599512470849442,1.218843895541307,1.0
100,sc4,24,IW,0.8698260619047897,0.5666082281355597,1.1730438956740197,1.0
100,sc4,24,Commensurate,0.9706017323081222,0.708155185026946,1.233640627637873,1.0
100,sc4,24,NPE,1.040683388710022,0.39265986581595563,1.6598896192739288,1.0
100,sc4,25,PSPower,1.2476213862914383,1.022274829652945,1.4729679429299316,1.0
100,sc4,25,IW,1.1855165109675763,0.9436085072319615,1.427424514703191,1.0
100,sc4,25,Commensurate,1.1867761741549598,0.9674073801638062,1.4024115594073894,1.0
100,sc4,25,NPE,1.3959802389144897,0.8697034070148454,1.9466312652624223,1.0
100,sc4,26,PSPower,0.9718281032119654,0.7135686733479651,1.2300875330759657,1.0
100,sc4,26,IW,0.9690494185218701,0.6928099164823632,1.2452889205613769,1.0
100,sc4,26,Commensurate,0.9586633967001598,0.7192056998813304,1.1960099565876277,1.0
100,sc4,26,NPE,0.9653067588806152,0.3628770709499186,1.5449943583757102,1.0
100,sc4,27,PSPower,1.0053871857009153,0.7403630675721085,1.2704113038297222,1.0
100,sc4,27,IW,0.9450228454379056,0.6625018617173517,1.2275438291584595,1.0
100,sc4,27,Commensurate,0.9708581753580131,0.7293062113565328,1.2059660717191345,1.0
100,sc4,27,NPE,1.1566649675369263,0.48644084774189966,1.8524227482047941,1.0
100,sc4,28,PSPower,0.8755069218869085,0.5791458244674199,1.171868019306397,1.0
100,sc4,28,IW,0.911800235254475,0.5956269905348097,1.2279734799741402,1.0
100,sc4,28,Commensurate,0.8843824985416199,0.6305338365514145,1.1473666211803855,1.0
100,sc4,28,NPE,0.9075711965560913,0.32565273726681887,1.4896125677567815,1.0
100,sc4,29,PSPower,0.7844817288924991,0.4989948099318605,1.0699686478531376,1.0
100,sc4,29,IW,0.7753840976218683,0.46721815411306855,1.083550041130668,1.0
100,sc4,29,Commensurate,0.8144267168814263,0.5270239939137034,1.081239139448998,1.0
100,sc4,29,NPE,0.7572780847549438,0.1738104309750078,1.3388931541515678,1.0
100,sc4,30,PSPower,1.2076302977603806,1.0184853969195622,1.396775198601199,1.0
100,sc4,30,IW,1.2095561491507694,1.0070075840925605,1.4121047142089782,1.0
100,sc4,30,Commensurate,1.1843192567822198,0.9980051662408529,1.373176384838168,1.0
100,sc4,30,NPE,1.387311577796936,0.7379549136613832,2.0394863162310948,1.0
100,sc4,31,PSPower,1.0827676703450686,0.8246218998652577,1.3409134408248795,1.0
100,sc4,31,IW,1.0707139756082542,0.7900596459739035,1.3513683052426049,1.0
100,sc4,31,Commensurate,1.0586193249926217,0.8198533651525265,1.2882105920993836,1.0
100,sc4,31,NPE,1.315828800201416,0.7483524829201081,1.8758299479655256,1.0
100,sc4,32,PSPower,1.1101314745085684,0.849238364722492,1.371024584294645,1.0
100,sc4,32,IW,1.055970860396676,0.7697108948947555,1.3422308258985964,1.0
100,sc4,32,Commensurate,1.155575958231415,0.9208443716771043,1.4081978462139952,1.0
100,sc4,32,NPE,1.0790059566497803,0.45989427346542594,1.7037583259115903,1.0
100,sc4,33,PSPower,1.1966824368778788,0.9268161134023538,1.4665487603534038,1.0
100,sc4,33,IW,1.258134281533451,0.9746342311831351,1.541634331883767,1.0
100,sc4,33,Commensurate,1.1743064000556755,0.9309193121508634,1.4408796520465967,1.0
100,sc4,33,NPE,1.4664626121520996,0.7814216475332963,2.166008494446878,1.0
100,sc4,34,PSPower,0.9725653754542382,0.7457501935396803,1.1993805573687961,1.0
100,sc4,34,IW,0.8964015999914049,0.6486718274391687,1.144131372543641,1.0
100,sc4,34,Commensurate,0.9685851867652411,0.7498019972999025,1.174566826019496,1.0
100,sc4,34,NPE,0.8454461693763733,0.2583746971690115,1.4433929902415836,1.0
100,sc4,35,PSPower,0.644034226572679,0.3322763252792143,0.9557921278661436,1.0
100,sc4,35,IW,0.6669853834145505,0.33493570460365285,0.9990350622254481,1.0
100,sc4,35,Commensurate,0.6514431297004273,0.369337658374278,0.9415596527388658,1.0
100,sc4,35,NPE,1.075549602508545,0.45634800081910143,1.7028338888714893,1.0
100,sc4,36,PSPower,1.0154343205041465,0.7885837216463043,1.2422849193619887,1.0
100,sc4,36,IW,1.0420554833125066,0.801897444765896,1.2822135218591173,1.0
100,sc4,36,Commensurate,1.0017361030052008,0.7866027590539395,1.2146604377611367,1.0
100,sc4,36,NPE,1.1302411556243896,0.5406608687110526,1.7282312979333376,1.0
100,sc4,37,PSPower,0.8466708735813422,0.5999002559375591,1.0934414912251254,1.0
100,sc4,37,IW,0.8471759708140056,0.5794737898429119,1.1148781517850994,1.0
100,sc4,37,Commensurate,0.915289875986138,0.6933457300970473,1.1398858753493575,1.0
100,sc4,37,NPE,0.9425989985466003,0.3992017351909683,1.5143807988094011,1.0
100,sc4,38,PSPower,0.7953737584407198,0.5348365471477843,1.0559109697336553,1.0
100,sc4,38,IW,0.7992465177962141,0.5248234952435719,1.0736695403488565,1.0
100,sc4,38,Commensurate,0.8242700169208654,0.5937936882911107,1.0585332932437344,1.0
100,sc4,38,NPE,0.9746624231338501,0.4180637810665624,1.5198281770387347,1.0
100,sc4,39,PSPower,1.0983572727247075,0.8181455449028465,1.3785690005465685,1.0
100,sc4,39,IW,1.0385101297325445,0.7371536545390329,1.3398666049260561,1.0
100,sc4,39,Commensurate,1.0910518699682645,0.8272627170463797,1.3405965570295755,1.0
100,sc4,39,NPE,1.2032279968261719,0.641122961901476,1.7606838454707732,1.0
100,sc4,40,PSPower,1.0365312952314834,0.8147398434147195,1.2583227470482472,1.0
100,sc4,40,IW,1.0156253063686598,0.7740201889556709,1.2572304237816487,1.0
100,sc4,40,Commensurate,1.0179409362952059,0.8000279056735156,1.2360629047636102,1.0
100,sc4,40,NPE,1.1449663639068604,0.5636075948329797,1.7400003465568852,1.0
100,sc4,41,PSPower,0.8576812484212862,0.6075762374492111,1.1077862593933614,1.0
100,sc4,41,IW,0.8720357537680337,0.6026088197462183,1.141462687789849,1.0
100,sc4,41,Commensurate,0.8898559302189736,0.6505843780673182,1.1229505781430524,1.0
100,sc4,41,NPE,1.0001286268234253,0.3389570206522979,1.6629396890974006,1.0
100,sc4,42,PSPower,1.1160886947994755,0.8619871924433877,1.3701901971555632,1.0
100,sc4,42,IW,1.0773302715399966,0.7998933115649604,1.3547672315150328,1.0
100,sc4,42,Commensurate,1.09121699030971,0.8543683249125882,1.3209924510326962,1.0
100,sc4,42,NPE,1.3245598077774048,0.7022843482812934,1.9445555087348556,1.0
100,sc4,43,PSPower,1.0616511617523723,0.7859913559544651,1.3373109675502795,1.0
100,sc4,43,IW,1.0643989763863875,0.7654793067879039,1.363318645984871,1.0
100,sc4,43,Commensurate,1.0574850417414474,0.801557717639663,1.3205296774965376,1.0
100,sc4,43,NPE,1.1563948392868042,0.530208157665064,1.7851163269154813,1.0
100,sc4,44,PSPower,1.19654796743058,0.9613794664534232,1.4317164684077366,1.0
100,sc4,44,IW,1.1911104913509545,0.9408476685818548,1.4413733141200542,1.0
100,sc4,44,Commensurate,1.1754793770001697,0.9571862542775994,1.4000706096225053,1.0
100,sc4,44,NPE,1.2810806035995483,0.6574873830588286,1.8940024689148092,1.0
100,sc4,45,PSPower,1.0135360964217803,0.721279970939397,1.3057922219041638,1.0
100,sc4,45,IW,0.9670432161484533,0.6562515439455101,1.2778348883513966,1.0
100,sc4,45,Commensurate,0.9727510928490649,0.711356189032934,1.2504459601563842,1.0
100,sc4,45,NPE,1.3707995414733887,0.755644874985861,1.9847642775010672,1.0
100,sc4,46,PSPower,1.2671020172793575,1.0265486735211202,1.5076553610375947,1.0
100,sc4,46,IW,1.2592900248568881,1.0070413323181233,1.511538717395653,1.0
100,sc4,46,Commensurate,1.2828638811890352,1.0548648291113043,1.5092528976819644,1.0
100,sc4,46,NPE,1.2859058380126953,0.6600567204742637,1.9245334680762467,1.0
100,sc4,47,PSPower,1.1353376201746523,0.8778643856732301,1.3928108546760747,1.0
100,sc4,47,IW,1.1637554777034054,0.8962127266303495,1.4312982287764613,1.0
100,sc4,47,Commensurate,1.0543129383132042,0.8130222356645914,1.293209058424122,1.0
100,sc4,47,NPE,1.4869961738586426,0.8177289906164328,2.177013006162544,1.0
100,sc4,48,PSPower,0.981997908949109,0.7622671402947743,1.2017286776034437,1.0
100,sc4,48,IW,0.9888516095235949,0.7527114701923081,1.2249917488548816,1.0
100,sc4,48,Commensurate,0.9594583937690675,0.7551219541257068,1.1684841056968838,1.0
100,sc4,48,NPE,1.42489492893219,0.6591569805893426,2.1939548274393883,1.0
100,sc4,49,PSPower,0.9884739844146399,0.7270819415512684,1.2498660272780113,1.0
100,sc4,49,IW,1.053435849535647,0.7701834981668277,1.3366882009044665,1.0
100,sc4,49,Commensurate,0.9612662890615843,0.7117939779254773,1.1989793759021252,1.0
100,sc4,49,NPE,1.0853586196899414,0.39347977502899745,1.7403804497668014,1.0
100,sc5,0,PSPower,2.077264910470569,1.853503715769215,2.3010261051719234,1.0
100,sc5,0,IW,1.808118048733134,1.530529949464908,2.08570614800136,1.0
100,sc5,0,Commensurate,2.085530007201206,1.8365850127365937,2.326427284468344,1.0
100,sc5,0,NPE,1.0179606676101685,0.30327320986620904,1.7565584369488199,1.0
100,sc5,1,PSPower,1.987349869144406,1.7927581309881977,2.1819416073006144,1.0
100,sc5,1,IW,1.6643419377855928,1.4119498293556418,1.9167340462155438,1.0
100,sc5,1,Commensurate,1.9161731028965645,1.6862344037756176,2.1431928637997886,1.0
100,sc5,1,NPE,1.045999526977539,0.37874368416217336,1.7316608958063515,1.0
100,sc5,2,PSPower,1.860689392895754,1.6693300751512457,2.0520487106402623,1.0
100,sc5,2,IW,1.5173111259254037,1.2671345692707099,1.7674876825800976,1.0
100,sc5,2,Commensurate,1.675368066370681,1.4250343276065427,1.9189797182206696,1.0
100,sc5,2,NPE,0.9156560897827148,0.39006339881601165,1.4422499910166462,1.0
100,sc5,3,PSPower,1.937443981242393,1.7749478672125194,2.099940095272266,1.0
100,sc5,3,IW,1.510559164689106,1.304168557106796,1.7169497722714158,1.0
100,sc5,3,Commensurate,1.5517996373711167,1.305886393722361,1.7901545714381448,1.0
100,sc5,3,NPE,0.8907808065414429,0.2950300845052795,1.500059000142805,1.0
100,sc5,4,PSPower,1.8258954165842625,1.6353998637460403,2.016390969422485,1.0
100,sc5,4,IW,1.5954748911254586,1.3626837059658592,1.828266076285058,1.0
100,sc5,4,Commensurate,1.7764520912289936,1.5655675259666844,1.9779880816055526,1.0
100,sc5,4,NPE,1.1947734355926514,0.5644281480877958,1.7836826669284982,1.0
100,sc5,5,PSPower,2.0129931457345864,1.8419021293800109,2.184084162089162,1.0
100,sc5,5,IW,1.7836959339553895,1.5660383188381013,2.001353549072678,1.0
100,sc5,5,Commensurate,1.9570815034790972,1.7653039031217521,2.13997924163761,1.0
100,sc5,5,NPE,1.3284704685211182,0.7615936583165697,1.8947212117883432,1.0
100,sc5,6,PSPower,1.9804944225081285,1.7712250785202799,2.189763766495977,1.0
100,sc5,6,IW,1.7209561734496996,1.4589920436976571,1.9829203032017422,1.0
100,sc5,6,Commensurate,1.9819904020669281,1.7616637519575322,2.1900405996606644,1.0
100,sc5,6,NPE,1.1691642999649048,0.5762320945245594,1.751881709882113,1.0
100,sc5,7,PSPower,1.9225414283672992,1.7377207550509068,2.107362101683692,1.0
100,sc5,7,IW,1.5608242688195377,1.327911867766449,1.7937366698726265,1.0
100,sc5,7,Commensurate,1.9114787975650454,1.7122389731150167,2.1128440569588767,1.0
100,sc5,7,NPE,1.071013331413269,0.43620122416584683,1.697992458070536,1.0
100,sc5,8,PSPower,2.0873472786908485,1.8938200913307546,2.2808744660509426,1.0
100,sc5,8,IW,1.6546164172593443,1.405142437711715,1.9040903968069736,1.0
100,sc5,8,Commensurate,1.8308778361142917,1.5767027929749646,2.0558296131395157,1.0
100,sc5,8,NPE,1.231650471687317,0.546712049022856,1.9628035488555768,1.0
100,sc5,9,PSPower,1.8140374355479063,1.6259693521212968,2.002105518974516,1.0
100,sc5,9,IW,1.4431201294694218,1.2100243538244213,1.6762159051144223,1.0
100,sc5,9,Commensurate,1.6479925005411142,1.3984274470801372,1.881592060443709,1.0
100,sc5,9,NPE,0.8106573224067688,0.19141743601373168,1.4374852716337285,1.0
100,sc5,10,PSPower,1.8779888821026411,1.665674899110528,2.0903028650947544,1.0
100,sc5,10,IW,1.5334164925609515,1.2582690994195092,1.8085638857023938,1.0
100,sc5,10,Commensurate,1.9318248523210504,1.7203844855091783,2.1344357077992053,1.0
100,sc5,10,NPE,1.0752571821212769,0.4220386221219632,1.7293014945097458,1.0
100,sc5,11,PSPower,2.0036069882431966,1.8330407107943858,2.1741732656920076,1.0
100,sc5,11,IW,1.6497689857928561,1.4349361853779088,1.8646017862078035,1.0
100,sc5,11,Commensurate,1.6403639680019484,1.4080822983957337,1.8749294723122147,1.0
100,sc5,11,NPE,1.3806697130203247,0.715855827633535,2.0589674841713945,1.0
100,sc5,12,PSPower,1.8155080963286274,1.6153753125372523,2.0156408801200025,1.0
100,sc5,12,IW,1.5036325112204814,1.2516887046782195,1.7555763177627433,1.0
100,sc5,12,Commensurate,1.7191323598550448,1.471920829374765,1.9555689326106354,1.0
100,sc5,12,NPE,1.3365051746368408,0.7246985770286227,1.9547949835147582,1.0
100,sc5,13,PSPower,2.107867763791916,1.9197140443393084,2.296021483244524,1.0
100,sc5,13,IW,1.8200409763321665,1.580262556059285,2.059819396605048,1.0
100,sc5,13,Commensurate,2.0878303855689757,1.8853282298640466,2.290339834170416,1.0
100,sc5,13,NPE,1.200671672821045,0.6100193245495859,1.7711383646677408,1.0
100,sc5,14,PSPower,1.9014456202981551,1.7146743530287831,2.088216887567527,1.0
100,sc5,14,IW,1.538904207902089,1.302209554681823,1.7755988611223548,1.0
100,sc5,14,Commensurate,1.630831501213395,1.376809641276145,1.8646380155149056,1.0
100,sc5,14,NPE,1.097003698348999,0.4917826866350738,1.6881308199400598,1.0
100,sc5,15,PSPower,2.0009918791737644,1.81891464620933,2.183069112138199,1.0
100,sc5,15,IW,1.7017538989406875,1.4718157880919471,1.931692009789428,1.0
100,sc5,15,Commensurate,1.8758221448590808,1.6589467016464483,2.106923668311318,1.0
100,sc5,15,NPE,1.1968297958374023,0.5128367652024585,1.8726167981244806,1.0
100,sc5,16,PSPower,2.0503864288720983,1.8417321183772088,2.259040739366988,1.0
100,sc5,16,IW,1.7788979776167866,1.5192242210913773,2.038571734142196,1.0
100,sc5,16,Commensurate,2.06620560612051,1.8392355110384104,2.282847056172796,1.0
100,sc5,16,NPE,1.0369248390197754,0.34291887028409346,1.7633460247049808,1.0
100,sc5,17,PSPower,1.7539337904613854,1.575642842316946,1.9322247386058249,1.0
100,sc5,17,IW,1.5235189450025475,1.2844239202399026,1.7626139697651924,1.0
100,sc5,17,Commensurate,1.6392522644722727,1.4324503841798966,1.8364908828053854,1.0
100,sc5,17,NPE,1.1103729009628296,0.4798811773920932,1.7669078054383087,1.0
100,sc5,18,PSPower,1.8218242197996541,1.6043362727906538,2.0393121668086542,1.0
100,sc5,18,IW,1.4955957540279818,1.2237845861732701,1.7674069218826935,1.0
100,sc5,18,Commensurate,1.7743480936335327,1.529005693666687,2.01025100699751,1.0
100,sc5,18,NPE,1.250882863998413,0.5897684480468689,1.899379606375659,1.0
100,sc5,19,PSPower,1.9237683841271254,1.7413282922918647,2.106208475962386,1.0
100,sc5,19,IW,1.5663525049668423,1.3321929267155859,1.8005120832180987,1.0
100,sc5,19,Commensurate,1.8246414394239046,1.598167307219199,2.0386951173046564,1.0
100,sc5,19,NPE,1.0275194644927979,0.4570424732372885,1.5831291570994568,1.0
100,sc5,20,PSPower,1.771458023071836,1.5773990098486925,1.9655170362949794,1.0
100,sc5,20,IW,1.4705972038750466,1.219554542367296,1.7216398653827971,1.0
100,sc5,20,Commensurate,1.701266846944035,1.474610606067823,1.933651487879222,1.0
100,sc5,20,NPE,1.0029858350753784,0.4060400820498974,1.6194482523969536,1.0
100,sc5,21,PSPower,2.046054492475177,1.8513990079766518,2.2407099769737022,1.0
100,sc5,21,IW,1.7953926012744168,1.5547155852791457,2.036069617269688,1.0
100,sc5,21,Commensurate,1.8825210224132811,1.6333606831342098,2.116566253544014,1.0
100,sc5,21,NPE,1.0777342319488525,0.5303283808180399,1.640754582221761,1.0
100,sc5,22,PSPower,1.8364175126580777,1.6148386315628636,2.057996393753292,1.0
100,sc5,22,IW,1.541991394734824,1.259478758778899,1.8245040306907492,1.0
100,sc5,22,Commensurate,1.869051446188933,1.6530647100701499,2.080851968826716,1.0
100,sc5,22,NPE,1.0763241052627563,0.45413320031340065,1.6952902488807704,1.0
100,sc5,23,PSPower,2.038752172567407,1.8583762678227325,2.219128077312082,1.0
100,sc5,23,IW,1.8162388807225216,1.587171518120039,2.045306243325004,1.0
100,sc5,23,Commensurate,2.0202829956281434,1.8281553454392074,2.200097490667359,1.0
100,sc5,23,NPE,1.3729114532470703,0.7350831878271558,2.024415614924793,1.0
100,sc5,24,PSPower,1.914610623852069,1.7178395704160527,2.1113816772880853,1.0
100,sc5,24,IW,1.7034388944729042,1.459191173323135,1.9476866156226733,1.0
100,sc5,24,Commensurate,1.8592915174050435,1.6252989718841853,2.0861266869478716,1.0
100,sc5,24,NPE,0.9836723804473877,0.22629163930164126,1.746246874344003,1.0
100,sc5,25,PSPower,1.9805370024748725,1.8122779873220436,2.1487960176277014,1.0
100,sc5,25,IW,1.7500314357094842,1.5338816470609666,1.9661812243580017,1.0
100,sc5,25,Commensurate,1.7756171183155034,1.5511177266564666,1.99581668808632,1.0
100,sc5,25,NPE,1.2373278141021729,0.5436794914679038,1.9347802119337771,1.0
100,sc5,26,PSPower,1.943980598978694,1.7696334470337718,2.118327750923616,1.0
100,sc5,26,IW,1.6343293423853198,1.4155016459677991,1.8531570388028404,1.0
100,sc5,26,Commensurate,1.715324406549019,1.4993145474956144,1.9304220303884987,1.0
100,sc5,26,NPE,1.12153959274292,0.5345062337471483,1.7130724742690884,1.0
100,sc5,27,PSPower,2.060990245962609,1.8738233707715148,2.2481571211537026,1.0
100,sc5,27,IW,1.9026725253155647,1.6789180258701766,2.126427024760953,1.0
100,sc5,27,Commensurate,2.0039459831029705,1.7911344127314495,2.214078889134791,1.0
100,sc5,27,NPE,1.249332070350647,0.6146004837176122,1.8772341387818114,1.0
100,sc5,28,PSPower,1.9324136821802749,1.740311598319941,2.124515766040609,1.0
100,sc5,28,IW,1.6541596750642478,1.4157274103634383,1.8925919397650572,1.0
100,sc5,28,Commensurate,1.9122191857404192,1.6835661889863829,2.1173585363494474,1.0
100,sc5,28,NPE,1.0779443979263306,0.5115792085505806,1.6423680685903317,1.0
100,sc5,29,PSPower,2.0486809032988957,1.8295687337976125,2.267793072800179,1.0
100,sc5,29,IW,1.7090938653159684,1.4304152082764123,1.9877725223555245,1.0
100,sc5,29,Commensurate,2.0470443514537515,1.807052741382838,2.2788662093429264,1.0
100,sc5,29,NPE,0.9921750426292419,0.3430804690423852,1.634028541185636,1.0
100,sc5,30,PSPower,1.821869204507918,1.6113078001499601,2.0324306088658757,1.0
100,sc5,30,IW,1.5226464006147111,1.2604708149639021,1.7848219862655201,1.0
100,sc5,30,Commensurate,1.7546731588887068,1.510640938842502,1.9868043991647346,1.0
100,sc5,30,NPE,1.0774892568588257,0.4135173269227598,1.729457201620274,1.0
100,sc5,31,PSPower,1.9996615078154696,1.81909067511138,2.1802323405195594,1.0
100,sc5,31,IW,1.6590925849341718,1.4306076387177367,1.887577531150607,1.0
100,sc5,31,Commensurate,1.7634935795408764,1.5281360377193132,1.9823617047401314,1.0
100,sc5,31,NPE,1.4104052782058716,0.7904502528537598,2.0278759391608787,1.0
100,sc5,32,PSPower,2.0232358030467656,1.7880890434812495,2.2583825626122818,1.0
100,sc5,32,IW,1.7009588940913118,1.3959656089942212,2.0059521791884025,1.0
100,sc5,32,Commensurate,2.0333955349776414,1.8002573252574432,2.2626181200353153,1.0
100,sc5,32,NPE,1.2388607263565063,0.6344497773362966,1.8419482388635686,1.0
100,sc5,33,PSPower,2.0324372176574372,1.8348824665627277,2.2299919687521466,1.0
100,sc5,33,IW,1.6856591255647058,1.4282292580682694,1.9430889930611421,1.0
100,sc5,33,Commensurate,1.8479860463636149,1.6035702776801553,2.0815788405084326,1.0
100,sc5,33,NPE,1.1000666618347168,0.47180044703002194,1.71683371862417,1.0
100,sc5,34,PSPower,1.9859866178587329,1.7863449880104698,2.1856282477069957,1.0
100,sc5,34,IW,1.7226578625783824,1.472305525081851,1.9730102000749137,1.0
100,sc5,34,Commensurate,1.9283052536858578,1.6962128280986903,2.1518795216532993,1.0
100,sc5,34,NPE,1.221827745437622,0.43870032120801533,1.9962935700747808,1.0
100,sc5,35,PSPower,1.8823729598401209,1.6999359151982252,2.0648100044820166,1.0
100,sc5,35,IW,1.6356550084962758,1.3962442662393149,1.8750657507532367,1.0
100,sc5,35,Commensurate,1.741811724674558,1.5123873398902516,1.9649223889281957,1.0
100,sc5,35,NPE,0.9875043034553528,0.3093196877917287,1.6493836651765779,1.0
100,sc5,36,PSPower,2.0176614057102724,1.8379655625992306,2.1973572488213144,1.0
100,sc5,36,IW,1.7477392360633348,1.5127010240962369,1.9827774480304328,1.0
100,sc5,36,Commensurate,1.81352743296166,1.573444285354971,2.0487503998012118,1.0
100,sc5,36,NPE,1.2056633234024048,0.5843655119020967,1.8375229467388807,1.0
100,sc5,37,PSPower,1.905289946036513,1.7177100952258504,2.0928697968471752,1.0
100,sc5,37,IW,1.6379809575985471,1.3927179496670983,1.883243965529996,1.0
100,sc5,37,Commensurate,1.8634259088747476,1.649487084335765,2.0651410750972583,1.0
100,sc5,37,NPE,1.0431972742080688,0.4545021334245079,1.6113242910268444,1.0
100,sc5,38,PSPower,1.9091798420346864,1.7196129518464436,2.098746732222929,1.0
100,sc5,38,IW,1.5833134178186483,1.3412698039985835,1.825357031638713,1.0
100,sc5,38,Commensurate,1.8547139083903381,1.6276803748398057,2.065126159104584,1.0
100,sc5,38,NPE,1.0590194463729858,0.3457005865474616,1.7531701436479188,1.0
100,sc5,39,PSPower,2.076418516835221,1.890359986369158,2.2624770473012843,1.0
100,sc5,39,IW,1.8492823812164547,1.6152497917707915,2.083314970662118,1.0
100,sc5,39,Commensurate,1.9148986093228395,1.6875779047043618,2.134283702068305,1.0
100,sc5,39,NPE,1.5002021789550781,0.8625249372282406,2.1542408775571773,1.0
100,sc5,40,PSPower,1.8609565758628637,1.656723720135685,2.065189431590042,1.0
100,sc5,40,IW,1.5230018289425404,1.2612050922321425,1.7847985656529384,1.0
100,sc5,40,Commensurate,1.7310614158647122,1.4806183982350618,1.9777242141654159,1.0
100,sc5,40,NPE,0.8599736094474792,0.2732197165078449,1.4501959558298716,1.0
100,sc5,41,PSPower,2.028797310635862,1.8024315736752214,2.2551630475965023,1.0
100,sc5,41,IW,1.7458755320392954,1.4492285898762416,2.0425224742023493,1.0
100,sc5,41,Commensurate,2.0850220591123745,1.849064480765524,2.313540128992423,1.0
100,sc5,41,NPE,1.3518189191818237,0.7365591249907829,1.9380322385506328,1.0
100,sc5,42,PSPower,2.0397864322530226,1.8435698899963087,2.2360029745097365,1.0
100,sc5,42,IW,1.6648145293973275,1.417950494805717,1.911678563988938,1.0
100,sc5,42,Commensurate,2.041635544778837,1.8167095897661731,2.265552530299102,1.0
100,sc5,42,NPE,0.9822045564651489,0.3905713669369282,1.5797900082532144,1.0
100,sc5,43,PSPower,1.789689104904228,1.6238646564862127,1.9555135533222434,1.0
100,sc5,43,IW,1.357722003002655,1.1451485736162028,1.5702954323891074,1.0
100,sc5,43,Commensurate,1.3548191271534333,1.1147304524257526,1.5935160898222127,1.0
100,sc5,43,NPE,0.884976327419281,0.28402153314010753,1.4739960708431545,1.0
100,sc5,44,PSPower,1.9695903883146675,1.7892251585376857,2.1499556180916493,1.0
100,sc5,44,IW,1.7494500582123456,1.5186757115992693,1.9802244048254218,1.0
100,sc5,44,Commensurate,1.9640533816902257,1.7502172130615992,2.1666379436903367,1.0
100,sc5,44,NPE,1.3678662776947021,0.6998660424862388,2.0461909402352756,1.0
100,sc5,45,PSPower,2.100004943185475,1.8898081470802317,2.3102017392907177,1.0
100,sc5,45,IW,1.8412247754630056,1.5776426532814707,2.1048068976445404,1.0
100,sc5,45,Commensurate,1.9967013657107417,1.760786747150517,2.2416778130905266,1.0
100,sc5,45,NPE,1.0807846784591675,0.4501601835395917,1.705245772041145,1.0
100,sc5,46,PSPower,1.9875833237549931,1.760995922493475,2.214170725016511,1.0
100,sc5,46,IW,1.6851180234205647,1.3940886561148182,1.9761473907263112,1.0
100,sc5,46,Commensurate,2.0018154159667265,1.7708712045501427,2.224792813515867,1.0
100,sc5,46,NPE,1.0269569158554077,0.34549742187872556,1.6858449271864009,1.0
100,sc5,47,PSPower,2.1656342794504493,1.9602333571611716,2.3710352017397267,1.0
100,sc5,47,IW,1.989511044903651,1.74331042407016,2.235711665737142,1.0
100,sc5,47,Commensurate,2.1366724730615223,1.9105004885007366,2.3659398279123534,1.0
100,sc5,47,NPE,1.1787385940551758,0.5157852243237767,1.8377606025024444,1.0
100,sc5,48,PSPower,1.862991788346447,1.6336233590907012,2.092360217602193,1.0
100,sc5,48,IW,1.5375232838381248,1.2553468334330962,1.8196997342431533,1.0
100,sc5,48,Commensurate,1.9397644380566053,1.7115251508254234,2.161185769459525,1.0
100,sc5,48,NPE,1.2343626022338867,0.5921408045336719,1.8913797360704847,1.0
100,sc5,49,PSPower,1.937976495584705,1.772287406933909,2.1036655842355008,1.0
100,sc5,49,IW,1.5962782746393864,1.3875887870670232,1.8049677622117497,1.0
100,sc5,49,Commensurate,1.7429324210767663,1.5269884494869446,1.9462897648155129,1.0
100,sc5,49,NPE,1.101076364517212,0.5566489224102236,1.6542362276116558,1.0
100,sc6,0,PSPower,1.3460280572697303,1.0934828864205353,1.5985732281189253,1.0
100,sc6,0,IW,1.1307618803347472,0.860978510083735,1.4005452505857594,1.0
100,sc6,0,Commensurate,1.339632268995046,1.1023028709384777,1.5843987937160697,1.0
100,sc6,0,NPE,1.1301934719085693,0.5384257234055305,1.7408604859447563,1.0
100,sc6,1,PSPower,1.3825665202694524,1.1122837074205019,1.6528493331184029,1.0
100,sc6,1,IW,1.1065093801801351,0.8215986972478955,1.3914200631123748,1.0
100,sc6,1,Commensurate,1.1843885608891815,0.8945103594736987,1.484582971548375,1.0
100,sc6,1,NPE,0.9906324744224548,0.44972515920376227,1.5083069346786313,1.0
100,sc6,2,PSPower,1.1687310468779821,0.8984958240541708,1.4389662697017935,1.0
100,sc6,2,IW,0.9421627914138373,0.6586869106311064,1.2256386721965682,1.0
100,sc6,2,Commensurate,1.0939364596090777,0.8272030152387849,1.3743381308465172,1.0
100,sc6,2,NPE,0.8152274489402771,0.2340679009552656,1.3801253405028602,1.0
100,sc6,3,PSPower,0.9977869156379071,0.7862035497260017,1.2093702815498126,1.0
100,sc6,3,IW,0.8438434397939985,0.6194407915812458,1.068246088006751,1.0
100,sc6,3,Commensurate,0.8666491758686465,0.6395176625344512,1.0938301137297741,1.0
100,sc6,3,NPE,0.8308055400848389,0.34047781380010483,1.3069451965395418,1.0
100,sc6,4,PSPower,1.464161728984022,1.1951234213762687,1.7332000365917755,1.0
100,sc6,4,IW,1.2097073241961291,0.9194704339384063,1.499944214453852,1.0
100,sc6,4,Commensurate,1.3416442016156134,1.0749767670646,1.6118105242785246,1.0
100,sc6,4,NPE,0.861325740814209,0.30819712203069727,1.4286411082824115,1.0
100,sc6,5,PSPower,1.0966404685812436,0.7900525929612635,1.4032283442012239,1.0
100,sc6,5,IW,0.8162610456415388,0.49009159848790296,1.1424304927951745,1.0
100,sc6,5,Commensurate,1.0765697508237704,0.7901186416776408,1.3658621996630556,1.0
100,sc6,5,NPE,0.9495151042938232,0.2658273242795698,1.6285745347375569,1.0
100,sc6,6,PSPower,1.2131686815232121,0.9508552685631605,1.4754820944832638,1.0
100,sc6,6,IW,0.9738861338482119,0.6989745902513564,1.2487976774450673,1.0
100,sc6,6,Commensurate,1.0590014632821658,0.7978768915586033,1.3200492475658125,1.0
100,sc6,6,NPE,1.0158923864364624,0.39239861785321356,1.668053553821631,1.0
100,sc6,7,PSPower,1.3175065007114293,1.0674028258177892,1.5676101756050693,1.0
100,sc6,7,IW,1.015393154750833,0.7445901929857219,1.2861961165159441,1.0
100,sc6,7,Commensurate,1.206164189581705,0.9410428950806589,1.4740932676913683,1.0
100,sc6,7,NPE,1.027971625328064,0.3636536436123803,1.6750627173853663,1.0
100,sc6,8,PSPower,1.4984232431012123,1.2531575422351156,1.7436889439673091,1.0
100,sc6,8,IW,1.2519699506308863,0.9866052739749249,1.5173346272868478,1.0
100,sc6,8,Commensurate,1.3318569613764968,1.0710939668539583,1.590050527662855,1.0
100,sc6,8,NPE,1.1268415451049805,0.5391220538411253,1.7392515709575953,1.0
100,sc6,9,PSPower,1.261485542029901,1.0024170532738206,1.5205540307859813,1.0
100,sc6,9,IW,0.9575403545106453,0.6802240182152819,1.2348566908060088,1.0
100,sc6,9,Commensurate,1.0599934544991967,0.7711462593492421,1.3405151357479574,1.0
100,sc6,9,NPE,0.9112257957458496,0.3792327337654713,1.4095648928315392,1.0
100,sc6,10,PSPower,1.1099785982037442,0.8445087747620521,1.3754484216454363,1.0
100,sc6,10,IW,0.8731923783260985,0.5964318931895791,1.149952863462618,1.0
100,sc6,10,Commensurate,1.0374116423687318,0.7688757581317559,1.2939272476282337,1.0
100,sc6,10,NPE,0.9544721245765686,0.4054006711362059,1.506254662170119,1.0
100,sc6,11,PSPower,1.0933683405937096,0.8773175721748407,1.3094191090125784,1.0
100,sc6,11,IW,0.933308600201161,0.7011106605285422,1.1655065398737798,1.0
100,sc6,11,Commensurate,0.9355889269044076,0.7173670459865968,1.1621667651727767,1.0
100,sc6,11,NPE,0.8890981078147888,0.33216380805350276,1.455353737191184,1.0
100,sc6,12,PSPower,1.397857226590856,1.153489253308592,1.6422251998731199,1.0
100,sc6,12,IW,1.1930158970140856,0.9321300573082929,1.4539017367198783,1.0
100,sc6,12,Commensurate,1.2943006842656921,1.0380104393579996,1.5320787982440887,1.0
100,sc6,12,NPE,0.9769846200942993,0.4891287366628108,1.4465750458740207,1.0
100,sc6,13,PSPower,1.339312751915776,1.132143550895539,1.5464819529360128,1.0
100,sc6,13,IW,1.1635513842517402,0.9423899654638538,1.3847128030396267,1.0
100,sc6,13,Commensurate,1.1637833832772575,0.9437902653510704,1.3852917456043423,1.0
100,sc6,13,NPE,1.2331652641296387,0.697221006401968,1.775382490346531,1.0
100,sc6,14,PSPower,1.3677438981341632,1.0884529160495797,1.6470348802187467,1.0
100,sc6,14,IW,1.0813432722065244,0.7750518691379739,1.3876346752750748,1.0
100,sc6,14,Commensurate,1.295439121508416,1.025936146399278,1.5710228358232825,1.0
100,sc6,14,NPE,1.0205442905426025,0.3091594287500006,1.7190291212841124,1.0
100,sc6,15,PSPower,1.0979263639420258,0.7617027142803858,1.4341500136036658,1.0
100,sc6,15,IW,0.8257869321862644,0.46766777238823515,1.1839060919842936,1.0
100,sc6,15,Commensurate,0.9740713662598788,0.642507302356686,1.2862798015170764,1.0
100,sc6,15,NPE,0.823573887348175,0.23755306376825716,1.4009250535407745,1.0
100,sc6,16,PSPower,1.4218897390300778,1.1912772590659557,1.6525022189941998,1.0
100,sc6,16,IW,1.241040405330569,0.9960379607716118,1.4860428498895262,1.0
100,sc6,16,Commensurate,1.356859608692957,1.1327252719769931,1.5790422587335067,1.0
100,sc6,16,NPE,1.1699936389923096,0.5646767451801153,1.767581531033401,1.0
100,sc6,17,PSPower,1.333683551833568,1.1014551759402456,1.5659119277268903,1.0
100,sc6,17,IW,0.9800741246314288,0.7318781215274831,1.2282701277353745,1.0
100,sc6,17,Commensurate,0.9287170709170921,0.6764805485170574,1.1696701527006828,1.0
100,sc6,17,NPE,1.118129014968872,0.5765430689984586,1.6498563446310925,1.0
100,sc6,18,PSPower,1.398061438728044,1.1564341987758182,1.6396886786802696,1.0
100,sc6,18,IW,1.1275894794480914,0.8668952251246294,1.3882837337715535,1.0
100,sc6,18,Commensurate,1.2502924858561781,0.9981658563872412,1.5016019934752005,1.0
100,sc6,18,NPE,1.008824110031128,0.5231192701399532,1.5098602450787264,1.0
100,sc6,19,PSPower,1.310775776552535,1.068098916251889,1.553452636853181,1.0
100,sc6,19,IW,1.125968844703796,0.8641991301503369,1.3877385592572553,1.0
100,sc6,19,Commensurate,1.1701671878250937,0.9185067858502944,1.4092645265956332,1.0
100,sc6,19,NPE,1.241955041885376,0.6245541664094891,1.8540153965110455,1.0
100,sc6,20,PSPower,1.2934692686445637,1.0370711552950331,1.5498673819940942,1.0
100,sc6,20,IW,1.0822344556177217,0.8085055905164216,1.3559633207190218,1.0
100,sc6,20,Commensurate,1.274924640209082,1.011221072633865,1.5317809048292133,1.0
100,sc6,20,NPE,1.0706290006637573,0.4929177035472358,1.6387805735652452,1.0
100,sc6,21,PSPower,1.3928581313072472,1.129197495277675,1.6565187673368194,1.0
100,sc6,21,IW,1.1354508977968352,0.8502300580320106,1.4206717375616598,1.0
100,sc6,21,Commensurate,1.2787327755748783,1.0037815336362592,1.5377318240212623,1.0
100,sc6,21,NPE,1.110983967781067,0.5272334582701532,1.7197905344044244,1.0
100,sc6,22,PSPower,1.5505859153000368,1.3120522863763107,1.7891195442237628,1.0
100,sc6,22,IW,1.2533765378257722,0.990972374931558,1.5157807007199864,1.0
100,sc6,22,Commensurate,1.3470690904460592,1.0783745444018524,1.594977862436933,1.0
100,sc6,22,NPE,1.2624250650405884,0.566154834371649,1.9539294704371484,1.0
100,sc6,23,PSPower,1.1239148084026707,0.8468091739367606,1.4010204428685809,1.0
100,sc6,23,IW,0.8806444657299957,0.5862010277226195,1.1750879037373718,1.0
100,sc6,23,Commensurate,1.0380177352540245,0.7653253300649852,1.314784492956469,1.0
100,sc6,23,NPE,0.9876388907432556,0.3679613138091292,1.587661454182239,1.0
100,sc6,24,PSPower,1.4260363109458845,1.1511902718200488,1.70088235007172,1.0
100,sc6,24,IW,1.1862219863768408,0.8894954988933135,1.4829484738603682,1.0
100,sc6,24,Commensurate,1.3965569185660716,1.1318188177473731,1.6552831875206238,1.0
100,sc6,24,NPE,0.9402828216552734,0.37626316738206356,1.4981324156419549,1.0
100,sc6,25,PSPower,1.420790342133241,1.141247889205527,1.700332795060955,1.0
100,sc6,25,IW,1.1874291241244874,0.8867492701707772,1.4881089780781975,1.0
100,sc6,25,Commensurate,1.373776944149099,1.1077766674052671,1.630903501004304,1.0
100,sc6,25,NPE,1.046816349029541,0.43129482355809684,1.641490587603087,1.0
100,sc6,26,PSPower,1.3661971084675582,1.1089928897751649,1.6234013271599514,1.0
100,sc6,26,IW,1.0847256858366026,0.8053400632586791,1.364111308414526,1.0
100,sc6,26,Commensurate,1.167168293328511,0.895085705711235,1.4331672179128083,1.0
100,sc6,26,NPE,1.0618234872817993,0.5474271700631621,1.5687866560232357,1.0
100,sc6,27,PSPower,0.954329791236421,0.6670817670533686,1.2415778154194734,1.0
100,sc6,27,IW,0.7340310091435622,0.4291273557797015,1.038934662507423,1.0
100,sc6,27,Commensurate,0.9889101475229852,0.7303482609974757,1.2530525648912862,1.0
100,sc6,27,NPE,0.8870775699615479,0.30696919148681207,1.468741326487345,1.0
100,sc6,28,PSPower,1.1897394799166812,0.9294357783918923,1.45004318144147,1.0
100,sc6,28,IW,0.9077065132555117,0.6274030878957382,1.1880099386152851,1.0
100,sc6,28,Commensurate,1.0666549789879518,0.8032949150890676,1.3409675757885062,1.0
100,sc6,28,NPE,0.863469660282135,0.2690618584125922,1.4721121628336868,1.0
100,sc6,29,PSPower,1.3495364189741654,1.1233742363325545,1.5756986016157764,1.0
100,sc6,29,IW,1.143228409497589,0.902625726346741,1.3838310926484372,1.0
100,sc6,29,Commensurate,1.2284212151002936,0.9879025202251089,1.4579515592041803,1.0
100,sc6,29,NPE,1.611672043800354,1.074628533884559,2.132224334682326,1.0
100,sc6,30,PSPower,1.6008314320920245,1.374390406637335,1.827272457546714,1.0
100,sc6,30,IW,1.3483432543038194,1.097065485388053,1.5996210232195858,1.0
100,sc6,30,Commensurate,1.3239051277195926,1.0666997968376304,1.5702214681728994,1.0
100,sc6,30,NPE,1.3687326908111572,0.7712827120473634,1.937692530551152,1.0
100,sc6,31,PSPower,1.0896610477483715,0.8248834249436505,1.3544386705530924,1.0
100,sc6,31,IW,0.8955884029468496,0.620045913070276,1.1711308928234232,1.0
100,sc6,31,Commensurate,1.0033741031356536,0.7299854625444256,1.260586891240355,1.0
100,sc6,31,NPE,1.2601690292358398,0.6896335619359009,1.8271286633056614,1.0
100,sc6,32,PSPower,1.264744291953496,1.0113081182408497,1.5181804656661422,1.0
100,sc6,32,IW,0.9413952030349966,0.6727529617635957,1.2100374443063975,1.0
100,sc6,32,Commensurate,0.9915722936504021,0.7272319931698842,1.260883034286966,1.0
100,sc6,32,NPE,0.9007798433303833,0.4202667620229139,1.381391252494441,1.0
100,sc6,33,PSPower,1.4707071801283096,1.1960421781714656,1.7453721820851535,1.0
100,sc6,33,IW,1.2145867310141751,0.9132021342573495,1.5159713277710007,1.0
100,sc6,33,Commensurate,1.3851184924688413,1.1321191354076374,1.6541072570195037,1.0
100,sc6,33,NPE,1.3177082538604736,0.693210946974722,1.9304980189392713,1.0
100,sc6,34,PSPower,1.4715157253229736,1.202080521336656,1.740950929309291,1.0
100,sc6,34,IW,1.1849871294447494,0.8952181717929182,1.4747560870965806,1.0
100,sc6,34,Commensurate,1.3727805051770139,1.1106150231046645,1.6148920042598744,1.0
100,sc6,34,NPE,0.8016855716705322,0.2779930674977413,1.332666804427129,1.0
100,sc6,35,PSPower,1.2093104290509609,0.9502549613046218,1.4683658967973,1.0
100,sc6,35,IW,1.0358111644559038,0.7626398300491819,1.3089824988626257,1.0
100,sc6,35,Commensurate,1.0929436342338443,0.8367458202545219,1.3536343498608803,1.0
100,sc6,35,NPE,1.0475138425827026,0.4629282636471254,1.6283546731234957,1.0
100,sc6,36,PSPower,1.3675956616985323,1.0706817767058292,1.6645095466912354,1.0
100,sc6,36,IW,1.152200943938955,0.8339765357495608,1.470425352128349,1.0
100,sc6,36,Commensurate,1.4048691973750338,1.1337517495532525,1.6827880381893066,1.0
100,sc6,36,NPE,1.089748501777649,0.47647944723976293,1.715144789984293,1.0
100,sc6,37,PSPower,1.2242799120666552,0.9621385152528712,1.4864213088804392,1.0
100,sc6,37,IW,0.9108812527188533,0.619431915158277,1.2023305902794297,1.0
100,sc6,37,Commensurate,1.0408138833201952,0.7584900388147822,1.3099362055158614,1.0
100,sc6,37,NPE,0.9834799766540527,0.4175055115941588,1.5481644208806749,1.0
100,sc6,38,PSPower,1.6288511917448092,1.402596158919228,1.8551062245703904,1.0
100,sc6,38,IW,1.305910770270004,1.0568487993249502,1.5549727412150576,1.0
100,sc6,38,Commensurate,1.4192360949668033,1.168135497096794,1.660520045512745,1.0
100,sc6,38,NPE,1.0886269807815552,0.5584297115399353,1.5981148480666438,1.0
100,sc6,39,PSPower,1.5367959029029359,1.2804722813545395,1.7931195244513323,1.0
100,sc6,39,IW,1.215936342044921,0.9326192997228934,1.4992533843669484,1.0
100,sc6,39,Commensurate,1.4500008301593756,1.1803882831123527,1.7213787616924792,1.0
100,sc6,39,NPE,1.2455215454101562,0.7468908437487324,1.7419750484283347,1.0
100,sc6,40,PSPower,1.520034256844993,1.236065559132514,1.8040029545574718,1.0
100,sc6,40,IW,1.3083939856885058,1.0033365048251948,1.613451466551817,1.0
100,sc6,40,Commensurate,1.5060979934538041,1.2422253887892174,1.7649633925033896,1.0
100,sc6,40,NPE,1.4779224395751953,0.8162743119735666,2.138654444193623,1.0
100,sc6,41,PSPower,1.4255578395982573,1.2123805645772547,1.63873511461926,1.0
100,sc6,41,IW,1.2334676764751846,1.0041622788261262,1.462773074124243,1.0
100,sc6,41,Commensurate,1.2713000245233792,1.0506647159992357,1.483958122811222,1.0
100,sc6,41,NPE,1.0987179279327393,0.5145838899180042,1.659981797553014,1.0
100,sc6,42,PSPower,1.5318671180144323,1.2446070003003453,1.8191272357285193,1.0
100,sc6,42,IW,1.1717812061829247,0.8576448175120908,1.4859175948537586,1.0
100,sc6,42,Commensurate,1.4602586647730067,1.157544784434268,1.7447963799059654,1.0
100,sc6,42,NPE,1.1779998540878296,0.5937644856661791,1.7593418655446589,1.0
100,sc6,43,PSPower,1.273992115973429,1.0152584461604197,1.5327257857864385,1.0
100,sc6,43,IW,1.0077237644416945,0.7233271826070289,1.2921203462763602,1.0
100,sc6,43,Commensurate,1.2110028515069375,0.9540721135827378,1.4662026671283628,1.0
100,sc6,43,NPE,1.2032296657562256,0.4509842068999016,1.9119918561851712,1.0
100,sc6,44,PSPower,1.5067425610743128,1.267879288058093,1.7456058340905327,1.0
100,sc6,44,IW,1.2327746201438314,0.9755219632204617,1.4900272770672012,1.0
100,sc6,44,Commensurate,1.2655101888052782,1.0151812292707185,1.5116066907861352,1.0
100,sc6,44,NPE,1.321042776107788,0.7939855849303247,1.8373334838842088,1.0
100,sc6,45,PSPower,1.0932741636111185,0.8363420615747248,1.3502062656475122,1.0
100,sc6,45,IW,0.8569689149069086,0.5887199556241475,1.1252178741896697,1.0
100,sc6,45,Commensurate,0.9675335255860289,0.7013168922726024,1.2232455050800721,1.0
100,sc6,45,NPE,0.9553461670875549,0.44056257376640084,1.4673961600135323,1.0
100,sc6,46,PSPower,1.4578657074422026,1.2140245095154156,1.7017069053689895,1.0
100,sc6,46,IW,1.2410621076494524,0.9714613465946634,1.5106628687042414,1.0
100,sc6,46,Commensurate,1.4077410753771813,1.1656726539940605,1.646483077874454,1.0
100,sc6,46,NPE,1.0338513851165771,0.42418870132634307,1.667068655181145,1.0
100,sc6,47,PSPower,1.23982332633402,0.9855531393947274,1.4940935132733124,1.0
100,sc6,47,IW,0.9698252517972628,0.6990271383711621,1.2406233652233634,1.0
100,sc6,47,Commensurate,1.2109774040623091,0.951183562174398,1.4753161581669216,1.0
100,sc6,47,NPE,1.0568135976791382,0.4769013715949084,1.6238261634992042,1.0
100,sc6,48,PSPower,1.1683864566805808,0.9322462246001171,1.4045266887610446,1.0
100,sc6,48,IW,0.9908231191452779,0.7417971925306259,1.2398490457599298,1.0
100,sc6,48,Commensurate,1.2280515210838312,1.004918986816565,1.4441555635167393,1.0
100,sc6,48,NPE,0.9729901552200317,0.4257145991293421,1.55192117234862,1.0
100,sc6,49,PSPower,1.3429263202763857,1.05520772551666,1.6306449150361113,1.0
100,sc6,49,IW,1.0572937094202406,0.7434517621421849,1.3711356566982964,1.0
100,sc6,49,Commensurate,1.2346654144126643,0.9494395462078545,1.5240665723669882,1.0
100,sc6,49,NPE,0.9966430068016052,0.4934761393181857,1.521175797607646,1.0
